:020000040800F2
:10000000000002202D530008C54E0008CD4E000808
:10001000D54E0008DD4E0008E54E00080000000047
:1000200000000000000000000000000001C0000807
:10003000ED4E00080000000051C20008FB4E000811
:100040007D5300087D5300087D5300087D53000850
:100050007D5300087D5300087D5300087D53000840
:100060007D5300087D5300087D5300087D53000830
:100070007D5300087D5300087D5300087D53000820
:100080007D5300087D5300087D5300087D53000810
:100090007D5300087D5300087D5300087D53000800
:1000A0007D5300087D5300087D5300087D530008F0
:1000B0007D5300087D5300087D5300087D530008E0
:1000C0007D5300087D5300087D5300087D530008D0
:1000D0007D5300087D5300087D530008154F00082C
:1000E0007D5300087D5300087D5300087D530008B0
:1000F0007D5300087D530008294F00087D530008F8
:100100007D5300087D5300087D5300087D5300088F
:100110007D5300087D5300087D5300087D5300087F
:100120003D4F00087D5300087D5300087D530008B3
:100130007D5300087D5300087D5300087D5300085F
:100140007D5300087D5300087D5300087D5300084F
:100150007D5300087D5300087D5300087D5300083F
:100160007D5300087D5300087D5300087D5300082F
:100170007D5300087D5300087D53000800000000F7
:080180007D5300087D530008C7
:1001900010B5054C237833B9044B13B10448AFF3C1
:1001A00000800123237010BDE80100200000000042
:1001B000F4FE000808B5034B1BB103490348AFF335
:1001C000008008BD00000000EC010020F4FE0008E3
:1001D00010F8012B11F8013B012A28BF9A42F7D0F1
:1001E000D01A70470000000000000000000000006E
:1001F00001F0FF01102A2BDB10F0070F08D010F8D8
:10020000013B013A8B422DD010F0070F42B3F6D1DB
:10021000F0B441EA012141EA014122F007047FF0F4
:1002200000070023F0E80256083C85EA010586EA4B
:10023000010685FA47F5A3FA87F586FA47F6A5FA87
:1002400087F68EB9EED1F0BC01F0FF0102F0070293
:1002500032B110F8013B013A83EA010313B1F8D13E
:100260000020704701387047002D06BF354603381F
:10027000073815F0010F07D1013015F4807F02BF58
:10028000013015F4C03F0130F0BC0138704700BFA9
:10029000034613F8012B002AFBD1181A01387047C6
:1002A00081F0004102E000BF83F0004330B54FEA27
:1002B00041044FEA430594EA050F08BF90EA020F94
:1002C0001FBF54EA000C55EA020C7FEA645C7FEA27
:1002D000655C00F0E2804FEA5454D4EB5555B8BF4A
:1002E0006D420CDD2C4480EA020281EA030382EABB
:1002F000000083EA010180EA020281EA0303362D4D
:1003000088BF30BD11F0004F4FEA01314FF4801C1F
:100310004CEA113102D0404261EB410113F0004F31
:100320004FEA03334CEA133302D0524263EB4303E8
:1003300094EA050F00F0A780A4F10104D5F1200E86
:100340000DDB02FA0EFC22FA05F2801841F10001E1
:1003500003FA0EF2801843FA05F359410EE0A5F1B5
:1003600020050EF1200E012A03FA0EFC28BF4CF0E6
:10037000020C43FA05F3C01851EBE37101F000459C
:1003800007D54FF0000EDCF1000C7EEB00006EEBA9
:100390000101B1F5801F1BD3B1F5001F0CD3490833
:1003A0005FEA30004FEA3C0C04F101044FEA44528A
:1003B00012F5800F80F09A80BCF1004F08BF5FEA11
:1003C000500C50F1000041EB045141EA050130BDF1
:1003D0005FEA4C0C404141EB0101013C28BFB1F503
:1003E000801FE9D291F0000F04BF01460020B1FA4E
:1003F00081F308BF2033A3F10B03B3F120020CDA21
:100400000C3208DD02F1140CC2F10C0201FA0CF0FE
:1004100021FA02F10CE002F11402D8BFC2F1200C63
:1004200001FA02F120FA0CFCDCBF41EA0C01904019
:10043000E41AA2BF01EB0451294330BD6FEA040462
:100440001F3C1CDA0C340EDC04F11404C4F120024D
:1004500020FA04F001FA02F340EA030021FA04F35F
:1004600045EA030130BDC4F10C04C4F1200220FAB6
:1004700002F001FA04F340EA0300294630BD21FAF4
:1004800004F0294630BD94F0000F83F4801306BFBA
:1004900081F480110134013D4EE77FEA645C18BFAE
:1004A0007FEA655C29D094EA050F08BF90EA020F45
:1004B00005D054EA000C04BF1946104630BD91EA3D
:1004C000030F1EBF0021002030BD5FEA545C05D140
:1004D0004000494128BF41F0004130BD14F580047F
:1004E0003CBF01F5801130BD01F0004545F0FE41F3
:1004F00041F470014FF0000030BD7FEA645C1ABF28
:10050000194610467FEA655C1CBF0B46024650EA5E
:10051000013406BF52EA033591EA030F41F400218A
:1005200030BD00BF90F0000F04BF0021704730B510
:100530004FF4806404F132044FF000054FF00001E5
:1005400050E700BF90F0000F04BF0021704730B5A6
:100550004FF4806404F1320410F0004548BF40427B
:100560004FF000013EE700BF42004FEAE2014FEAD0
:1005700031014FEA02701FBF12F07F4393F07F4FAB
:1005800081F06051704732F07F4208BF704793F0AE
:100590007F4F04BF41F40021704730B54FF46074C1
:1005A00001F0004521F000411CE700BF50EA0102C4
:1005B00008BF704730B54FF000050AE050EA01026D
:1005C00008BF704730B511F0004502D5404261EBDD
:1005D00041014FF4806404F132045FEA915C3FF41E
:1005E000D8AE4FF003025FEADC0C18BF03325FEABB
:1005F000DC0C18BF033202EBDC02C2F1200300FA6C
:1006000003FC20FA02F001FA03FE40EA0E0021FA90
:1006100002F11444BDE600BF70B54FF0FF0C4CF47E
:10062000E06C1CEA11541DBF1CEA135594EA0C0F30
:1006300095EA0C0F00F0DEF82C4481EA030621EA6B
:100640004C5123EA4C5350EA013518BF52EA0335A6
:1006500041F4801143F4801338D0A0FB02CE4FF058
:100660000005E1FB02E506F00042E0FB03E54FF088
:100670000006E1FB03569CF0000F18BF4EF0010E80
:10068000A4F1FF04B6F5007F64F5407404D25FEA7C
:100690004E0E6D4146EB060642EAC62141EA55512F
:1006A0004FEAC52040EA5E504FEACE2EB4F1FD0C71
:1006B00088BFBCF5E06F1ED8BEF1004F08BF5FEAEF
:1006C000500E50F1000041EB045170BD06F00046A1
:1006D00046EA010140EA020081EA0301B4EB5C044E
:1006E000C2BFD4EB0C0541EA045170BD41F4801146
:1006F0004FF0000E013C00F3AB8014F1360FDEBF6B
:10070000002001F0004170BDC4F10004203C35DA46
:100710000C341BDC04F11404C4F1200500FA05F3C9
:1007200020FA04F001FA05F240EA020001F000426A
:1007300021F0004110EBD37021FA04F642EB0601E0
:100740005EEA430E08BF20EAD37070BDC4F10C040A
:10075000C4F1200500FA04F320FA05F001FA04F2CE
:1007600040EA020001F0004110EBD37041F10001BA
:100770005EEA430E08BF20EAD37070BDC4F12005C5
:1007800000FA05F24EEA020E20FA04F301FA05F22D
:1007900043EA020321FA04F001F0004121FA04F2D5
:1007A00020EA020000EBD3705EEA430E08BF20EAA5
:1007B000D37070BD94F0000F0FD101F000464000DF
:1007C00041EB010111F4801F08BF013CF7D041EA61
:1007D000060195F0000F18BF704703F00046520065
:1007E00043EB030313F4801F08BF013DF7D043EA36
:1007F0000603704794EA0C0F0CEA135518BF95EAEC
:100800000C0F0CD050EA410618BF52EA4306D1D172
:1008100081EA030101F000414FF0000070BD50EA91
:10082000410606BF1046194652EA430619D094EA1B
:100830000C0F02D150EA013613D195EA0C0F05D105
:1008400052EA03361CBF104619460AD181EA030159
:1008500001F0004141F0FE4141F470014FF0000011
:1008600070BD41F0FE4141F4780170BD70B54FF0AC
:10087000FF0C4CF4E06C1CEA11541DBF1CEA13552C
:1008800094EA0C0F95EA0C0F00F0A7F8A4EB05040E
:1008900081EA030E52EA03354FEA013100F0888005
:1008A0004FEA03334FF0805545EA131343EA1263CE
:1008B0004FEA022245EA111545EA10654FEA002683
:1008C0000EF000419D4208BF964244F1FD0404F53C
:1008D000407402D25B084FEA3202B61A65EB030598
:1008E0005B084FEA32024FF480104FF4002CB6EB55
:1008F000020E75EB030E22BFB61A754640EA0C00D5
:100900005B084FEA3202B6EB020E75EB030E22BF14
:10091000B61A754640EA5C005B084FEA3202B6EB55
:10092000020E75EB030E22BFB61A754640EA9C0014
:100930005B084FEA3202B6EB020E75EB030E22BFE4
:10094000B61A754640EADC0055EA060E18D04FEAA2
:10095000051545EA16754FEA06164FEAC30343EA42
:1009600052734FEAC2025FEA1C1CC0D111F4801F0F
:100970000BD141EA00014FF000004FF0004CB6E708
:1009800011F4801F04BF01430020B4F1FD0C88BFA7
:10099000BCF5E06F3FF6AFAEB5EB030C04BFB6EBB2
:1009A000020C5FEA500C50F1000041EB045170BDA5
:1009B0000EF0004E4EEA113114EB5C04C2BFD4EBD2
:1009C0000C0541EA045170BD41F480114FF0000E56
:1009D000013C90E645EA060E8DE60CEA135594EAD2
:1009E0000C0F08BF95EA0C0F3FF43BAF94EA0C0FD5
:1009F0000AD150EA01347FF434AF95EA0C0F7FF44A
:100A000025AF104619462CE795EA0C0F06D152EA9D
:100A100003353FF4FDAE1046194622E750EA410681
:100A200018BF52EA43067FF4C5AE50EA41047FF492
:100A30000DAF52EA43057FF4EBAE12E74FF0FF3CF7
:100A400006E000BF4FF0010C02E000BF4FF0010CC8
:100A50004DF804CD4FEA410C7FEA6C5C4FEA430C41
:100A600018BF7FEA6C5C1BD001B050EA410C0CBF90
:100A700052EA430C91EA030F02BF90EA020F0020F2
:100A8000704710F1000F91EA030F58BF994208BF59
:100A900090422CBFD8176FEAE37040F00100704716
:100AA0004FEA410C7FEA6C5C02D150EA013C07D16D
:100AB0004FEA430C7FEA6C5CD6D152EA033CD3D0B8
:100AC0005DF8040B704700BF8446104662468C46B2
:100AD0001946634600E000BF01B5FFF7B7FF0028E5
:100AE00048BF10F1000F01BD4DF808EDFFF7F4FF0E
:100AF0000CBF012000205DF808FB00BF4DF808ED99
:100B0000FFF7EAFF34BF012000205DF808FB00BFBB
:100B10004DF808EDFFF7E0FF94BF012000205DF8DD
:100B200008FB00BF4DF808EDFFF7CEFF94BF012092
:100B300000205DF808FB00BF4DF808EDFFF7C4FF8B
:100B400034BF012000205DF808FB00BF4FEA410CD4
:100B50007FEA6C5C02D150EA013C0AD14FEA430CB7
:100B60007FEA6C5C02D152EA033C02D14FF00000F4
:100B700070474FF0010070474FEA410212F5001232
:100B800015D211D56FF47873B3EB625212D94FEAD4
:100B9000C12343F0004343EA505311F0004F23FABE
:100BA00002F018BF404270474FF00000704750EA13
:100BB000013005D111F0004008BF6FF000407047D0
:100BC0004FF00000704700BF53B94AB9002908BF71
:100BD00000281CBF4FF0FF314FF0FF3000F088B904
:100BE000ADF1080C6DE904CE00F006F8DDF804E084
:100BF000DDE9022304B070472DE9F047089D0F4658
:100C000004468C46002B48D18A42164661D9B2FA76
:100C100082F34BB1C3F1200201FA03FC20FA02F285
:100C20009E4042EA0C0C9C404FEA164EB7B2BCFB09
:100C3000FEF1220C0EFB11CC42EA0C4201FB07F044
:100C4000904209D9B21801F1FF3C80F0EE80904249
:100C500040F2EB8002393244121AA4B2B2FBFEF029
:100C60000EFB102244EA024400FB07F7A74209D911
:100C7000341900F1FF3280F0DA80A74240F2D780C9
:100C80003444023840EA0140E41B00211DB1DC403D
:100C90000023C5E90043BDE8F0878B4206D90DB1BA
:100CA000C5E9000100210846BDE8F087B3FA83F1E9
:100CB000002948D1BB4202D3824200F20781841A44
:100CC00067EB030201209446002DE4D0C5E9004CF7
:100CD000E1E7002A00F09280B2FA82F3002B40F0A4
:100CE000A8808A1A4FEA164E1FFA86FC0121200CB2
:100CF000B2FBFEF70EFB172240EA02420CFB07F0A4
:100D0000904207D9B21807F1FF3802D2904200F2A0
:100D1000E2804746121AA4B2B2FBFEF00EFB10228C
:100D200044EA02440CFB00FCA44507D9341900F145
:100D3000FF3202D2A44500F2CB801046A4EB0C0493
:100D400040EA0740A2E7C1F120068B4022FA06FCE8
:100D50004CEA030C07FA01F420FA06F3F7404FEAD5
:100D60001C49234300FA01F81FFA8CFEB7FBF9F087
:100D70001C0C09FB107744EA074400FB0EF7A7425E
:100D800002FA01F20AD91CEB040400F1FF3A80F0E8
:100D90009B80A74240F2988002386444E41B9FB2D3
:100DA000B4FBF9F309FB134447EA044403FB0EFECA
:100DB000A64509D91CEB040403F1FF3780F08280BB
:100DC000A6457FD9023B644443EA0040A4EB0E04ED
:100DD000A0FB02E7BC427346B94663D360D05DB165
:100DE000B8EB030264EB090404FA06F622FA01F3F5
:100DF0001E43CC40C5E9006400214CE76208480866
:100E000042EAC1710B0C43EA00438AB242EA034250
:100E1000B3FBF6F1E407B4463746B6461F23B0FBF2
:100E2000F6F0D21B41EA004161E7614614E7104643
:100E300028E7C3F1200120FA01F29E4027FA01F1D0
:100E40009F403A434FEA164E1FFA86FCB1FBFEF76D
:100E50000EFB1710110C41EA004107FB0CF8884506
:100E600004FA03F43AD9711807F1FF3001D288452A
:100E70001FD8A1EB0801B1FBFEF808FB0CF70EFB35
:100E8000181192B242EA0142BA422FD2B21808F1C6
:100E9000FF31C6D2BA42C4D2A8F102013244C0E73F
:100EA000F0459CD2BEEB020367EB0C070138B94654
:100EB00095E7A6EB08084144B81EB1FBFEF808FB15
:100EC0000CF7DCE73B467FE7504667E70846FBE662
:100ED0003444023832E7023F32441BE7A1EB0801F9
:100EE0003846B1FBFEF808FB0CF7C8E7414698E727
:100EF000704700BF80B485B000AFF860B9607A6019
:100F0000FB68074A1A60BB68064A1A607B68802241
:100F10001A6000BF1437BD465DF8047B704700BF00
:100F2000040200205802002080B400AF074B1B7859
:100F3000DAB2074B1B78DBB29A420CBF01230023C5
:100F4000DBB21846BD465DF8047B7047E00900201F
:100F5000E109002080B485B000AF3B4683E8030080
:100F6000124B1B78DBB20133DBB203F01F03FB73C0
:100F70000F4B1B78DBB2FA7B9A4201D100230EE0C3
:100F80000A4B1B78DBB20B4ADB0013443A4692E86B
:100F9000030083E80300054AFB7B13700123184616
:100FA0001437BD465DF8047B704700BFE10900209F
:100FB000E0090020E008002090B583B000AF786021
:100FC000FFF7B2FF0346002B01D0002316E00D4BC4
:100FD0001B78DBB279680C4A0C46DB00134493E8BB
:100FE000030084E80300074B1B78DBB20133DBB25C
:100FF00003F01F03DAB2034B1A70012318460C37B3
:10100000BD4690BDE0090020E008002080B400AF9C
:1010100072B600BF0021064B0A461A70054B0A46FD
:101020001A7062B600BF00BFBD465DF8047B704712
:10103000E1090020E009002080B483B000AF7860AF
:101040007B681B68054A934202D1054B00221A7047
:1010500000BF0C37BD465DF8047B70470048004078
:10106000E209002080B500AF084B1B78DBB2002BF3
:101070000AD1064B01221A7003220549054809F0DE
:1010800020F9FFF7C3FF00E000BF80BDE2090020A8
:10109000D40101084C07002080B584B002AF03469C
:1010A0003960FB710E4AFB7913700E4B1B785B00A5
:1010B00099B20A2300930123094A0B4806F07AF8F3
:1010C000084B1B785B0099B21423009302233A6803
:1010D000054806F06DF900BF0837BD4680BD00BF6A
:1010E000100A0020080000200005002080B584B010
:1010F00002AF03460A46FB711346BB710A4AFB79ED
:101100001370094ABB795370084B1B785B0099B286
:10111000142300930223044A054806F04BF800BF4D
:101120000837BD4680BD00BF100A0020080000201F
:101130000005002080B500AF00210620FFF7D6FF94
:101140000A200AF0E6F880210320FFF7CFFF0A20EB
:101150000AF0DFF807210720FFF7C8FF0A200AF08E
:10116000D8F801210620FFF7C1FF0A200AF0D1F8C4
:1011700020217F20FFF7BAFF0A200AF0CAF82F21AA
:101180000120FFF7B3FF0A200AF0C3F81121002065
:10119000FFF7ACFF0A200AF0BCF800217F20FFF720
:1011A000A5FF0A200AF0B5F800210720FFF79EFFEF
:1011B0000A200AF0AEF800210520FFF797FF0A2069
:1011C0000AF0A7F801210620FFF790FF0A200AF095
:1011D000A0F800BF80BD000080B485B000AF78608B
:1011E0000E4B5B68FB600E4B1B680E4AA2FB032391
:1011F0009A0C7B6802FB03F3BB6000E000BF074B67
:101200005A68FB68D31ABA689A42F7D800BF00BF81
:101210001437BD465DF8047B704700BF001000E046
:101220001000002083DE1B4380B400AF084BDB6856
:10123000074A43F08073D360064B1B68054A43F0AE
:101240000103136000BFBD465DF8047B704700BF1B
:10125000F0ED00E0001000E080B400AF0C4B1B6824
:1012600041F61F42DA630A4B1B6841F61F421A64BB
:10127000084B1B6841F61F425A63064B1B6841F638
:101280001F429A6300BFBD465DF8047B704700BFF4
:10129000E40500207406002080B483B000AF7860BD
:1012A000074B1B687A68DA63054B1B6841F61F42DF
:1012B0001A6400BF0C37BD465DF8047B704700BF61
:1012C000E405002080B483B000AF7860074B1B6852
:1012D0007A685A63054B1B6841F61F429A6300BF48
:1012E0000C37BD465DF8047B704700BF74060020D4
:1012F00080B483B000AF7860074B1B6841F61F4293
:10130000DA63054B1B687A681A6400BF0C37BD4668
:101310005DF8047B704700BFE405002080B483B013
:1013200000AF7860074B1B6841F61F425A63054BBC
:101330001B687A689A6300BF0C37BD465DF8047B72
:10134000704700BF7406002080B400AF044B1B68D8
:101350009D229A6300BFBD465DF8047B704700BFC5
:10136000BC06002080B400AF044B1B68FA229A63CD
:1013700000BFBD465DF8047B704700BFBC0600207F
:1013800080B400AF044B1B68FA229A6300BFBD46CD
:101390005DF8047B704700BFBC06002080B400AF3E
:1013A000044B1B6864229A6300BFBD465DF8047B52
:1013B000704700BFBC06002080B400AF044B1B6820
:1013C00064229A6300BFBD465DF8047B704700BF8E
:1013D000BC06002080B400AF044B1B68A0229A63B7
:1013E00000BFBD465DF8047B704700BFBC0600200F
:1013F00080B400AF044B1B689D229A6300BFBD46BA
:101400005DF8047B704700BFBC06002080B400AFCD
:10141000164B1B78DBB2072B22D801A252F823F01F
:101420004114000845140008491400084D14000830
:101430005114000855140008591400085D140008E0
:101440000B4B0EE00B4B0CE00B4B0AE00B4B08E098
:101450000B4B06E00B4B04E00B4B02E00B4B00E0A8
:101460000B4B1846BD465DF8047B7047D60700203D
:1014700010FF000818FF000820FF000828FF0008E0
:1014800030FF00083CFF000848FF000850FF00083C
:1014900058FF000880B58CB000AF78607B68FB62B5
:1014A00009E0FB6A1B782C2B02D1FB6A20221A7000
:1014B000FB6A0133FB62FB6A1B78002BF1D18F4979
:1014C00078680BF075FFB86205E18D49B86AFEF7E0
:1014D0007FFE0346002B03D18A4B01221A70FEE0E7
:1014E00000233B750023BB618749B86AFEF770FE95
:1014F0000346002B04D10B233B750023BB61D1E0D5
:101500008249B86AFEF764FE0346002B04D10C231F
:101510003B750023BB61C5E07D49B86AFEF758FE04
:101520000346002B04D10D233B750023BB61B9E0BA
:101530007849B86AFEF74CFE0346002B04D10E230F
:101540003B750023BB61ADE07349B86AFEF740FE0E
:101550000346002B04D107233B750023BB61A1E0A8
:101560006E49B86AFEF734FE0346002B04D1082307
:101570003B750023BB6195E0BB6A1B78662B0ED1DF
:10158000BB6A01331B78782B09D110233B75BB6AEA
:10159000023318460BF0CEF80346BB6182E0BB6A0B
:1015A0001B78662B0ED1BB6A01331B78752B09D1D2
:1015B0000F233B75BB6A023318460BF0BBF803469A
:1015C000BB616FE0BB6A1B78662B0ED1BB6A01332F
:1015D0001B78722B09D103233B75BB6A0233184673
:1015E0000BF0A8F80346BB615CE0BB6A1B78662B76
:1015F0000ED1BB6A01331B786C2B09D104233B75D8
:10160000BB6A023318460BF095F80346BB6149E00C
:10161000BB6A1B78722B0ED1BB6A01331B78722B0D
:1016200009D105233B75BB6A023318460BF082F8DB
:101630000346BB6136E0BB6A1B78722B0ED1BB6AD6
:1016400001331B786C2B09D106233B75BB6A02332F
:1016500018460BF06FF80346BB6123E0BB6A1B78AA
:10166000662B09D101233B75BB6A013318460BF089
:1016700061F80346BB6115E0BB6A1B78722B09D188
:1016800002233B75BB6A013318460BF053F803463F
:10169000BB6107E0BB6A1B78732B03D109233B7541
:1016A0000023BB613B7D002B10D007F1140393E8AE
:1016B0000300FFF74FFC78627B6A002B06D1184AC3
:1016C00007F1080307CA83E8070008E00B49002078
:1016D0000BF06EFEB862BB6A002B7FF4F6AE0A23F5
:1016E0003B7700233B6207F11C0393E80300FFF7FD
:1016F00031FC00BF3037BD4680BD00BF5CFF000835
:1017000060FF0008D407002064FF000868FF00089D
:101710006CFF000874FF00087CFF000880FF0008D1
:1017200084FF000880B483B000AF0346FB71FB79EF
:10173000013B0F2B40D801A252F823F07D1700087F
:101740008117000885170008891700088D17000801
:101750009117000895170008991700089D170008B1
:10176000B9170008A1170008A5170008A917000855
:10177000AD170008B1170008B5170008124B1CE0A0
:10178000124B1AE0124B18E0124B16E0124B14E009
:10179000124B12E0124B10E0124B0EE0124B0CE019
:1017A000124B0AE0124B08E0124B06E0124B04E029
:1017B000124B02E0124B00E0002318460C37BD46E6
:1017C0005DF8047B704700BF90FF000898FF000899
:1017D000A0FF0008A8FF000848FF000850FF00080D
:1017E000B0FF0008B8FF000828FF0008C0FF00088D
:1017F000C4FF0008C8FF0008D0FF0008D8FF000899
:10180000DCFF000880B588B000AF3B1D1846FFF72D
:10181000D3FB0346002B01D1002314E33B79184688
:10182000FFF780FFF861FB69002B04D0BB68194605
:10183000F86903F08DFC3B79013B0F2B00F201832B
:1018400001A252F823F000BF511A0008E71A00085D
:10185000971B0008E31B00082F1C00087B1C0008D6
:10186000E11C0008B91D0008C71C0008D91C0008AD
:10187000A9190008FD1900080119000855190008E8
:101880008918000889180008994B1B685B6A9AB28E
:10189000984B1A80984B1B685B6A9AB2974B1A80D8
:1018A000974BD3E900239749C1E90023FFF74CFD8B
:1018B000954B00221A60954B4FF000021A60944B32
:1018C0006FF000421A60BB68002B02DDBB689BB260
:1018D00000E01A238F4A13803B790F2B0CBF0123A2
:1018E0000023DBB21A468C4B1A708C4B07221A70FD
:1018F0008B4B01221A708B4B01221A700123A2E23A
:101900007B4B1B685B6A9AB27A4B1A807A4B1B68D6
:101910005B6A9AB2794B1A80794BD3E900237949F3
:10192000C1E90023FFF710FD774B00221A60774BC7
:101930004FF000021A60764B6FF000421A60774B4E
:1019400005221A70764B01221A70764B01221A700A
:10195000012378E2664B1B685B6A9AB2654B1A807A
:10196000654B1B685B6A9AB2644B1A80644BD3E97F
:1019700000236449C1E90023FFF7E6FC624B002223
:101980001A60624B4FF000021A60614B6FF0004228
:101990001A60624B06221A70614B01221A70614B69
:1019A00001221A7001234EE2514B1B685B6A9AB206
:1019B000504B1A80504B1B685B6A9AB24F4B1A808F
:1019C0004F4BD3E900234F49C1E90023FFF7BCFC8B
:1019D000554B00221A60554B4FF000021A604C4BD9
:1019E0006FF000421A604D4B02221A704C4B0122DC
:1019F0001A704C4B01221A70012324E23C4B1B68E5
:101A00005B6A9AB23B4B1A803B4B1B685B6A9AB28B
:101A10003A4B1A803A4BD3E900233A49C1E90023F3
:101A2000FFF792FC404B00221A60404B4FF000023F
:101A30001A60374B6FF000421A60384B03221A705D
:101A4000374B01221A70374B01221A700123FAE139
:101A5000BB683B61264B1B685B6A9AB2254B1A80B8
:101A6000254B1B685B6A9AB2244B1A80244BD3E93E
:101A700000232449C1E90023FFF766FC3B69002BE2
:101A80001BDD3B6907EE903AF8EEE77A9FED287A86
:101A900067EE877AB6EE007A77EE877AFDEEE77A20
:101AA00017EE903AFB601A4AFB6813601B4B00224A
:101AB0001A701B4B01221A7010E0184B01221A7089
:101AC000134B6FF000421A600F4B00221A600F4B4D
:101AD0004FF000021A60124B01221A70114B0122C2
:101AE0001A700123AFE1BB68002B23DDBB6822E045
:101AF00054050020E40900209C050020E609002090
:101B0000F8090020000A0020440A0020480A0020AA
:101B1000E80900200A0000200C000020420A0020F2
:101B2000D6070020540A00204C0A0020500A00204A
:101B3000896D93423223BB618C4B1B685B6A9AB2FE
:101B40008B4B1A808B4B1B685B6A9AB28A4B1A804C
:101B5000BB6907EE903AF8EEE77A9FED887A67EE78
:101B6000877AB6EE007A77EE877AFDEEE77A17EE9F
:101B7000903A5B427B61824A7B691360814BD3E977
:101B800000238149C1E90023FFF7DEFB7F4B0222DE
:101B90001A70012357E1BB681846FEF7D3FC0246D2
:101BA0000B467B49C1E90023FFF7DCFB794BD3E906
:101BB0000001774BD3E90023FEF776FB02460B4684
:101BC0007449C1E9002303F079FE03466433724A85
:101BD0001360724B00221A706C4B04221A7001239E
:101BE00031E1BB681846FEF7ADFC02460B4668497A
:101BF000C1E90023FFF7D2FB664BD3E90001644B38
:101C0000D3E90023FEF752FB02460B466149C1E9C6
:101C1000002303F053FE034664335F4A13605F4BB7
:101C200000221A70594B05221A7001230BE1BB6880
:101C30001846FEF787FC02460B465549C1E90023CA
:101C4000FFF79EFB534BD3E90001514BD3E900232F
:101C5000FEF72CFB02460B464E49C1E9002303F078
:101C60002DFE034632334C4A13604C4B01221A704E
:101C7000464B06221A700123E5E0BB681846FEF7C2
:101C800061FC02460B464249C1E90023FFF794FB81
:101C9000404BD3E900013E4BD3E90023FEF704FBA0
:101CA00002460B463B49C1E9002303F007FE034609
:101CB0003233394A1360394B00221A70334B0722F2
:101CC0001A700123BFE0FFF7C7FAFFF73DFB2F4B68
:101CD00003221A700123B6E0FFF7C4F90123B2E032
:101CE0002C4BD3E900232E49C1E90023294BD3E92A
:101CF00000014FF000022B4BFEF7D8FA02460B46CC
:101D00002949C1E90023234BD3E900014FF0000228
:101D1000244BFEF7C9FA02460B461E49C1E90023CF
:101D2000224B01221A70224B01221A70174B1B788A
:101D3000DBB2012B17D00D4B1B685B6A9AB20C4BC0
:101D40001A800C4B1B685B6A9AB20B4B1A80FFF728
:101D5000FBFA0B4B6FF000421A60164B00221A7010
:101D60000A4B01221A7001236DE000BF54050020C8
:101D7000E40900209C050020E6090020896D9342BB
:101D8000E8090020F8090020000A0020D6070020FA
:101D900000000020F0090020240A0020280A00206A
:101DA000580A002000004940600A0020550A00201F
:101DB000560A0020420A0020254BD3E9002325497A
:101DC000C1E90023224BD3E900014FF00002224B6E
:101DD000FEF76AFA02460B462049C1E900231C4B74
:101DE000D3E900014FF000021B4BFEF75FFA0246F9
:101DF0000B461749C1E90023194B02221A70194BEF
:101E000001221A70184B1B78DBB2012B17D0174B2D
:101E10001B685B6A9AB2164B1A80164B1B685B6A8A
:101E20009AB2154B1A80FFF78FFA144B6FF00042ED
:101E30001A60134B00221A700B4B01221A700123F7
:101E400001E000BF002318462037BD4680BD00BF1B
:101E5000F0090020580A002000004940600A0020D4
:101E6000550A0020560A0020D607002054050020FD
:101E7000E40900209C050020E6090020E809002074
:101E8000420A002080B584B000AF87ED010AD7ED8B
:101E9000017A9FED1A7AF4EEC77AF1EE10FA01D5C5
:101EA000174B24E0DFED170A97ED010A0DF0BAFB9E
:101EB000F0EE407A9FED147A67EE877AC7ED037AE9
:101EC000D7ED037A9FED117AF4EEC77AF1EE10FAAE
:101ED00001DD0B4B0BE0D7ED037AB2EE047AF4EEA2
:101EE000C77AF1EE10FA01D5094B00E0FB6807EE66
:101EF000903AB0EE670A1037BD4680BDCDCCCC3DE0
:101F00000000A042333393BF48E1DE410000A0420D
:101F100000002041B0B5B2B000AF03F069FC00F0A2
:101F2000D7F8FFF781F900F0A1FC00F07FFC00F08A
:101F300063FA00F0B9F900F00BFA00F04DFC00F084
:101F400051FB00F0BDFB00F081F900F0D7FA00F082
:101F50001DF900F017FC03F0BDFB4A4803F0D0F870
:101F600001224949494808F0E2F902224849494812
:101F700003F018FD484B07F1AC041D460FCD0FC40C
:101F800095E8070084E8070007F1AC030021184634
:101F900009F073F90346414A1360414B07F190047D
:101FA0001D460FCD0FC495E8070084E8070007F130
:101FB00090030021184609F060F90346394A13607E
:101FC000394B07F174041D460FCD0FC495E8070087
:101FD00084E8070007F174030021184609F04DF961
:101FE0000346324A1360324B07F158041D460FCDA9
:101FF0000FC495E8070084E8070007F158030021A3
:10200000184609F03AF903462A4A13602A4B07F1A9
:102010003C041D460FCD0FC495E8070084E8070077
:1020200007F13C030021184609F027F90346234A2B
:102030001360234B07F120041D460FCD0FC495E814
:10204000070084E8070007F120030021184609F083
:1020500014F903461B4A13601B4B3C1D1D460FCD54
:102060000FC495E8070084E807003B1D00211846CF
:1020700009F003F90346154A136009F0F7F800BFA9
:10208000FDE700BF04070020D50700204C07002013
:102090002C0A002058040020ECFF000894070020C0
:1020A00014000108980700203C0001089C0700204C
:1020B00068000108A007002090000108A407002084
:1020C000BC000108A8070020E0000108AC070020C0
:1020D00080B594B000AF07F12003302200211846EC
:1020E0000BF04AF907F10C0300221A605A609A605B
:1020F000DA601A610023BB60224B1B6C214A43F05B
:10210000805313641F4B1B6C03F08053BB60BB6890
:1021100000237B601C4B1B681B4A43F48043136005
:10212000194B1B6803F480437B607B6802233B628E
:102130000123FB6210233B630023BB6307F12003F1
:10214000184605F015FF0346002B01D002F08CFB6A
:102150000F23FB6000233B6100237B610023BB61F5
:102160000023FB6107F10C030021184606F078F903
:102170000346002B01D002F077FB00BF5037BD466D
:1021800080BD00BF003802400070004080B584B0C0
:1021900000AF3B4600221A605A609A60DA60284B12
:1021A000284A1A60264B4FF440325A60244B0022D2
:1021B0009A60234B01221A61214B01221A76204B8F
:1021C000002283F820201E4B0022DA621C4B1E4A9C
:1021D0009A621B4B0022DA60194B0222DA61184B1B
:1021E000012283F83020164B00225A61144803F074
:1021F00095FB0346002B01D002F036FB0A233B601F
:1022000001237B600723BB603B4619460C4803F063
:10221000F1FC0346002B01D002F026FB0B233B60B0
:1022200002237B603B461946054803F0E3FC034666
:10223000002B01D002F018FB00BF1037BD4680BD57
:1022400058040020002001400100000F80B500AFBD
:10225000124B134A1A60114B124A5A600F4B00225C
:102260009A600E4B0022DA600C4B4FF480421A61E8
:102270000A4B00225A61094B00229A61074B002247
:10228000DA61064B00221A62044804F04FFE03464E
:10229000002B01D002F0E8FA00BF80BD000500204D
:1022A00000580040A086010080B58CB000AF07F157
:1022B0000C032422002118460BF05EF83B1D00227F
:1022C0001A605A60214B4FF080421A601F4B002267
:1022D0005A601E4B00229A601C4B4FF6FF72DA6068
:1022E0001A4B00221A61194B00229A610323FB60EA
:1022F00000233B6101237B610023BB610A23FB6157
:1023000000233B6201237B620023BB620A23FB6242
:1023100007F10C0319460D4806F072FD0346002B29
:1023200001D002F0A1FA00237B600023BB603B1DBB
:102330001946064807F05AFE0346002B01D002F06A
:1023400093FA00BF3037BD4680BD00BF5405002062
:1023500080B58CB000AF07F10C0324220021184691
:102360000BF00AF83B1D00221A605A60204B214AEC
:102370001A601F4B00225A601D4B00229A601C4BB2
:102380004FF6FF72DA601A4B00221A61184B0022D6
:102390009A610323FB6000233B6101237B610023DF
:1023A000BB610A23FB6100233B6201237B620023A4
:1023B000BB620A23FB6207F10C0319460C4806F0C6
:1023C0001FFD0346002B01D002F04EFA00237B6074
:1023D0000023BB603B1D1946054807F007FE034676
:1023E000002B01D002F040FA00BF3037BD4680BD5F
:1023F0009C0500200004004080B58EB000AF07F1BE
:10240000280300221A605A609A60DA6007F12003FC
:1024100000221A605A603B1D00221A605A609A60BE
:10242000DA601A615A619A61324B334A1A60314B51
:1024300000225A602F4B00229A602E4B41F61F4219
:10244000DA602C4B00221A612A4B00229A6129483B
:1024500006F0E4F90346002B01D002F005FA4FF430
:102460008053BB6207F128031946224807F04AF857
:102470000346002B01D002F0F7F91E4806F01DFAC2
:102480000346002B01D002F0EFF900233B6200234A
:102490007B6207F120031946164807F0A7FD0346A3
:1024A000002B01D002F0E0F960237B600023BB60C9
:1024B0000023FB6000237B613B1D082219460D4869
:1024C00006F05EFF0346002B01D002F0CDF93B1D64
:1024D0000C221946074806F053FF0346002B01D093
:1024E00002F0C2F9034802F0DDFB00BF3837BD46F9
:1024F00080BD00BFE40500200008004080B58AB020
:1025000000AF07F1180300221A605A609A60DA607F
:1025100007F1100300221A605A603B4600221A603D
:102520005A609A60DA602D4B2D4A1A602B4B0F22AD
:102530005A602A4B00229A60284B4FF6FF72DA60ED
:10254000264B00221A61254B00225A61234B0022A0
:102550009A61224806F062F90346002B01D002F08E
:1025600083F94FF48053BB6107F1180319461B48E8
:1025700006F0C8FF0346002B01D002F075F917489A
:1025800006F0BCFA0346002B01D002F06DF90023DF
:102590003B6100237B6107F1100319460F4807F0E8
:1025A00025FD0346002B01D002F05EF90A233B60B3
:1025B00001237B600023BB600023FB603B460422B9
:1025C0001946064806F040FE0346002B01D002F0F3
:1025D0004BF900BF2837BD4680BD00BF2C06002048
:1025E0000004014080B58CB000AF07F12003002249
:1025F0001A605A609A60DA603B1D00221A605A60C5
:102600009A60DA601A615A619A612B4B2B4A1A6000
:10261000294B00225A60284B00229A60264B41F633
:102620001F42DA60244B00221A61234B00229A6178
:10263000214806F0F3F80346002B01D002F014F90C
:102640004FF480533B6207F1200319461A4806F005
:1026500059FF0346002B01D002F006F9164806F098
:102660002CF90346002B01D002F0FEF860237B60BA
:102670000023BB600023FB6000237B613B1D002225
:1026800019460D4806F07CFE0346002B01D002F0EF
:10269000EBF83B1D04221946074806F071FE03467D
:1026A000002B01D002F0E0F8034802F0FBFA00BF73
:1026B0003037BD4680BD00BF740600200040014099
:1026C00080B58CB000AF07F1200300221A605A6079
:1026D0009A60DA603B1D00221A605A609A60DA60E4
:1026E0001A615A619A61254B254A1A60234BA02230
:1026F0005A60224B00229A60204B4FF47A72DA60C3
:102700001E4B00221A611D4B00229A611B4806F0E5
:1027100085F80346002B01D002F0A6F84FF4805351
:102720003B6207F120031946144806F0EBFE03460E
:10273000002B01D002F098F8104806F0BEF80346CE
:10274000002B01D002F090F860237B600023BB6077
:102750000023FB6000237B613B1D042219460748D0
:1027600006F00EFE0346002B01D002F07DF8034870
:1027700002F098FA00BF3037BD4680BDBC0600208D
:102780000018004080B500AF114B124A1A60104B80
:102790004FF4E1325A600E4B00229A600C4B00223B
:1027A000DA600B4B00221A61094B0C225A61084B6C
:1027B00000229A61064B0022DA61054807F0A6FC68
:1027C0000346002B01D002F04FF800BF80BD00BFD0
:1027D000040700200044004080B500AF114B124AAE
:1027E0001A60104B4FF4E1325A600E4B00229A608F
:1027F0000C4B0022DA600B4B00221A61094B0C22B1
:102800005A61084B00229A61064B0022DA610548A2
:1028100007F07CFC0346002B01D002F025F800BF36
:1028200080BD00BF4C0700200048004080B582B04A
:1028300000AF00237B600C4B1B6B0B4A43F48003FF
:102840001363094B1B6B03F480037B607B680022DE
:102850000521382003F049FD382003F062FD00BF58
:102860000837BD4680BD00BF0038024080B58AB041
:1028700000AF07F1140300221A605A609A60DA6010
:102880001A6100233B61484B1B6B474A43F010031E
:102890001363454B1B6B03F010033B613B69002343
:1028A000FB60414B1B6B404A43F0040313633E4BF8
:1028B0001B6B03F00403FB60FB680023BB603A4B17
:1028C0001B6B394A43F001031363374B1B6B03F057
:1028D0000103BB60BB6800237B60334B1B6B324A38
:1028E00043F002031363304B1B6B03F002037B6066
:1028F0007B6800233B602C4B1B6B2B4A43F0080387
:102900001363294B1B6B03F008033B603B680022F9
:102910004FF48071254804F0D5FA00224FF4F041BD
:10292000234804F0CFFA00224021224804F0CAFADA
:102930004FF480737B610123BB610023FB610023A3
:102940003B6207F114031946184804F007F94FF4E5
:10295000F0437B610123BB610023FB6100233B62E9
:1029600007F114031946124804F0F8F840237B617C
:102970000123BB610023FB6100233B6207F11403C9
:1029800019460C4804F0EAF801237B610023BB617F
:102990000023FB6107F114031946044804F0DEF834
:1029A00000BF2837BD4680BD0038024000100240FD
:1029B000000C02400008024080B500AF0022402118
:1029C0000A4804F07FFA0220FEF706FC01224021AB
:1029D000064804F077FA0A20FEF7FEFB00224021A9
:1029E000024804F06FFA00BF80BD00BF000802403B
:1029F00080B487B000AFF860B9607A60FA68BB68ED
:102A0000934238BF13467A68934238BF13467B61BE
:102A1000FA68BB68934228BF13467A68934228BF7E
:102A200013463B61FA68BB681A447B681A447B69A9
:102A3000D21A3B69D31A18461C37BD465DF8047B91
:102A40007047000080B584B000AF78607B681B6879
:102A50004A4A934240F08D807B681B7F022B40F0F6
:102A60008880474B1B78DBB2002B17D17B681B6833
:102A700000225A627B681B681A6A7B681B6822F016
:102A8000A0021A627B681B681A6A7B681B6842F0A6
:102A900020021A623A4B01221A706BE00421786816
:102AA00006F0F8FD03469AB2364B1A807B681B6825
:102AB0001A6A7B681B6822F0A0021A627B681A6897
:102AC0007B681B68126A1A622D4B00221A702D4B0C
:102AD0001B889BB207EE903AF8EEE77A9FED2A7AD0
:102AE00067EE877AB6EE007A77EE877AFCEEE77AC1
:102AF00017EE903ABB60254B1B781946244ABB68F9
:102B000042F82130214B1B78591C224BA3FB012397
:102B10005A0813465B001344CA1AD2B21B4B1A70F0
:102B20001D4B1B78022B05D81B4B1B780133DAB2E7
:102B3000194B1A70BB68FB60174B1B78032B09D12C
:102B4000134B1B68124A5168114A92681846FFF7E6
:102B50004FFFF860FB6807EE903AF8EE677A0F4B8C
:102B6000C3ED007A0E4AFB6813600E4B01221A7007
:102B700000E000BF1037BD4680BD00BF000401402B
:102B8000680A00206A0A0020287E8C3CC8070020C2
:102B9000BC070020ABAAAAAAC9070020B4070020DE
:102BA000B0070020B807002080B584B000AF78607F
:102BB0007B681B68344A934262D1344B1B78BB73E9
:102BC000BB7B0D2B02D0BB7B0A2B42D1304B1B7839
:102BD0001A46304B002199542D4B1B78002B34D0D2
:102BE0000023FB7322E0FB7B2A4AD35C402B0CD9E9
:102BF000FB7B284AD35C5A2B07D8FB7B254AD25C47
:102C0000FB7B2032D1B2234AD154FB7B214AD35CD7
:102C10003B2B04D0FB7B1F4AD35C2C2B03D1FB7BCB
:102C20001C4A2021D154FB7B0133FB73184B1B78CA
:102C3000FA7B9A42D7D31748FEF72CFC164B1B7829
:102C4000DBB2002B01D1FEF7DDFD114B00221A7023
:102C500011E00F4B1B78FF2B0AD00D4B1B785A1C31
:102C6000D1B20B4A117019460A4ABB7B535402E099
:102C7000074B00221A7001220449084807F057FB4D
:102C800000BF1037BD4680BD00480040D50700207A
:102C9000D8080020D8070020D60700204C070020C5
:102CA00080B485B000AF78607B681B68354A93427A
:102CB00061D1354B1B889BB21A4640F6E44302FBB8
:102CC00003F303F2FF72314BA3FB0213D21A520833
:102CD0001344DB0AFB812C4B5B889BB21A4640F6FF
:102CE000E44302FB03F303F2FF72284BA3FB02133E
:102CF000D21A52081344DB0ABB81254B1B889BB2B6
:102D00009A00FB891344234AA2FB03239B089AB22F
:102D10001F4B1A80204B1B889BB29A00BB8913441F
:102D20001C4AA2FB03239B089AB21B4B1A80164B2A
:102D30001B889AB2194B1A80134B5B889AB2184BB6
:102D40001A80134B1B889BB240F21F3293428CBFF8
:102D500001230023DBB21A46124B1A700E4B1B885C
:102D60009BB240F21F3293428CBF01230023DBB29F
:102D70001A460D4B1A7000BF1437BD465DF8047B30
:102D8000704700BF002001402C0A00200101100004
:102D90003E0A0020CDCCCCCC400A0020300A0020D6
:102DA000320A00203C0A00203D0A002080B584B091
:102DB00000AF78604123FB734FF48071044804F046
:102DC0009AF84FF47A7008F0A4FA00BFF4E700BF55
:102DD0000010024080B58EB002AF786001216948D2
:102DE00004F058F8034687F82F30674B1B78012B07
:102DF00011D197F82F30002B0DD1644B1B78013384
:102E0000002B03F00103B8BF5B42DAB25F4B1A70CC
:102E1000322008F07EFA5C4A97F82F3013705B4B33
:102E20001B78002B4DD15A4BD3E90023104619468D
:102E3000FDF7A2FE034607F10C00564A20210AF0D6
:102E400021FA07F10C031A460021002002F010FCC1
:102E5000514BD3E9002310461946FDF78DFE03467A
:102E600007F10C004D4A20210AF00CFA07F10C037F
:102E70001A461021002002F0FBFB494B1A68494B0F
:102E80001B6807F10C0000931346474A20210AF003
:102E9000F9F907F10C031A462021002002F0E8FBA3
:102EA000FEF7B4FA034607F10C00404A20210AF06D
:102EB000E9F907F10C031A463021002002F0D8FB93
:102EC0005AE0324B1B78012B56D1394B1B6807F166
:102ED0000C00384A20210AF0D5F907F10C031A46F4
:102EE0000021002002F0C4FB334B1B889BB21A4622
:102EF000324B1B78DBB207F10C0000931346304ACB
:102F000020210AF0BFF907F10C031A461021002016
:102F100002F0AEFB2B4B1B889BB21A462A4B1B7848
:102F2000DBB207F10C0000931346284A20210AF077
:102F3000A9F907F10C031A462021002002F098FBA2
:102F4000234BD3ED007ABDEEE77A224BD3ED007A26
:102F5000FDEEE77A17EE903A07F10C00009317EEBA
:102F6000103A1D4A20210AF08DF907F10C031A4688
:102F70003021002002F07CFB02F002FA142008F05D
:102F8000C8F92BE7001002400D000020740A002051
:102F9000F8090020FC000108F009002008010108E0
:102FA000CC070020D00700201401010820010108EF
:102FB000B00700202C0101083E0A00203C0A002036
:102FC00040010108400A00203D0A0020500101088C
:102FD0006C0A0020700A0020600101080000000057
:102FE000B0B5D0B004AF07F59873A3F5927318602D
:102FF0000421A34805F0BAFCFEF7A6F90821A14870
:1030000005F0B4FC0C219F4805F0B0FC00219E485F
:1030100005F0ACFC04219C4805F0A8FCFEF71CF967
:103020009A4B1B78DBB2002B4BD0984B00221A70C6
:10303000974B00221A70974B00221A60964B4FF064
:1030400000021A60954B00221A60954B4FF0000267
:103050001A60944B00221A70934B00221A70FEF7EC
:10306000FBF8924B00221A60FEF76EF9904B00229B
:103070001A60FDF7CBFF8F4B00221A708E4B002297
:103080001A608E4B00221A708D4A07F1340392E8C1
:1030900003001860043319808A4B1B78DBB2002BC5
:1030A00001D001F0A6B9874B01221A7007F1340351
:1030B00005221946844807F004F9052008F029F98B
:1030C000AEE77C4B1B78DBB2013B062B01F276812D
:1030D00001A252F823F000BFF5300008F5300008D7
:1030E000A3430008493D0008493D00083D40000851
:1030F0003D400008754BC7F8DC30744BC7F8D8303A
:103100004FF00003C7F8D430714B1B685B6AA7F817
:10311000D230704B1B685B6AA7F8D0306E4B1B88AF
:103120009BB2B7F8D220D31A9BB21BB2C7F8CC30EF
:103130006A4B1B889BB2B7F8D020D31A9BB21BB244
:103140005B42C7F8C830D7F8CC20D7F8C830134452
:10315000DA0F13445B10C7F8C430002387F82F310F
:10316000534B1B68002B0ADB514B1B68D7F8C4205C
:103170009A42ACBF0123002387F82F3109E04C4B62
:103180001B68D7F8C4209A42D4BF0123002387F8D4
:103190002F31002387F82E31464B1B78DBB2012BF1
:1031A00040F024813A4B1B78DBB2002B00F01E81EB
:1031B000374B1B78DBB2013B062B00F2128101A2D8
:1031C00052F823F00933000893330008A7330008AE
:1031D000E3330008BB330008CF330008E1310008B7
:1031E0003F4B1B889BB21A463E4B1B689A422CBF32
:1031F0000123002387F82E313A4B1B68142B00F271
:10320000F280394B1B78DBB2002B00F0EC802D4BA9
:103210001B78DBB2002B15D1324B1B6807F1140071
:10322000324A20210AF02EF8C7F8C000254B0122AF
:103230001A70D7F8C0309AB207F114031946224821
:1032400007F03FF82A4BD3E900232A49C1E90023BC
:10325000FEF77AF80E4B04221A70154B264A1A60B4
:10326000264B00221A60264B00221A60002387F8A2
:103270002E31244B01221A700E4B02221A70B2E03A
:10328000BC060020E405002074060020D4070020BE
:10329000420A0020440A0020480A00204C0A00206C
:1032A000500A0020550A0020560A0020DC080020A1
:1032B000E8090020D6070020240A0020280A002060
:1032C00094010108E20900204C070020A69B443B22
:1032D000540500209C050020E4090020E609002098
:1032E0000A000020B00700200C0000207401010833
:1032F000F0090020000A002001000080780A002068
:103300007C0A0020540A00208E4B1B681A2B94BFA5
:103310000123002387F82E318A4B1B68142B64D8B5
:10332000894B1B78DBB2002B15D1864B1B6807F14C
:103330001400864A202109F0A5FFC7F8BC00824B83
:1033400001221A70D7F8BC309AB207F1140319465B
:103350007F4806F0B6FF7F4BD3E900237E49C1E9E1
:103360000023FDF7F1FF7D4B04221A707C4B7D4A50
:103370001A607D4B00221A607C4B00221A600023E9
:1033800087F82E317A4B01221A707A4B02221A707A
:103390002BE0794B1B78DBB2002B0CBF0123002301
:1033A00087F82E3122E0754B1B78DBB2002B0CBF67
:1033B0000123002387F82E3118E06F4B1B78DBB216
:1033C000012B0CBF0123002387F82E310EE06B4B3D
:1033D0001B78DBB2012B0CBF0123002387F82E31B1
:1033E00004E000BF02E000BF00E000BF614B1B78BB
:1033F000DBB2022B0CD1594B1B78DBB2042B07D16B
:10340000504B1B68132B8CBF0123002387F82E31F0
:1034100097F82E31002B3BD0504B1B78DBB2012BA1
:1034200004D04E4B1B78DBB2072B31D1544B1B68B9
:1034300007EE903AB8EEE77ADFED526AC7EE267AE9
:10344000514BC3ED007A404B1B78DBB2002B1FD1F0
:103450004D4B1B681846FDF787F802460B46394965
:10346000096807F114000291CDE90023474A2021A1
:1034700009F008FFC7F8B800334B01221A70D7F8DB
:10348000B8309AB207F114031946314806F019FF13
:1034900097F82E31002B38D0304B1B78DBB2022B43
:1034A00004D02E4B1B78DBB2032B2ED1384B1B687C
:1034B00007EE903AB8EEE77ADFED326AC7EE267A89
:1034C000344BC3ED007A204B1B78DBB2002B1CD1B0
:1034D000304B1B681846FDF747F802460B4607F1CC
:1034E0001400CDE900232C4A202109F0CBFEC7F8B7
:1034F000B400154B01221A70D7F8B4309AB207F114
:1035000014031946124806F0DCFE97F82F31002B01
:1035100003D197F82E31002B42D0FDF79DFE0F4BC3
:1035200000221A70104B00221A60104B00221A6001
:10353000104B00221A7002F0C1F90346174A1360BB
:1035400000F052BFB0070020E2090020740101081A
:103550004C070020F0090020000A0020420A002049
:10356000E809002001000080780A00207C0A002081
:10357000540A0020D60700203D0A00203C0A002003
:10358000440A0020896D9342480A00208001010806
:103590004C0A0020500A00208C010108DC080020A1
:1035A00002F08CF9C7F8B000C54B1B68002B0BD19B
:1035B000C34AD7F8B0301360C24AB7F8D23013808C
:1035C000C14AB7F8D0301380C04B1B78DBB2002B58
:1035D00014D0BC4AB7F8D2301380BB4AB7F8D03009
:1035E0001380B74AD7F8B0301360B84B00221A7076
:1035F000B74B00221A60B74B00221A60B14B1B88F0
:10360000B7F8D220D31A9BB2A7F8AE30AE4B1B88C6
:10361000B7F8D020D31A9BB2A7F8AC30B7F8AC30CB
:103620005B429BB2A7F8AC30AB4B1B78DBB2012BF3
:103630001AD1AA4B1B78DBB2012B04D0A74B1B7805
:10364000DBB2072B10D1B7F9AE20B7F9AC30134479
:10365000DA0F13445B10C7F8A830A14B1A68D7F8EB
:10366000A83013449E4A13609B4B1B78DBB2012B9E
:103670001AD19A4B1B78DBB2022B04D0974B1B78E4
:10368000DBB2032B10D1B7F9AE20B7F9AC3013443D
:10369000DA0F13445B10C7F8A430924B1A68D7F8BE
:1036A000A43013448F4A1360854B1B68D7F8B020B1
:1036B000D31AC7F82831D7F82831002B02D10123BB
:1036C000C7F82831B7F9AE304FF47A7203FB02F233
:1036D000D7F8283192FBF3F3C7F8A030B7F9AC3034
:1036E0004FF47A7203FB02F2D7F8283192FBF3F31E
:1036F000C7F89C30D7F8283107EE903AB8EE677AD1
:10370000DFED796AC7EE267AC7ED267AD7ED267AFD
:103710009FED767A37EE877AD7ED266AC6EE877AFE
:10372000C7ED257AD7F8A03007EE903AB8EEE77AE1
:103730006F4BD3ED007A37EE677AD7ED257A27EE17
:10374000277A6B4BD3ED007A77EE277A684BC3ED7F
:10375000007AD7F89C3007EE903AB8EEE77A654BDE
:10376000D3ED007A37EE677AD7ED257A27EE277A00
:10377000604BD3ED007A77EE277A5E4BC3ED007A8B
:10378000504AB7F8D23013804F4AB7F8D030138080
:103790004B4AD7F8B0301360554B93ED007A554B38
:1037A000D3ED007A77EE677AFDEEE77A17EE903A7E
:1037B000C7F89030504BD3E90001504BD3E90023B8
:1037C000FCF772FD02460B464D49C1E900234D4B03
:1037D000C7F88C30D7F88C00FCF7C6FE484BD3E90D
:1037E0000023FCF719FF02460B4610461946FDF769
:1037F000C3F90346C7F88830D7F89020D7F8883047
:103800001344C7F88430324B1A68D7F88430134415
:103810002F4A13602F4B1B68D7F88420D31AC7F8A0
:1038200080302C4AD7F884301360D7F8843007EE04
:10383000903AB8EEE77AD7ED377A27EE277A244B1D
:103840001B6807EE903AF8EEE76AD7ED367A66EE37
:10385000A77A37EE277AD7F8803007EE903AF8EE5D
:10386000E76AD7ED357A66EEA77A77EE277AC7ED65
:103870001F7AD7ED1F7AFDEEE77A17EE903ABB6715
:1038800040F6D8637B674FF07E533B674FF07E5323
:10389000FB66786FFCF756FE07A3D3E90023FCF71D
:1038A000BBFE02460B4610461946FDF765F9034676
:1038B000BB6629E0AFF300803D0AD7A3703DF23F1D
:1038C000800A0020840A0020860A0020540A002072
:1038D000780A00207C0A0020D6070020420A002037
:1038E000440A00204C0A002000007A44CDCC4C3D14
:1038F000880A00208C0A0020000A0020F809002015
:10390000080A0020000070417B6F7B66A94B1B7882
:10391000DBB2012B22D1BA6EBB6F134407EE903A93
:10392000B8EEE77AD7ED1C7A67EE277AFDEEE77AF4
:1039300017EE903AC7F824317A6EBB6FD31A07EEB0
:10394000903AB8EEE77AD7ED1B7A67EE277AFDEE6C
:10395000E77A17EE903AC7F8203121E0BA6EBB6FD4
:10396000D31A07EE903AB8EEE77AD7ED1C7A67EEF5
:10397000277AFDEEE77A17EE903AC7F824317A6E8F
:10398000BB6F134407EE903AB8EEE77AD7ED1B7A97
:1039900067EE277AFDEEE77A17EE903AC7F8203106
:1039A000854BD3E90001854BD3E90023FCF77CFC70
:1039B00002460B468249C1E900234FF07E533B6625
:1039C000386EFCF7D1FD7E4BD3E90023FCF724FED3
:1039D00002460B4610461946FDF7CEF80346FB6536
:1039E0009D23C7F81C31734B1B78DBB2012B1FD111
:1039F000734BD3E900014FF000024FF00003FDF7D5
:103A00009BF80346002B03D09D23C7F81C3133E0FD
:103A10006B4BD3E900014FF000024FF00003FDF7BC
:103A20006DF80346002B27D0A023C7F81C3123E0F4
:103A3000604B1B78DBB2022B1ED1614BD3E9000136
:103A40004FF000024FF00003FDF758F80346002B3B
:103A500003D09D23C7F81C310EE0594BD3E9000178
:103A60004FF000024FF00003FDF766F80346002B0D
:103A700002D0A023C7F81C314E4B1B78DBB2012BC0
:103A800006D1D7F81C21FB6DD31AC7F81C3105E00D
:103A9000D7F81C21FB6D1344C7F81C31D7F81C3133
:103AA000632B02DC6423C7F81C31D7F81C31FA2BD6
:103AB00002DDFA23C7F81C31424B1B78DBB2002B26
:103AC00000F00381404B1B78DBB2012B4ED13D4B04
:103AD0001B78DBB2012B01D1F52200E064223B4BC5
:103AE0001B689A63374B1B78DBB2012B0CD141F278
:103AF00088333B6441F66413FB63386CFDF7CCFB01
:103B0000F86BFDF7DFFB0BE041F28833BB6441F655
:103B100064137B64B86CFDF7D5FB786CFDF7BCFBD8
:103B2000284B1B78DBB2012B0AD1244BD3E90001CF
:103B3000214BD3E90023FCF7EBFF0346002B11D107
:103B4000204B1B78DBB2022B40F0C4801B4BD3E927
:103B50000001194BD3E90023FCF7E4FF0346002BD7
:103B600000F0B880184B02221A70B3E0164B1B7895
:103B7000DBB2022B40F0A380124B1B78DBB2012B8F
:103B800001D1642200E0F522104B1B689A630D4BB3
:103B90001B78DBB2012B1BD141F288333B6541F628
:103BA0006413FB64386DFDF78DFBF86CFDF774FB57
:103BB0001AE000BFD6070020F0090020F809002015
:103BC000080A0020550A0020560A0020BC060020E2
:103BD00041F28833BB6541F664137B65B86DFDF730
:103BE0005BFB786DFDF76EFB864BD3E900238649BE
:103BF000C1E90023854B1B78DBB2012B13D1824B2B
:103C0000D3E900014FF00002814BFCF74DFB024667
:103C10000B46104619467F4BD3E90023FCF778FF8B
:103C20000346002B18D1794B1B78DBB2022B51D104
:103C3000754BD3E900014FF00002754BFCF736FBE2
:103C400002460B4610461946724BD3E90023FCF797
:103C500069FF0346002B3DD06C4B00221A706E4B5F
:103C600000221A70674BD3E900236749C1E900239A
:103C70006A4B1B68D7F81C219A63644B1B78DBB234
:103C8000012B01D1FDF7B4FB604B1B78DBB2022B9B
:103C900001D1FDF79FFBFDF7DFFA614B00221A709F
:103CA000604B00221A60604B00221A605F4B0022BA
:103CB0001A7001F003FE03465D4A13600AE0574B99
:103CC0001B68D7F81C219A6304E0544B1B68D7F893
:103CD0001C219A63554B1B78DBB2012B19D14B4B3E
:103CE0001B78DBB2002B14D1524B1B68D7F8242170
:103CF000DA63504B1B6841F61F421A644E4B1B6837
:103D0000D7F820215A634C4B1B6841F61F429A6337
:103D100067E3464B1B78DBB2022B40F06283454BD6
:103D20001B6841F61F42DA63424B1B68D7F8242117
:103D30001A64414B1B6841F61F425A633E4B1B6895
:103D4000D7F820219A634CE33C4B1B68002B09D029
:103D500001F0B4FD0246394B1B689A4202D2FDF7CE
:103D60007BFA41E3354B00221A60274BD3E900016F
:103D7000284BD3E90023FCF797FA02460B46C7E924
:103D80003C234FF000024FF00003D7E93C01FCF761
:103D9000C9FE0346002B02D0D7E93C4505E0D7F821
:103DA000F040D7F8F43083F00045C7E93A451F4B9F
:103DB0001B78DBB2042B0AD1164BD3E90001124B5E
:103DC000D3E90023FCF7A4FE0346002B0FD1174BC9
:103DD0001B78DBB2052B7DD10E4BD3E900010A4BDA
:103DE000D3E90023FCF79EFE0346002B72D0FDF7BB
:103DF00033FA0E4B1B78DBB2042B21D1FDF7F8FA16
:103E000020E000BF580A0020F0090020550A0020D9
:103E100000001440F8090020560A0020BC060020CB
:103E2000420A0020780A00207C0A0020D6070020E1
:103E3000DC080020E405002074060020240A00208D
:103E4000FDF7C8FA4FF4967007F063FAB04B1B7891
:103E5000DBB2002B35D0AF4B1B78DBB2042B30D15B
:103E6000AD4B1B685B6A9AB2AC4B1A80AC4B1B68BB
:103E70005B6A9AB2AB4B1A80A54B1B78DBB207EE9C
:103E8000903AF8EEE77A9FEDA87A67EE877AB6EE79
:103E9000007A77EE877AFDEEE77A17EE902AA34B49
:103EA0001A60A34BD3E90023A249C1E90023A24B26
:103EB00000221A70974B01221A70954B00221A703B
:103EC00092E2944B00221A7001F0F8FC03469B4AE0
:103ED000136089E28F4B1B78DBB2042B4DD14FF47A
:103EE0009653C7F818314FF00002954BD7E93A01C5
:103EF000FCF704FE0346002B03D04FF49653C7F89B
:103F000018314FF000028F4BD7E93A01FCF7F6FD6C
:103F10000346002B03D04FF49653C7F81831D7F857
:103F2000183141F27072934203DD41F27073C7F8A9
:103F30001831D7F8183107EE903AF8EEE77A9FED8E
:103F4000827A67EE877AFDEEE77A17EE903AC7F845
:103F5000E030D7F8E000FCF7F5FA4FF033327B4B56
:103F6000FCF75AFB02460B4610461946FCF704FEC6
:103F700003461846FDF7A6F936E24FF49653C7F804
:103F800014314FF000026E4BD7E93A01FCF7B6FD51
:103F90000346002B03D04FF49653C7F814314FF06B
:103FA0000002684BD7E93A01FCF7A8FD0346002B55
:103FB00003D04FF49653C7F81431D7F8143141F2B7
:103FC0007072934203DD41F27073C7F81431D7F871
:103FD0001401FCF7B7FA4CA3D3E90023FCF71CFB50
:103FE00002460B4610461946FCF7C6FD0346184626
:103FF000FDF768F9D7F8143107EE903AF8EEE77A52
:104000009FED517A67EE877AFDEEE77A17EE903AE8
:10401000C7F8E430D7F8E400FCF794FA4FF03332F5
:104020004A4BFCF7F9FA02460B4610461946FCF7D4
:10403000A3FD03461846FDF72FF9D5E1444B1B6855
:10404000002B09D001F03AFC0246414B1B689A4212
:1040500002D2FDF701F9C7E13D4B00221A603D4B4A
:10406000D3E90001324BD3E90023FCF71DF90246E6
:104070000B46C7E942234FF000024FF00003D7E997
:104080004201FCF74FFD0346002B04D097ED427B25
:1040900087ED007B07E0D7F808313B60D7F80C319B
:1040A00083F000437B6097ED007B87ED407B194BED
:1040B0001B78DBB2062B0AD11D4BD3E90001254B3F
:1040C000D3E90023FCF72EFD0346002B11D1114B41
:1040D0001B78DBB2072B40F0C780154BD3E90001FA
:1040E0001C4BD3E90023FCF713FD0346002B00F023
:1040F000BB80FDF7B1F8074B1B78DBB2062B2BD149
:10410000FDF776F92AE000BF1F85EB51B81EF13F9D
:10411000280A0020D607002054050020E4090020CA
:104120009C050020E6090020896D9342E8090020E3
:10413000F8090020000A0020420A0020DC080020C4
:104140000080464000003440CDCC8C3F3333F33FF9
:10415000240A0020F0090020FDF73CF94FF4967086
:1041600007F0D7F8A84B1B78DBB2002B36D0A74B53
:104170001B78DBB2062B31D1A54B1B685B6A9AB268
:10418000A44B1A80A44B1B685B6A9AB2A34B1A809B
:104190009D4B1B78DBB207EE903AF8EEE77A9FED85
:1041A000A07A67EE877AB6EE007A77EE877AFDEE30
:1041B000E77A17EE903A5B429A4A13609A4BD3E93A
:1041C00000239A49C1E90023994B00221A708F4BB2
:1041D00002221A708C4B00221A7044E08A4B1B7822
:1041E000DBB2002B36D0894B1B78DBB2072B31D1E9
:1041F000874B1B685B6A9AB2864B1A80864B1B689A
:104200005B6A9AB2854B1A807F4B1B78DBB207EE54
:10421000903AF8EEE77A9FED827A67EE877AB6EE0B
:10422000007A77EE877AFDEEE77A17EE903A5B42F6
:104230007C4A13607C4BD3E900237C49C1E900230D
:104240007B4B00221A70714B02221A706E4B0022B7
:104250001A7008E06D4B00221A7001F02FFB034624
:10426000744A1360C0E0BFE04FF49653C7F81031B2
:104270004FF00002704BD7E94001FCF73FFC0346CA
:10428000002B03D04FF49653C7F810314FF00002C3
:104290006A4BD7E94001FCF731FC0346002B03D001
:1042A0004FF49653C7F81031D7F8103141F27072BD
:1042B000934203DD41F27073C7F81031534B1B7802
:1042C000DBB2062B36D1D7F81001FCF73BF94CA333
:1042D000D3E90023FCF7A0F902460B461046194625
:1042E000FCF74AFC03461846FDF702F8D7F81031F0
:1042F00007EE903AF8EEE77A9FED517A67EE877A0B
:10430000FDEEE77A17EE903AC7F8F830D7F8F800E4
:10431000FCF718F94FF033324A4BFCF77DF90246AF
:104320000B4610461946FCF727FC03461846FCF7D7
:10433000F5FF59E0D7F81001FCF704F930A3D3E9F1
:104340000023FCF769F902460B4610461946FCF7B4
:1043500013FC03461846FCF7E1FFD7F8103107EECF
:10436000903AF8EEE77A9FED367A67EE877AFDEEBF
:10437000E77A17EE903AC7F8FC30D7F8FC00FCF764
:10438000E1F84FF033322F4BFCF746F902460B466B
:1043900010461946FCF7F0FB03461846FCF7A8FF49
:1043A00022E0FCF759FF194B00221A7001F086FA3F
:1043B000034603F5AF731F4A136015E0FCF7B4FD25
:1043C0000346002B09D101F079FA0246194B1B680C
:1043D0009A4208D3FDF716FA05E0164B00221A6040
:1043E00001E000BF00E000BF052006F092FFFEF7ED
:1043F00017BE07F59877BD46B0BD00BFAFF300808C
:104400001F85EB51B81EF13F280A0020D607002077
:1044100054050020E40900209C050020E609002046
:10442000896D9342E8090020F8090020000A002065
:10443000420A0020DC080020008046400000344092
:10444000CDCC8C3F3333F33F80B596B002AF78606C
:104450003C21394804F07AFD3C21384804F076FDCF
:10446000354B1B685B6AA7F84E30344B1B685B6AA0
:10447000A7F84C3001F022FAB86401F01FFA0246A6
:10448000BB6CD31A132B53D92B4B1B685B6AA7F851
:104490004630B7F84620B7F84E30D31A9BB21BB25D
:1044A0001A46274B1A60B7F84630A7F84E30234B10
:1044B0001B685B6AA7F84430B7F84420B7F84C3063
:1044C000D31A9BB21BB21A461E4B1A601D4B1B68B7
:1044D0005B421C4A1360B7F84430A7F84C30BB6C01
:1044E0001433BB64164B1B6818B2164B1B6819B209
:1044F000154B1B78DBB2002B01D0012300E0002319
:104500001A4600F067FE0E4B1A680E4B1B6807F147
:104510000C00009313460D4A202108F0B3FE3864C6
:104520003B6C9AB207F10C010523094805F03EFEE9
:10453000012006F0EEFEA0E7540500209C050020B7
:10454000CC070020D0070020D60700209C010108DE
:104550004C070020000000002DE9B0438CB000AFF4
:104560007860FCF7E7FD0023BB8100237B830023F9
:10457000FB624FF000024FF00003C7E9082300235D
:10458000FB6122E0142006F0C4FE07F10C0319467B
:104590003720FCF781FD3B7B1BB21B021AB27B7BF1
:1045A0001BB213437B83B7F91A301846FBF7CAFFD7
:1045B00002460B46D7E90801FBF778FE02460B4698
:1045C000C7E90823FB690133FB61FB69632BD9DD74
:1045D0004FF00002364BD7E90801FCF747F90246D5
:1045E0000B46C7E9082301F069F9F862142006F0C8
:1045F00090FE07F10C0319463720FCF74DFD3B7B7D
:104600001BB21B021AB27B7B1BB213437B83B7F92D
:104610001A301846FBF796FFD7E90823FBF744FE4C
:1046200002460B46C7E904233C697B6923F0004539
:104630004FF000021F4B20462946FCF77DFA034647
:10464000002B2DD0B7F91A301846FBF77BFFD7E9BE
:104650000823FBF729FE02460B469046994601F0D7
:104660002DF90246FB6AD31A1846FBF75BFF0EA32F
:10467000D3E90023FCF7FAF802460B4640464946C8
:10468000FBF7CAFF02460B46104619460A4BD3E910
:104690000023FBF70BFE02460B460749C1E9002346
:1046A00001F00CF9F862A1E7000000000004D0401E
:1046B0000000594000002040F809002080B582B079
:1046C00000AF786004210C4804F072FAFEF774F928
:1046D0000A4B00221A7002E0012006F01AFE074B76
:1046E0001B78DBB283F00103DBB2002BF4D13C205A
:1046F00006F00FFEEAE700BF2C060020B8070020F6
:1047000080B588B000AF78604A4B7B614FF0000302
:10471000FB614FF00003BB61474B1B887B82464B1C
:104720005B883B827B8A07EE903AF8EE677A9FEDD2
:10473000437A27EE877ADFED426AC7EE267AC7ED25
:10474000037A3B8A07EE903AF8EE677A9FED3B7A60
:1047500027EE877ADFED3A6AC7EE267AC7ED027A4E
:10476000B7EE007AD7ED057A37EE677AD7ED077A9C
:1047700027EE277AD7ED056AD7ED037A66EEA77A9A
:1047800077EE277AC7ED077AB7EE007AD7ED057A8C
:1047900037EE677AD7ED067A27EE277AD7ED056AE6
:1047A000D7ED027A66EEA77A77EE277AC7ED067A1A
:1047B000244A7B8A1380244A3B8A1380234AFB695C
:1047C0001360234ABB69136097ED070AFDF75AFB94
:1047D000F0EE407A1F4BC3ED007A97ED060AFDF725
:1047E00051FBF0EE407A1C4BC3ED007AD7ED077A0F
:1047F0009FED1A7AF4EEC77AF1EE10FAACBF0123FE
:104800000023DBB21A46164B1A70D7ED067A9FEDDD
:10481000137AF4EEC77AF1EE10FAACBF012300234D
:10482000DBB21A460F4B1A700A2006F072FD00BF69
:1048300072E700BFCDCC4C3E2C0A002033335340EE
:1048400000F07F45300A0020320A0020340A0020A0
:10485000380A00206C0A0020700A0020CDCC4C3FA2
:104860003C0A00203D0A002080B400AF72B600BFB1
:1048700000BFFDE780B582B000AF00237B60124B24
:104880005B6C114A43F4804353640F4B5B6C03F43D
:1048900080437B607B6800233B600B4B1B6C0A4AA8
:1048A00043F080531364084B1B6C03F080533B6050
:1048B0003B6800220F216FF0010001F016FD00BFE0
:1048C0000837BD4680BD00BF0038024080B58AB0C1
:1048D00000AF786007F1140300221A605A609A60F2
:1048E000DA601A617B681B682F4A934257D1002314
:1048F0003B612E4B5B6C2D4A43F4807353642B4B0E
:104900005B6C03F480733B613B690023FB60274BC6
:104910001B6B264A43F004031363244B1B6B03F009
:104920000403FB60FB6803237B610323BB6100235B
:10493000FB6107F1140319461D4802F00FF91D4BE6
:104940001D4A1A601B4B00225A601A4B00229A60C3
:10495000184B0022DA60174B4FF480621A61154B36
:104960004FF400625A61134B4FF400529A61114B9D
:104970004FF48072DA610F4B00221A620D4B002255
:104980005A620C4801F0E8FC0346002B01D0FFF707
:104990006BFF7B68074A9A63064A7B68936300BF94
:1049A0002837BD4680BD00BF0020014000380240CE
:1049B00000080240A00400201064024080B58AB0C4
:1049C00000AF786007F1140300221A605A609A6001
:1049D000DA601A617B681B68194A93422CD1002364
:1049E0003B61184B1B6B174A43F002031363154BD3
:1049F0001B6B03F002033B613B694FF440637B6137
:104A00001223BB610023FB6103233B6204237B620F
:104A100007F1140319460C4802F0A0F80023FB60CC
:104A2000084B1B6C074A43F480031364054B1B6C53
:104A300003F48003FB60FB6800BF2837BD4680BDE0
:104A400000580040003802400004024080B58CB09D
:104A500000AF786007F11C0300221A605A609A6068
:104A6000DA601A617B681B68B3F1804F4BD1002379
:104A7000BB613F4B1B6C3E4A43F0010313643C4B4C
:104A80001B6C03F00103BB61BB6900237B61384BE6
:104A90001B6B374A43F001031363354B1B6B03F069
:104AA00001037B617B6900233B61314B1B6B304A07
:104AB00043F0020313632E4B1B6B03F002033B61B5
:104AC0003B694FF40043FB6102233B6200237B629E
:104AD0000023BB620123FB6207F11C031946254832
:104AE00002F03CF80823FB6102233B6200237B6257
:104AF0000023BB620123FB6207F11C0319461E4819
:104B000002F02CF830E07B681B681C4A93422BD1E2
:104B10000023FB60164B1B6C154A43F00203136421
:104B2000134B1B6C03F00203FB60FB680023BB60AC
:104B30000F4B1B6B0E4A43F0020313630C4B1B6BB2
:104B400003F00203BB60BB683023FB6102233B62BE
:104B500000237B620023BB620223FB6207F11C037C
:104B60001946054801F0FAFF00BF3037BD4680BD49
:104B700000380240000002400004024000040040EF
:104B800080B58CB000AF786007F11C0300221A607A
:104B90005A609A60DA601A617B681B683B4A9342EC
:104BA0000ED10023BB613A4B1B6C394A43F004031E
:104BB0001364374B1B6C03F00403BB61BB6960E0FB
:104BC0007B681B68334A934234D100237B61304BAE
:104BD0005B6C2F4A43F0020353642D4B5B6C03F074
:104BE00002037B617B6900233B61294B1B6B284AD5
:104BF00043F004031363264B1B6B03F004033B6178
:104C00003B698023FB6102233B6200237B6200231C
:104C1000BB620323FB6207F11C0319461E4801F027
:104C20009DFF002205212E2001F05FFB2E2001F0C8
:104C300078FB26E07B681B68184A93420ED100235C
:104C4000FB60134B5B6C124A43F480335364104B8C
:104C50005B6C03F48033FB60FB6812E07B681B68CD
:104C60000F4A93420DD10023BB60094B1B6C084ACD
:104C700043F040031364064B1B6C03F04003BB601E
:104C8000BB6800BF3037BD4680BD00BF0008004094
:104C9000003802400004014000080240004001408A
:104CA0000018004080B58AB000AF786007F11403A7
:104CB00000221A605A609A60DA601A617B681B6889
:104CC000374A93421FD100233B61364B1B6B354A59
:104CD00043F002031363334B1B6B03F002033B618E
:104CE0003B694FF440737B610223BB610023FB618E
:104CF00000233B6202237B6207F1140319462A4812
:104D000001F02CFF47E07B681B68284A93421ED1C4
:104D10000023FB60234B1B6B224A43F010031363F9
:104D2000204B1B6B03F01003FB60FB6860237B616F
:104D30000223BB610023FB6100233B6203237B62F0
:104D400007F1140319461A4801F008FF23E07B68B5
:104D50001B68184A93421ED10023BB60114B1B6B8A
:104D6000104A43F0020313630E4B1B6B03F0020364
:104D7000BB60BB684FF400437B610223BB6100232F
:104D8000FB6100233B6209237B6207F11403194690
:104D9000054801F0E3FE00BF2837BD4680BD00BFD7
:104DA000000800400038024000040240004001407A
:104DB000001002400018004080B58CB000AF786051
:104DC00007F11C0300221A605A609A60DA601A61C7
:104DD0007B681B68364A93422CD10023BB61354B5C
:104DE0001B6C344A43F400331364324B1B6C03F4E2
:104DF0000033BB61BB6900237B612E4B1B6B2D4ACB
:104E000043F0010313632B4B1B6B03F001037B6126
:104E10007B690C23FB6102233B6200237B6203233B
:104E2000BB620723FB6207F11C031946224801F00D
:104E300095FE39E07B681B68204A934234D10023F9
:104E40003B611C4B1B6C1B4A43F480231364194BBE
:104E50001B6C03F480233B613B690023FB60154B13
:104E60001B6B144A43F008031363124B1B6B03F0D4
:104E70000803FB60FB684FF44073FB6102233B6255
:104E800000237B620323BB620723FB6207F11C0341
:104E900019460B4801F062FE00220521272001F08F
:104EA00024FA272001F03DFA00BF3037BD4680BD0F
:104EB000004400400038024000000240004800402A
:104EC000000C024080B400AF00BFFDE780B400AF2B
:104ED00000BFFDE780B400AF00BFFDE780B400AFC6
:104EE00000BFFDE780B400AF00BFFDE780B400AFB6
:104EF00000BFBD465DF8047B704780B500AF00F091
:104F0000C9FC06F095FF0346012B01D007F0D4F948
:104F100000BF80BD80B500AF024805F02DFA00BF8C
:104F200080BD00BF4C07002080B500AF024804F0F0
:104F30009BF800BF80BD00BF2C06002080B500AFED
:104F4000024801F0A1FB00BF80BD00BFA00400200B
:104F500080B400AF01231846BD465DF8047B70475E
:104F600080B582B000AF7860396008F0D1FA0346AE
:104F700016221A604FF0FF3318460837BD4680BD31
:104F800080B582B000AF78604FF0FF317868FFF7EE
:104F9000E7FF00BFFDE780B586B000AFF860B960FD
:104FA0007A6000237B610AE0AFF300800146BB68B2
:104FB0005A1CBA60CAB21A707B6901337B617A6984
:104FC0007B689A42F0DB7B6818461837BD4680BD87
:104FD00080B586B000AFF860B9607A6000237B616D
:104FE00009E0BB685A1CBA601B781846AFF3008012
:104FF0007B6901337B617A697B689A42F1DB7B686C
:1050000018461837BD4680BD80B483B000AF7860C5
:105010004FF0FF3318460C37BD465DF8047B7047F0
:1050200080B483B000AF786039603B684FF40052C1
:105030005A60002318460C37BD465DF8047B704764
:1050400080B483B000AF7860012318460C37BD46AA
:105050005DF8047B704780B485B000AFF860B9603C
:105060007A60002318461437BD465DF8047B70470C
:1050700080B586B000AF7860144A154BD31A7B61B7
:105080007B693B61134B1B68002B02D1114B124A09
:105090001A60104B1A687B6813443A699A4207D227
:1050A00008F036FA03460C221A604FF0FF3309E08D
:1050B000084B1B68FB60074B1A687B681344054A62
:1050C0001360FB6818461837BD4680BD00000220FB
:1050D00000040000900A0020604D002080B400AF62
:1050E000064BD3F88830054A43F47003C2F8883081
:1050F00000BFBD465DF8047B704700BF00ED00E0D7
:1051000080B483B000AF78600B4A7B6813600B4BB0
:1051100000221A600A4B00221A700A4B00221A70F1
:10512000094B00221A60094B00221A6000BF0C379D
:10513000BD465DF8047B7047940A0020980A002061
:105140009C0A0020A00A0020B00A0020B40A002017
:1051500090B589B000AF786039607B68002B2BD0A8
:1051600007F108030F227968184608F00DF90023AB
:10517000FB75EFF31083BB61BB69FB6172B600BFC7
:105180000F4B1B6801330E4A136000F097FB034678
:105190000C4A13600C4A3B6813600C4B1C4607F129
:1051A00008030FCB84E80F00094B01221A70FB693A
:1051B000002B02D162B600E000BF2437BD4690BD8F
:1051C000980A0020B40A0020B00A0020A00A00209B
:1051D0009C0A002090B5B5B004AF0346FB800B4697
:1051E000BB801346FB70494B1B68002B00F08A8084
:1051F000002387F8BF300023C7F8B8300023C7F872
:10520000B430EFF31083C7F89C30D7F89C30C7F860
:10521000AC3072B600BF3E4B1B68C7F8A8303D4BA0
:105220001B78DBB2002B13D0012387F8BF303A4B39
:105230001B68C7F8B830394B1B68C7F8B430384B17
:1052400007F18C040FCB84E80F00324B00221A7058
:10525000D7F8AC30002B01D162B600BF97F8BF3051
:10526000002B20D007F10C00D7F8B430029307F1DF
:105270008C030193D7F8B8300093D7F8A830294AA7
:10528000402107F0FFFFC7F8A400D7F8A430002B97
:1052900009DD1E4B1868D7F8A4309AB207F10C014B
:1052A0000A2304F083FFFB78002B04D0D7F8A83042
:1052B000C7F8B03002E00023C7F8B03000F0FEFAC3
:1052C0000146B7F90630B7F9042007F14C00029205
:1052D0000193D7F8B03000930B46134A402107F0F2
:1052E000D1FFC7F8A000D7F8A030002B0BDD074B8B
:1052F0001868D7F8A0309AB207F14C010A2304F0DD
:1053000055FF00E000BFC437BD4690BD940A0020A1
:10531000980A00209C0A0020B40A0020B00A00204D
:10532000A00A0020A4010108B8010108DFF834D068
:10533000FFF7D4FE0C480D490D4A002302E0D45873
:10534000C4500433C4188C42F9D30A4A0A4C0023CF
:1053500001E013600432A242FBD308F0DFF8FCF74F
:10536000D9FD70470000022000000020E801002065
:1053700038100108E80100205C4D0020FEE7000025
:1053800080B582B000AF0023FB7126E0FB79503B73
:10539000DBB20021184600F02BF80021002000F0BD
:1053A00027F80021102000F023F80023BB710DE046
:1053B000BA79FB790D49D2000A4413441B780121C4
:1053C000184600F015F8BB790133BB7197F9063028
:1053D000002BEDDAFB790133FB71FB79072BD5D973
:1053E00000BF00BF0837BD4680BD00BFB80A00201F
:1053F00080B584B000AF03460A46FB711346BB710B
:10540000BB79002B06D001224FF400611E4801F049
:1054100059FD05E000224FF400611B4801F052FDE8
:105420000023FB7322E000224FF48041164801F074
:1054300049FD97F90730002B06DA01224FF400519D
:10544000114801F03FFD05E000224FF400510E48E5
:1054500001F038FD01224FF480410B4801F032FD8C
:10546000FB795B00FB71FB7B0133FB73FB7B072B41
:10547000D9D901224FF40061034801F023FD00BF98
:105480001037BD4680BD00BF000C024080B582B021
:1054900000AF0023FB7114E00023BB710AE0BA796E
:1054A000FB790C49D2000A44134400221A70BB79DC
:1054B0000133BB7197F90630002BF0DAFB79013329
:1054C000FB71FB79072BE7D9FFF75AFF00BF0837BD
:1054D000BD4680BDB80A002080B485B000AF034649
:1054E000FB710B46BB7113467B710023FB7397F96D
:1054F0000730002B41DBBB793F2B3ED8BB79DB0863
:10550000DBB2C3F10703BB73BB7903F007037B7303
:105510007B7BC3F10703012202FA03F3FB737B7960
:10552000002B12D0FA79BB7B1749D2000A441344EE
:105530001878FA79BB7BF97B0143C8B21249D200D3
:105540000A44134402461A7018E0FA79BB7B0E49EC
:10555000D2000A4413441B785AB297F90F30DB4348
:105560005BB2134059B2FA79BB7BC8B20649D2008C
:105570000A44134402461A7000E000BF1437BD46C7
:105580005DF8047B704700BFB80A002090B585B075
:1055900000AF0446084611461A462346FB710346EF
:1055A000BB710B467B7113463B71BB793B737B79B7
:1055B000203B7B710023BB734DE03B790C2B0BD15F
:1055C0007A79B97B284813465B0013449B00034457
:1055D0000B441B78FB7307E07A79BB7B23491201EC
:1055E0000A4413441B78FB7300237B732DE097F967
:1055F0000F30002B07DA97F82020B979FB7918468D
:10560000FFF76AFF0CE097F82030002B0CBF012356
:105610000023DBB21A46B979FB791846FFF75CFF25
:10562000FB7B5B00FB73BB790133BB71BA793B7BBE
:10563000D21A3B799A4205D13B7BBB71FB7901338E
:10564000FB7105E07B7B01337B737B7B072BCED922
:10565000BB7B0133BB73BA7B3B799A42ADD300BFAE
:1056600000BF1437BD4690BDF00101086406010873
:1056700080B584B002AF03463A60FB710B46BB7144
:105680001FE0FB797A2B04D90023FB71BB7910331F
:10569000BB71BB793A2B05D90023FB71FB79BB7138
:1056A000FFF7F4FE3B681A78B979F8790123009383
:1056B0000C23FFF76BFFFB790833FB713B68013369
:1056C0003B603B681B78002BDBD100BF00BF083775
:1056D000BD4680BD80B500AF02F022FC424B1B6F7F
:1056E000414A23F0010313673F4B1B6F3E4A23F0EF
:1056F0000403136702F028FC00224FF480513B485A
:1057000001F0E0FB642000F0E5F801224FF4805145
:10571000364801F0D7FB0021AE20FFF769FE0021DB
:10572000D520FFF765FE00215020FFF761FE002124
:10573000A820FFF75DFE00213F20FFF759FE002162
:10574000D320FFF755FE00210020FFF751FE002176
:105750004020FFF74DFE00218D20FFF749FE00217C
:105760001420FFF745FE00212020FFF741FE002115
:105770000220FFF73DFE0021A120FFF739FE0021A6
:10578000C020FFF735FE0021DA20FFF731FE0021AF
:105790001220FFF72DFE00218120FFF729FE0021B6
:1057A000EF20FFF725FE0021D920FFF721FE002181
:1057B000F120FFF71DFE0021DB20FFF719FE00217D
:1057C0003020FFF715FE0021A420FFF711FE002175
:1057D000A620FFF70DFE0021AF20FFF709FEFFF71F
:1057E00055FE00BF80BD00BF00380240000C0240E3
:1057F00080B500AF0E4B1B680D4A43F40073136075
:105800000B4B1B680A4A43F480631360084B1B6808
:10581000074A43F480731360032000F05BFD0F2000
:1058200000F008F8FFF726F80023184680BD00BFF7
:10583000003C024080B582B000AF7860124B1A681D
:10584000124B1B7819464FF47A73B3FBF1F3B2FB9A
:10585000F3F3184600F073FD0346002B01D001233B
:105860000EE07B680F2B0AD8002279684FF0FF30DA
:1058700000F03BFD064A7B681360002300E0012333
:1058800018460837BD4680BD1000002018000020D3
:105890001400002080B400AF064B1B781A46064B5C
:1058A0001B681344044A136000BFBD465DF8047BC7
:1058B000704700BF18000020B80E002080B400AF71
:1058C000034B1B681846BD465DF8047B704700BF5C
:1058D000B80E002080B584B000AF7860FFF7EEFF0F
:1058E000B8607B68FB60FB68B3F1FF3F05D00A4BF3
:1058F0001B781A46FB681344FB6000BFFFF7DEFF0E
:105900000246BB68D31AFA689A42F7D800BF00BFB4
:105910001037BD4680BD00BF1800002080B584B0A0
:1059200000AF78600023FB737B68002B01D101235B
:1059300033E07B681B6C002B09D17868FEF7C6FF4B
:105940007B6800225A647B68002283F83C207B68D5
:105950001B6C03F01003002B18D17B681B6C23F425
:10596000885323F0020343F002027B681A647868CC
:1059700000F062FA7B6800225A647B681B6C23F09B
:10598000030343F001027B681A6401E00123FB7307
:105990007B68002283F83C20FB7B18461037BD460D
:1059A00080BD000080B588B000AFF860B9607A6053
:1059B00000237B610023FB77FB6893F83C30012BCD
:1059C00001D10223EBE0FB68012283F83C20FB6855
:1059D0001B689B6803F00103012B18D0FB681B6850
:1059E0009A68FB681B6842F001029A606E4B1B6864
:1059F0006E4AA2FB03239A0C13465B0013447B619F
:105A000002E07B69013B7B617B69002BF9D1FB687C
:105A10001B689B6803F48073B3F5807F07D1FB6834
:105A20001B689A68FB681B6822F480729A60FB68A6
:105A30001B689B6803F00103012B40F0A380FB6807
:105A40001B6C23F4E06323F0010343F48072FB68D2
:105A50001A64FB681B685B6803F48063002B07D043
:105A6000FB681B6C23F4405343F48052FB681A64B8
:105A7000FB681B6C03F48053B3F5805F06D1FB68B1
:105A80005B6C23F00602FB685A6402E0FB680022AC
:105A90005A64FB68002283F83C20454BBB61FB68DD
:105AA0009B6B444ADA63FB689B6B434A1A64FB684E
:105AB0009B6B424ADA64FB681B686FF022021A6033
:105AC000FB681B685A68FB681B6842F080625A607A
:105AD000FB681B689A68FB681B6842F480729A60D6
:105AE000FB68986BFB681B684C331946BA687B6887
:105AF00000F0E0FC0346FB77BB695B6803F01F0323
:105B0000002B2AD1FB681B682D4A934215D0FB68F5
:105B10001B682C4A934205D1254B5B6803F01F0399
:105B2000002B0AD0FB681B68274A934236D1204BD2
:105B30005B6803F01003002B30D1FB681B689B6887
:105B400003F04053002B29D1FB681B689A68FB685F
:105B50001B6842F080429A6020E0FB681B68184A8C
:105B600093421BD1FB681B689B6803F04053002BDA
:105B700014D1FB681B689A68FB681B6842F080427E
:105B80009A600BE0FB681B6C43F01002FB681A6420
:105B9000FB685B6C43F00102FB685A64FB7F1846AC
:105BA0002037BD4680BD00BF1000002083DE1B43B0
:105BB0000023014031600008EB6000080761000825
:105BC00000200140002101400022014080B483B048
:105BD00000AF786000BF0C37BD465DF8047B7047AE
:105BE00080B483B000AF786000BF0C37BD465DF86D
:105BF000047B704780B485B000AF786039600023C3
:105C0000BB607B6893F83C30012B01D1022305E196
:105C10007B68012283F83C203B681B68092B25D94F
:105C20007B681B68D9683B681B689BB21A461346A1
:105C30005B0013441E3B072202FA03F3DA437B683E
:105C40001B680A40DA607B681B68D9683B689A6801
:105C50003B681B689BB2184603465B0003441E3B2F
:105C60009A407B681B680A43DA6022E07B681B6805
:105C700019693B681B689BB21A4613465B001344C4
:105C8000072202FA03F3DA437B681B680A401A61B1
:105C90007B681B6819693B689A683B681B689BB204
:105CA000184603465B0003449A407B681B680A431E
:105CB0001A613B685B68062B24D87B681B68596BAC
:105CC0003B685A6813469B001344053B1F2202FAA7
:105CD00003F3DA437B681B680A405A637B681B68DE
:105CE000596B3B681B689BB218463B685A68134661
:105CF0009B001344053B00FA03F27B681B680A43D0
:105D00005A634CE03B685B680C2B24D87B681B68AB
:105D1000196B3B685A6813469B001344233B1F22B0
:105D200002FA03F3DA437B681B680A401A637B6854
:105D30001B68196B3B681B689BB218463B685A6826
:105D400013469B001344233B00FA03F27B681B6855
:105D50000A431A6323E07B681B68D96A3B685A6868
:105D600013469B001344413B1F2202FA03F3DA431C
:105D70007B681B680A40DA627B681B68D96A3B68EB
:105D80001B689BB218463B685A6813469B00134435
:105D9000413B00FA03F27B681B680A43DA62224B3C
:105DA000FB607B681B68214A934209D13B681B68F2
:105DB000122B05D1FB685B6843F48002FB685A60D4
:105DC0007B681B68194A934223D13B681B68102BE0
:105DD00003D03B681B68112B1BD1FB685B6843F445
:105DE0000002FB685A603B681B68102B11D1104BF6
:105DF0001B68104AA2FB03239A0C13469B00134412
:105E00005B00BB6002E0BB68013BBB60BB68002B72
:105E1000F9D17B68002283F83C2000231846143710
:105E2000BD465DF8047B704700230140002001401F
:105E30001000002083DE1B4380B485B000AF786083
:105E4000794BFB60FB685B6823F44032FB685A6067
:105E5000FB685A687B685B681A43FB685A607B681A
:105E60001B685A687B681B6822F480725A607B68E2
:105E70001B6859687B681B691A027B681B680A43A8
:105E80005A607B681B685A687B681B6822F0407206
:105E90005A607B681B6859687B689A687B681B68D6
:105EA0000A435A607B681B689A687B681B6822F407
:105EB00000629A607B681B6899687B68DA687B6817
:105EC0001B680A439A607B689B6A584A934222D0B7
:105ED0007B681B689A687B681B6822F070629A6016
:105EE0007B681B6899687B689A6A7B681B680A43B1
:105EF0009A607B681B689A687B681B6822F0405236
:105F00009A607B681B6899687B68DA6A7B681B68A3
:105F10000A439A600FE07B681B689A687B681B687D
:105F200022F070629A607B681B689A687B681B68C5
:105F300022F040529A607B681B689A687B681B68F5
:105F400022F002029A607B681B6899687B681B7E5E
:105F50005A007B681B680A439A607B6893F820307C
:105F6000002B1BD07B681B685A687B681B6842F457
:105F700000625A607B681B685A687B681B6822F461
:105F800060425A607B681B6859687B685B6A013BAA
:105F90005A037B681B680A435A6007E07B681B68EA
:105FA0005A687B681B6822F400625A607B681B6831
:105FB000DA6A7B681B6822F47002DA627B681B680D
:105FC000D96A7B68DB69013B1A057B681B680A4359
:105FD000DA627B681B689A687B681B6822F400722F
:105FE0009A607B681B6899687B6893F830305A0226
:105FF0007B681B680A439A607B681B689A687B68A9
:106000001B6822F480629A607B681B6899687B68D1
:106010005B699A027B681B680A439A6000BF143769
:10602000BD465DF8047B7047002301400100000F6E
:1060300080B584B000AF78607B689B6BFB60FB68C9
:106040001B6C03F05003002B3CD1FB681B6C43F42A
:106050000072FB681A64FB681B689B6803F040537E
:10606000002B2BD1FB681B7E002B27D1FB681B6804
:10607000DB6A03F47003002B06D0FB681B689B6887
:1060800003F48063002B19D1FB681B685A68FB6816
:106090001B6822F020025A60FB681B6C23F480729C
:1060A000FB681A64FB681B6C03F48053002B05D15A
:1060B000FB681B6C43F00102FB681A64F868FCF78C
:1060C000EFFD0EE0FB681B6C03F01003002B03D008
:1060D000F868FFF785FD04E0FB689B6BDB6C786874
:1060E000984700BF1037BD4680BD80B584B000AF73
:1060F00078607B689B6BFB60F868FFF767FD00BF0B
:106100001037BD4680BD80B584B000AF78607B6835
:106110009B6BFB60FB6840221A64FB685B6C43F07E
:106120000402FB685A64F868FFF75AFD00BF103795
:10613000BD4680BD80B485B000AF78607B6803F059
:106140000703FB600C4BDB68BB60BA684FF6FF03CC
:106150001340BB60FB681A02BB68134343F0BF6384
:1061600043F40033BB60044ABB68D36000BF1437FC
:10617000BD465DF8047B704700ED00E080B400AFE1
:10618000044BDB681B0A03F007031846BD465DF8A5
:10619000047B704700ED00E080B483B000AF03469D
:1061A000FB7197F90730002B0BDBFB7903F01F0223
:1061B000074997F907305B09012000FA02F241F81C
:1061C000232000BF0C37BD465DF8047B704700BF3D
:1061D00000E100E080B483B000AF03463960FB719A
:1061E00097F90730002B0ADB3B68DAB20C4997F9C4
:1061F00007301201D2B20B4483F800230AE03B6857
:10620000DAB20849FB7903F00F03043B1201D2B262
:106210000B441A7600BF0C37BD465DF8047B70470F
:1062200000E100E000ED00E080B489B000AFF8606C
:10623000B9607A60FB6803F00703FB61FB69C3F197
:106240000703042B28BF0423BB61FB690433062B1F
:1062500002D9FB69033B00E000237B614FF0FF3272
:10626000BB6902FA03F3DA43BB681A407B699A40C0
:106270004FF0FF317B6901FA03F3D9437B680B4090
:10628000134318462437BD465DF8047B7047000071
:1062900080B582B000AF78607B68013BB3F1807F4E
:1062A00001D301230FE00A4A7B68013B53600F21B1
:1062B0004FF0FF30FFF78EFF054B00229A60044B32
:1062C00007221A60002318460837BD4680BD00BF6C
:1062D00010E000E080B582B000AF78607868FFF72A
:1062E00029FF00BF0837BD4680BD80B586B000AF2E
:1062F0000346B9607A60FB7300237B61FFF73EFFC2
:1063000078617A68B9687869FFF78EFF024697F975
:106310000F3011461846FFF75DFF00BF1837BD4626
:1063200080BD80B582B000AF0346FB7197F907309E
:106330001846FFF731FF00BF0837BD4680BD80B566
:1063400082B000AF78607868FFF7A2FF0346184676
:106350000837BD4680BD000080B586B000AF7860CC
:1063600000237B61FFF7AAFA38617B68002B01D11B
:10637000012399E07B68022283F835207B680022A4
:1063800083F834207B681B681A687B681B6822F0DE
:1063900001021A600FE0FFF791FA02463B69D31A37
:1063A000052B08D97B6820225A657B68032283F875
:1063B0003520032378E07B681B681B6803F001032A
:1063C000002BE8D17B681B681B687B617A69384BBE
:1063D00013407B617B685A687B689B681A437B68C3
:1063E000DB681A437B681B691A437B685B691A4345
:1063F0007B689B691A437B68DB691A437B681B6A6D
:1064000013437A6913437B617B685B6A042B07D172
:106410007B68DA6A7B681B6B13437A6913437B6181
:106420007B681B687A691A607B681B685B697B61A3
:106430007B6923F007037B617B685B6A7A6913439E
:106440007B617B685B6A042B17D17B689B6A7A69E6
:1064500013437B617B68DB6A002B0ED0786800F009
:1064600001FB0346002B08D07B6840225A657B68FD
:10647000012283F83520012316E07B681B687A69C6
:106480005A61786800F0B8FA0346FB607B68DB6D00
:106490003F229A40FB689A607B6800225A657B68BD
:1064A000012283F83520002318461837BD4680BDE9
:1064B0003F8010F080B586B000AFF860B9607A60B8
:1064C0003B600023FB75FB689B6D3B61FB6893F8A9
:1064D0003430012B01D1022340E0FB68012283F814
:1064E0003420FB6893F83530DBB2012B2FD1FB68E9
:1064F000022283F83520FB6800225A653B687A68DF
:10650000B968F86800F04AFAFB68DB6D3F229A40F0
:106510003B699A60FB681B681A68FB681B6842F05D
:1065200016021A60FB681B6C002B07D0FB681B6807
:106530001A68FB681B6842F008021A60FB681B6857
:106540001A68FB681B6842F001021A6005E0FB68EC
:10655000002283F834200223FB75FB7D1846183790
:10656000BD4680BD80B584B000AF78607B689B6D10
:10657000FB60FFF7A3F9B8607B6893F83530DBB2B6
:10658000022B08D07B6880225A657B68002283F842
:106590003420012352E07B681B681A687B681B6803
:1065A00022F016021A607B681B685A697B681B68B8
:1065B00022F080025A617B681B6C002B03D17B6840
:1065C0009B6C002B07D07B681B681A687B681B6874
:1065D00022F008021A607B681B681A687B681B68D7
:1065E00022F001021A6013E0FFF768F90246BB6867
:1065F000D31A052B0CD97B6820225A657B680322AD
:1066000083F835207B68002283F83420032315E0CB
:106610007B681B681B6803F00103002BE4D17B68D7
:10662000DB6D3F229A40FB689A607B68012283F809
:1066300035207B68002283F8342000231846103769
:10664000BD4680BD80B483B000AF78607B6893F8AE
:106650003530DBB2022B04D07B6880225A650123DF
:106660000CE07B68052283F835207B681B681A687C
:106670007B681B6822F001021A60002318460C3761
:10668000BD465DF8047B704780B586B000AF78608A
:106690000023BB608E4B1B688E4AA2FB03239B0A20
:1066A0007B617B689B6D3B613B691B68FB607B6822
:1066B000DB6D08229A40FB681340002B1AD07B68E0
:1066C0001B681B6803F00403002B13D07B681B6856
:1066D0001A687B681B6822F004021A607B68DB6D15
:1066E00008229A403B699A607B685B6D43F0010227
:1066F0007B685A657B68DB6D01229A40FB6813401A
:10670000002B12D07B681B685B6903F08003002BB1
:106710000BD07B68DB6D01229A403B699A607B68F5
:106720005B6D43F002027B685A657B68DB6D042277
:106730009A40FB681340002B12D07B681B681B68D3
:1067400003F00203002B0BD07B68DB6D04229A4020
:106750003B699A607B685B6D43F004027B685A6515
:106760007B68DB6D10229A40FB681340002B43D0FE
:106770007B681B681B6803F00803002B3CD07B6818
:10678000DB6D10229A403B699A607B681B681B682E
:1067900003F48023002B18D07B681B681B6803F46C
:1067A0000023002B08D17B681B6C002B24D07B6856
:1067B0001B6C786898471FE07B689B6C002B1BD094
:1067C0007B689B6C7868984716E07B681B681B6841
:1067D00003F48073002B07D17B681B681A687B6801
:1067E0001B6822F008021A607B681B6C002B03D028
:1067F0007B681B6C786898477B68DB6D20229A4029
:10680000FB681340002B00F08F807B681B681B68BF
:1068100003F01003002B00F087807B68DB6D2022E3
:106820009A403B699A607B6893F83530DBB2052B60
:1068300036D17B681B681A687B681B6822F01602D9
:106840001A607B681B685A697B681B6822F08002AB
:106850005A617B681B6C002B03D17B689B6C002BFF
:1068600007D07B681B681A687B681B6822F00802E7
:106870001A607B68DB6D3F229A403B699A607B68B7
:10688000012283F835207B68002283F834207B685E
:106890001B6D002B7ED07B681B6D7868984779E074
:1068A0007B681B681B6803F48023002B1DD07B686A
:1068B0001B681B6803F40023002B0DD17B685B6C05
:1068C000002B31D07B685B6C786898472CE000BF68
:1068D00010000020B5814E1B7B68DB6B002B23D0A2
:1068E0007B68DB6B786898471EE07B681B681B68D9
:1068F00003F48073002B0FD17B681B681A687B68D8
:106900001B6822F010021A607B68012283F8352090
:106910007B68002283F834207B68DB6B002B03D07C
:106920007B68DB6B786898477B685B6D002B32D0A7
:106930007B685B6D03F00103002B22D07B6805228E
:1069400083F835207B681B681A687B681B6822F017
:1069500001021A60BB680133BB607A699A4207D3AF
:106960007B681B681B6803F00103002BF2D100E079
:1069700000BF7B68012283F835207B68002283F802
:1069800034207B68DB6C002B05D07B68DB6C78687F
:10699000984700E000BF1837BD4680BD80B485B081
:1069A00000AFF860B9607A603B60FB681B681A68EA
:1069B000FB681B6822F480221A60FB681B683A6837
:1069C0005A60FB689B68402B08D1FB681B687A689B
:1069D0009A60FB681B68BA68DA6007E0FB681B68AE
:1069E000BA689A60FB681B687A68DA6000BF14377F
:1069F000BD465DF8047B704780B485B000AF786019
:106A00007B681B68DBB2103B144AA2FB03231B0903
:106A1000FB60134AFB6813441B781A467B68DA65EF
:106A2000FB68032B09D97B681B6823F47F7323F071
:106A300003031A1D7B689A6507E07B681B6823F4D3
:106A40007F7323F003037A6893657B689B6D184618
:106A50001437BD465DF8047B704700BFABAAAAAAF5
:106A6000540C010880B485B000AF78600023FB733C
:106A70007B689B6ABB607B689B69002B1FD1BB68EE
:106A8000032B56D801A252F823F000BF9D6A0008DC
:106A9000AF6A00089D6A0008336B00087B68DB6AF8
:106AA00003F08073002B46D00123FB7343E07B6827
:106AB000DB6AB3F1C07F40D10123FB733DE07B680B
:106AC0009B69B3F5005F21D1BB68032B37D801A2C6
:106AD00052F823F0E56A0008EB6A0008E56A00084E
:106AE000FD6A00080123FB7330E07B68DB6A03F07A
:106AF0008073002B25D00123FB7322E07B68DB6AC7
:106B0000B3F1C07F1FD10123FB731CE0BB68022BD4
:106B100003D9BB68032B03D018E00123FB7315E0F6
:106B20007B68DB6A03F08073002B0ED00123FB73BC
:106B30000BE000BF0AE000BF08E000BF06E000BFB6
:106B400004E000BF02E000BF00E000BFFB7B18468E
:106B50001437BD465DF8047B704700BF80B489B030
:106B600000AF7860396000237B6100233B61002324
:106B7000BB610023FB616BE10122FB6902FA03F3B5
:106B80007B613B681B687A6913403B613A697B69AA
:106B90009A4240F05A813B685B6803F00303012B83
:106BA00005D03B685B6803F00303022B30D17B68A0
:106BB0009B68BB61FB695B00032202FA03F3DB43C2
:106BC000BA691340BB613B68DA68FB695B0002FA93
:106BD00003F3BA691343BB617B68BA699A607B6847
:106BE0005B68BB610122FB6902FA03F3DB43BA690C
:106BF0001340BB613B685B681B0903F00102FB6942
:106C000002FA03F3BA691343BB617B68BA695A603D
:106C10003B685B6803F00303032B17D07B68DB68DA
:106C2000BB61FB695B00032202FA03F3DB43BA6931
:106C30001340BB613B689A68FB695B0002FA03F38F
:106C4000BA691343BB617B68BA69DA603B685B6809
:106C500003F00303022B23D1FB69DA087B680832B7
:106C600053F82230BB61FB6903F007039B000F223E
:106C700002FA03F3DB43BA691340BB613B681A694C
:106C8000FB6903F007039B0002FA03F3BA6913439D
:106C9000BB61FB69DA087B680832B96943F82210E6
:106CA0007B681B68BB61FB695B00032202FA03F38C
:106CB000DB43BA691340BB613B685B6803F00302C6
:106CC000FB695B0002FA03F3BA691343BB617B689B
:106CD000BA691A603B685B6803F44033002B00F02C
:106CE000B4800023FB60604B5B6C5F4A43F48043DD
:106CF00053645D4B5B6C03F48043FB60FB685B4A51
:106D0000FB699B08023352F82330BB61FB6903F037
:106D100003039B000F2202FA03F3DB43BA6913401B
:106D2000BB617B68524A93422BD07B68514A9342A5
:106D300025D07B68504A93421FD07B684F4A9342CC
:106D400019D07B684E4A934213D07B684D4A9342D8
:106D50000DD07B684C4A934207D07B684B4A9342E4
:106D600001D107230EE008230CE006230AE00523E7
:106D700008E0042306E0032304E0022302E00123E9
:106D800000E00023FA6902F0030292009340BA691E
:106D90001343BB613549FB699B080233BA6941F86B
:106DA00023203B4B9B68BB613B69DB43BA691340C3
:106DB000BB613B685B6803F48013002B03D0BA69A6
:106DC0003B691343BB61324ABB699360304BDB685C
:106DD000BB613B69DB43BA691340BB613B685B68DD
:106DE00003F40013002B03D0BA693B691343BB6162
:106DF000274ABB69D360264B5B68BB613B69DB43B9
:106E0000BA691340BB613B685B6803F40033002B35
:106E100003D0BA693B691343BB611D4ABB69536028
:106E20001B4B1B68BB613B69DB43BA691340BB6109
:106E30003B685B6803F48033002B03D0BA693B697D
:106E40001343BB61124ABB691360FB690133FB61E9
:106E5000FB690F2B7FF690AE00BF00BF2437BD4605
:106E60005DF8047B704700BF0038024000380140E5
:106E7000000002400004024000080240000C0240F2
:106E8000001002400014024000180240001C0240A2
:106E9000003C014080B485B000AF78600B467B8039
:106EA0007B681A697B881340002B02D00123FB7397
:106EB00001E00023FB73FB7B18461437BD465DF8E9
:106EC000047B704780B483B000AF78600B467B8052
:106ED00013467B707B78002B03D07A887B689A619D
:106EE00003E07B881A047B689A6100BF0C37BD46BB
:106EF0005DF8047B704780B485B000AF78600B46C6
:106F00007B807B685B69FB607A88FB6813401A04AE
:106F1000FB68D9437B880B401A437B689A6100BFAA
:106F20001437BD465DF8047B7047000080B584B01F
:106F300000AF78607B68002B01D101232BE17B68D7
:106F400093F83D30DBB2002B06D17B68002283F83A
:106F50003C207868FDF732FD7B68242283F83D20D1
:106F60007B681B681A687B681B6822F001021A6044
:106F70007B681B681A687B681B6842F400421A60D1
:106F80007B681B681A687B681B6822F400421A60E1
:106F900001F01CFCF8607B685B68814A934207D86B
:106FA000FB68804A934294BF01230023DBB206E0D2
:106FB000FB687D4A934294BF01230023DBB2002B80
:106FC00001D00123E7E0FB68784AA2FB03239B0C76
:106FD000BB607B681B685B6823F03F017B681B68B4
:106FE000BA680A435A607B681B681B6A23F03F013A
:106FF0007B685B686A4A934202D8BB68013309E048
:10700000BB684FF4967202FB03F3694AA2FB0323A9
:107010009B0901337A6812680B4313627B681B6813
:10702000DB6923F44F4222F0FF027B685B685C4916
:107030008B4219D8FB68591E7B685B685B00B1FB0B
:10704000F3F3591C40F6FC730B40002B0AD0FB688D
:10705000591E7B685B685B00B1FBF3F30133C3F33C
:107060000B0351E004234FE07B689B68002B11D198
:10707000FB68581E7B6859680B465B000B44B0FBED
:10708000F3F30133C3F30B03002B0CBF01230023E5
:10709000DBB212E0FB68581E7B6859680B469B0008
:1070A0000B4499000B44B0FBF3F30133C3F30B0320
:1070B000002B0CBF01230023DBB2002B01D00123E6
:1070C00022E07B689B68002B0ED1FB68581E7B6812
:1070D00059680B465B000B44B0FBF3F30133C3F379
:1070E0000B0343F400430FE0FB68581E7B685968AC
:1070F0000B469B000B4499000B44B0FBF3F30133A8
:10710000C3F30B0343F44043796809681343CB612D
:107110007B681B681B6823F0C0017B68DA697B68A9
:107120001B6A1A437B681B680A431A607B681B68EA
:107130009B6823F4034323F0FF037A6811697A689C
:10714000D26811437A6812680B4393607B681B68AE
:10715000DB6823F0FF017B685A697B689B691A43EF
:107160007B681B680A43DA607B681B681A687B6867
:107170001B6842F001021A607B6800221A647B6877
:10718000202283F83D207B6800221A637B6800225E
:1071900083F83E20002318461037BD4680BD00BF4F
:1071A000A08601007F841E00FF083D0083DE1B4394
:1071B000D34D621080B588B002AFF8607A601A468D
:1071C0000B467B8113463B81FEF778FB7861FB68B9
:1071D00093F83D30DBB2202B40F0E0807B690093D8
:1071E000192301227049F86800F064FC0346002B63
:1071F00001D00223D3E0FB6893F83C30012B01D18E
:107200000223CCE0FB68012283F83C20FB681B686A
:107210001B6803F00103012B07D0FB681B681A6889
:10722000FB681B6842F001021A60FB681B681A6861
:10723000FB681B6822F400621A60FB68212283F855
:107240003D20FB68102283F83E20FB6800221A6470
:10725000FB687A685A62FB683A895A85FB685B8DDD
:107260009AB2FB681A85FB68504ADA6279897B69B1
:107270003A6AF86800F0CEFA0346002B01D00123E9
:107280008DE000233B61FB681B685B693B61FB6829
:107290001B689B693B613B6966E07A69396AF868FB
:1072A00000F022FD0346002B0DD0FB681B6C042B65
:1072B00007D1FB681B681A68FB681B6842F4007200
:1072C0001A6001236BE0FB685B6A1A78FB681B6835
:1072D0001A61FB685B6A5A1CFB685A62FB685B8D2B
:1072E0009BB2013B9AB2FB685A85FB681B8D013B40
:1072F0009AB2FB681A85FB681B685B6903F004039C
:10730000042B1BD1FB681B8D002B17D0FB685B6A1D
:107310001A78FB681B681A61FB685B6A5A1CFB6879
:107320005A62FB685B8D9BB2013B9AB2FB685A853F
:10733000FB681B8D013B9AB2FB681A857A69396A32
:10734000F86800F019FD0346002B0DD0FB681B6C9C
:10735000042B07D1FB681B681A68FB681B6842F4A2
:1073600000721A6001231AE0FB681B8D002B94D178
:10737000FB681B681A68FB681B6842F400721A609D
:10738000FB68202283F83D20FB68002283F83E2022
:10739000FB68002283F83C20002300E0022318460B
:1073A0001837BD4680BD00BF020010000000FFFF7F
:1073B00080B58CB002AFF8607A601A460B467B81CC
:1073C00013463B81FEF77AFA7862FB6893F83D300A
:1073D000DBB2202B40F017827B6A00931923012235
:1073E0007C49F86800F066FB0346002B01D00223BD
:1073F0000AE2FB6893F83C30012B01D1022303E23F
:10740000FB68012283F83C20FB681B681B6803F0C3
:107410000103012B07D0FB681B681A68FB681B6817
:1074200042F001021A60FB681B681A68FB681B685F
:1074300022F400621A60FB68222283F83D20FB6878
:10744000102283F83E20FB6800221A64FB687A68E9
:107450005A62FB683A895A85FB685B8D9AB2FB6871
:107460001A85FB685C4ADA6279897B6A3A6BF8684C
:1074700000F052FA0346002B01D00123C4E1FB685F
:107480001B8D002B13D100233B62FB681B685B69DB
:107490003B62FB681B689B693B623B6AFB681B683D
:1074A0001A68FB681B6842F400721A6098E1FB6876
:1074B0001B8D012B1BD1FB681B681A68FB681B68BE
:1074C00022F480621A600023FB61FB681B685B6921
:1074D000FB61FB681B689B69FB61FB69FB681B68C0
:1074E0001A68FB681B6842F400721A6078E1FB6856
:1074F0001B8D022B1BD1FB681B681A68FB681B687D
:1075000022F480621A60FB681B681A68FB681B68BB
:1075100042F400621A600023BB61FB681B685B6970
:10752000BB61FB681B689B69BB61BB6958E1FB6879
:107530001B681A68FB681B6842F480621A600023AB
:107540007B61FB681B685B697B61FB681B689B69EF
:107550007B617B6944E1FB681B8D032B00F2F180AA
:10756000FB681B8D012B23D17A6A396BF86800F018
:107570004BFC0346002B01D0012345E1FB681B684F
:107580001A69FB685B6AD2B21A70FB685B6A5A1CA4
:10759000FB685A62FB681B8D013B9AB2FB681A8537
:1075A000FB685B8D9BB2013B9AB2FB685A8517E181
:1075B000FB681B8D022B4ED17B6A00933B6B002234
:1075C0000649F86800F076FA0346002B08D001233C
:1075D0001AE100BF020010000000FFFF04000100DC
:1075E000FB681B681A68FB681B6842F400721A602B
:1075F000FB681B681A69FB685B6AD2B21A70FB6889
:107600005B6A5A1CFB685A62FB681B8D013B9AB28D
:10761000FB681A85FB685B8D9BB2013B9AB2FB68E5
:107620005A85FB681B681A69FB685B6AD2B21A70DC
:10763000FB685B6A5A1CFB685A62FB681B8D013B46
:107640009AB2FB681A85FB685B8D9BB2013B9AB2CC
:10765000FB685A85C4E07B6A00933B6B00226C494F
:10766000F86800F027FA0346002B01D00123CBE095
:10767000FB681B681A68FB681B6822F480621A604A
:10768000FB681B681A69FB685B6AD2B21A70FB68F8
:107690005B6A5A1CFB685A62FB681B8D013B9AB2FD
:1076A000FB681A85FB685B8D9BB2013B9AB2FB6855
:1076B0005A857B6A00933B6B00225549F86800F0BD
:1076C000F9F90346002B01D001239DE0FB681B68FC
:1076D0001A68FB681B6842F400721A60FB681B683A
:1076E0001A69FB685B6AD2B21A70FB685B6A5A1C43
:1076F000FB685A62FB681B8D013B9AB2FB681A85D6
:10770000FB685B8D9BB2013B9AB2FB685A85FB68B4
:107710001B681A69FB685B6AD2B21A70FB685B6A05
:107720005A1CFB685A62FB681B8D013B9AB2FB68CE
:107730001A85FB685B8D9BB2013B9AB2FB685A8548
:107740004EE07A6A396BF86800F05EFB0346002B66
:1077500001D0012358E0FB681B681A69FB685B6A6B
:10776000D2B21A70FB685B6A5A1CFB685A62FB68EB
:107770001B8D013B9AB2FB681A85FB685B8D9BB23F
:10778000013B9AB2FB685A85FB681B685B6903F092
:107790000403042B24D1FB681B8D032B07D1FB684A
:1077A0001B681A68FB681B6822F480621A60FB6819
:1077B0001B681A69FB685B6AD2B21A70FB685B6A65
:1077C0005A1CFB685A62FB681B8D013B9AB2FB682E
:1077D0001A85FB685B8D9BB2013B9AB2FB685A85A8
:1077E000FB681B8D002B7FF4B6AEFB68202283F86C
:1077F0003D20FB68002283F83E20FB68002283F8CE
:107800003C20002300E0022318462837BD4680BDF7
:107810000400010080B588B002AFF8607A603B6078
:107820000B467B81FB68DB6A7B617B69082B06D09A
:107830007B69012B03D07B6913F5803F08D1FB687E
:107840001B681A68FB681B6842F480721A600BE0C0
:10785000FB681B6B122B07D1FB681B681A68FB685F
:107860001B6842F480721A603B6800937B680022B8
:107870004FF00111F86800F01DF90346002B0DD000
:10788000FB681B681B6803F48073B3F5807F03D12A
:10789000FB684FF400721A64032335E0FB681B6930
:1078A000B3F5804F08D17B89DBB21A46FB681B68B1
:1078B00002F0FE021A611BE07B89DB11DBB203F0F0
:1078C0000603DBB263F00F03DAB2FB681B681A61D0
:1078D0003B687A680E49F86800F066F90346002BA9
:1078E00001D0012310E07B89DAB2FB681B681A61C2
:1078F0003B687A680749F86800F056F90346002BA0
:1079000001D0012300E0002318461837BD4680BD92
:10791000080001000200010080B588B002AFF860E5
:107920007A603B600B467B81FB68DB6A7B61FB68AE
:107930001B681A68FB681B6842F480621A607B69E6
:10794000082B06D07B69012B03D07B6913F5803FA0
:1079500008D1FB681B681A68FB681B6842F48072D8
:107960001A600BE0FB681B6B112B07D1FB681B68CF
:107970001A68FB681B6842F480721A603B680093C7
:107980007B6800224FF00111F86800F093F803467D
:10799000002B0DD0FB681B681B6803F48073B3F5E4
:1079A000807F03D1FB684FF400721A64032379E0EF
:1079B000FB681B69B3F5804F08D17B89DBB243F0CC
:1079C0000103DAB2FB681B681A615FE07B89DB1197
:1079D000DBB203F00603DBB263F00F03DAB2FB683D
:1079E0001B681A613B687A683049F86800F0DCF877
:1079F0000346002B01D0012354E07B89DAB2FB68F7
:107A00001B681A613B687A682949F86800F0CCF86D
:107A10000346002B01D0012344E000233B61FB68B7
:107A20001B685B693B61FB681B689B693B613B6949
:107A3000FB681B681A68FB681B6842F480721A6056
:107A40003B6800937B6800224FF00111F86800F05A
:107A500031F80346002B0DD0FB681B681B6803F44C
:107A60008073B3F5807F03D1FB684FF400721A6412
:107A7000032317E07B89DB11DBB203F00603DBB2E3
:107A800063F00E03DAB2FB681B681A613B687A6820
:107A90000749F86800F088F80346002B01D001235D
:107AA00000E0002318461837BD4680BD08000100DD
:107AB0000200010080B584B000AFF860B9603B609F
:107AC0001346FB7148E03B68B3F1FF3F44D0FDF73C
:107AD000F5FE0246BB69D31A3A689A4202D33B6864
:107AE000002B39D1BB681B0CDBB2012B0DD1FB681D
:107AF0001B685B69DA43BB6813409BB2002B0CBF69
:107B000001230023DBB21A460CE0FB681B689B696B
:107B1000DA43BB6813409BB2002B0CBF0123002348
:107B2000DBB21A46FB799A4216D1FB6800221A632F
:107B3000FB68202283F83D20FB68002283F83E206A
:107B4000FB681B6C43F02002FB681A64FB68002290
:107B500083F83C20012323E0BB681B0CDBB2012B24
:107B60000DD1FB681B685B69DA43BB6813409BB2AD
:107B7000002B0CBF01230023DBB21A460CE0FB688C
:107B80001B689B69DA43BB6813409BB2002B0CBF98
:107B900001230023DBB21A46FB799A4293D00023DB
:107BA00018461037BD4680BD80B584B000AFF86080
:107BB000B9607A603B6071E0FB681B685B6903F445
:107BC0008063B3F5806F23D1FB681B681A68FB687C
:107BD0001B6842F400721A60FB681B686FF48062D5
:107BE0005A61FB6800221A63FB68202283F83D205B
:107BF000FB68002283F83E20FB681B6C43F0040204
:107C0000FB681A64FB68002283F83C20012367E0CC
:107C10007B68B3F1FF3F41D0FDF750FE02463B6861
:107C2000D31A7A689A4202D37B68002B36D1BB689C
:107C30001B0CDBB2012B0CD1FB681B685B69DA43C0
:107C4000BB6813409BB2002B14BF01230023DBB29F
:107C50000BE0FB681B689B69DA43BB6813409BB26F
:107C6000002B14BF01230023DBB2002B16D0FB68CE
:107C700000221A63FB68202283F83D20FB68002263
:107C800083F83E20FB681B6C43F02002FB681A64FB
:107C9000FB68002283F83C20012321E0BB681B0C19
:107CA000DBB2012B0CD1FB681B685B69DA43BB6854
:107CB00013409BB2002B14BF01230023DBB20BE067
:107CC000FB681B689B69DA43BB6813409BB2002BBF
:107CD00014BF01230023DBB2002B7FF46DAF002320
:107CE00018461037BD4680BD80B584B000AFF8603F
:107CF000B9607A6034E0F86800F0E3F80346002BDE
:107D000001D0012334E0BB68B3F1FF3F28D0FDF779
:107D1000D5FD02467B68D31ABA689A4202D3BB6883
:107D2000002B1DD1FB681B685B6903F08003802B6F
:107D300016D0FB6800221A63FB68202283F83D20DE
:107D4000FB68002283F83E20FB681B6C43F0200296
:107D5000FB681A64FB68002283F83C20012307E0DB
:107D6000FB681B685B6903F08003802BC3D1002391
:107D700018461037BD4680BD80B584B000AFF860AE
:107D8000B9607A6034E0F86800F09BF80346002B95
:107D900001D0012334E0BB68B3F1FF3F28D0FDF7E9
:107DA0008DFD02467B68D31ABA689A4202D3BB683B
:107DB000002B1DD1FB681B685B6903F00403042BD7
:107DC00016D0FB6800221A63FB68202283F83D204E
:107DD000FB68002283F83E20FB681B6C43F0200206
:107DE000FB681A64FB68002283F83C20012307E04B
:107DF000FB681B685B6903F00403042BC3D10023F9
:107E000018461037BD4680BD80B584B000AFF8601D
:107E1000B9607A6049E0FB681B685B6903F0100396
:107E2000102B19D1FB681B686FF010025A61FB68B8
:107E300000221A63FB68202283F83D20FB680022A1
:107E400083F83E20FB681A6CFB681A64FB6800220A
:107E500083F83C20012330E0FDF730FD02467B68CB
:107E6000D31ABA689A4202D3BB68002B1DD1FB68B3
:107E70001B685B6903F04003402B16D0FB680022AF
:107E80001A63FB68202283F83D20FB68002283F8F8
:107E90003E20FB681B6C43F02002FB681A64FB6801
:107EA000002283F83C20012307E0FB681B685B6924
:107EB00003F04003402BAED1002318461037BD46D7
:107EC00080BD80B483B000AF78607B681B685B695D
:107ED00003F48063B3F5806F1BD17B681B686FF47C
:107EE00080625A617B6800221A637B68202283F8D3
:107EF0003D207B68002283F83E207B681B6C43F0AA
:107F000004027B681A647B68002283F83C2001230A
:107F100000E0002318460C37BD465DF8047B70472F
:107F200080B483B000AF064B01221A60054B1B687A
:107F30007B607B6800BF0C37BD465DF8047B7047F3
:107F400020000E420070004080B483B000AF064BAA
:107F500000221A60054B1B687B607B6800BF0C37F2
:107F6000BD465DF8047B704720000E420070004063
:107F700080B586B000AF78607B68002B01D101230B
:107F800067E27B681B6803F00103002B75D0884B08
:107F90009B6803F00C03042B0CD0854B9B6803F00B
:107FA0000C03082B12D1824B5B6803F48003B3F5FA
:107FB000800F0BD17E4B1B6803F40033002B5BD08A
:107FC0007B685B68002B57D1012342E27B685B68CA
:107FD000B3F5803F06D1764B1B68754A43F4803376
:107FE00013601DE07B685B68B3F5A02F0CD1704B6C
:107FF0001B686F4A43F4802313606D4B1B686C4A07
:1080000043F4803313600BE0694B1B68684A23F428
:1080100080331360664B1B68654A23F4802313602A
:108020007B685B68002B13D0FDF748FC386108E0E3
:10803000FDF744FC02463B69D31A642B01D90323A4
:1080400007E25B4B1B6803F40033002BF0D014E015
:10805000FDF734FC386108E0FDF730FC02463B696F
:10806000D31A642B01D90323F3E1514B1B6803F4AA
:108070000033002BF0D100E000BF7B681B6803F0E9
:108080000203002B63D04A4B9B6803F00C03002BC8
:108090000BD0474B9B6803F00C03082B1CD1444BBF
:1080A0005B6803F48003002B16D1414B1B6803F07F
:1080B0000203002B05D07B68DB68012B01D0012374
:1080C000C7E13B4B1B6823F0F8027B681B69DB00B0
:1080D000374913430B603AE07B68DB68002B20D004
:1080E000344B01221A60FDF7E9FB386108E0FDF727
:1080F000E5FB02463B69D31A022B01D90323A8E111
:108100002B4B1B6803F00203002BF0D0284B1B689D
:1081100023F0F8027B681B69DB00254913430B60E1
:1081200015E0244B00221A60FDF7C8FB386108E017
:10813000FDF7C4FB02463B69D31A022B01D9032386
:1081400087E11B4B1B6803F00203002BF0D17B6817
:108150001B6803F00803002B36D07B685B69002B9B
:1081600016D0154B01221A60FDF7A8FB386108E014
:10817000FDF7A4FB02463B69D31A022B01D9032366
:1081800067E10B4B5B6F03F00203002BF0D01BE0A9
:10819000094B00221A60FDF791FB38610EE0FDF7F4
:1081A0008DFB02463B69D31A022B07D9032350E10A
:1081B0000038024000004742800E4742884B5B6F08
:1081C00003F00203002BEAD17B681B6803F0040371
:1081D000002B00F097800023FB75814B1B6C03F094
:1081E0008053002B0FD10023BB607D4B1B6C7C4A5E
:1081F00043F0805313647A4B1B6C03F08053BB60D5
:10820000BB680123FB75774B1B6803F48073002B5D
:1082100018D1744B1B68734A43F480731360FDF7E5
:108220004DFB386108E0FDF749FB02463B69D31A74
:10823000022B01D903230CE16A4B1B6803F4807302
:10824000002BF0D07B689B68012B06D1644B1B6F21
:10825000634A43F0010313671CE07B689B68052BAE
:108260000CD15F4B1B6F5E4A43F0040313675C4BFA
:108270001B6F5B4A43F0010313670BE0584B1B6F06
:10828000574A23F001031367554B1B6F544A23F0E1
:10829000040313677B689B68002B15D0FDF70EFB6A
:1082A00038610AE0FDF70AFB02463B69D31A41F246
:1082B0008832934201D90323CBE0494B1B6F03F073
:1082C0000203002BEED014E0FDF7F8FA38610AE063
:1082D000FDF7F4FA02463B69D31A41F28832934221
:1082E00001D90323B5E03E4B1B6F03F00203002BC3
:1082F000EED1FB7D012B05D1394B1B6C384A23F0A5
:10830000805313647B689B69002B00F0A180344B81
:108310009B6803F00C03082B5CD07B689B69022BE5
:1083200041D1314B00221A60FDF7C8FA386108E0EC
:10833000FDF7C4FA02463B69D31A022B01D9032385
:1083400087E0274B1B6803F00073002BF0D17B689C
:10835000DA697B681B6A1A437B685B6A9B011A4374
:108360007B689B6A5B08013B1B041A437B68DB6AE2
:108370001B061B4913434B601B4B01221A60FDF780
:108380009DFA386108E0FDF799FA02463B69D31A75
:10839000022B01D903235CE0114B1B6803F000732F
:1083A000002BF0D054E0104B00221A60FDF786FA43
:1083B000386108E0FDF782FA02463B69D31A022BC6
:1083C00001D9032345E0064B1B6803F00073002B23
:1083D000F0D13DE07B689B69012B07D1012338E098
:1083E0000038024000700040600047421B4B5B6851
:1083F000FB607B689B69012B28D0FB6803F480023B
:108400007B68DB699A4221D1FB6803F03F027B68FD
:108410001B6A9A421AD1FA6847F6C07313407A6809
:10842000526A9201934211D1FB6803F440327B6897
:108430009B6A5B08013B1B049A4207D1FB6803F06F
:1084400070627B68DB6A1B069A4201D0012300E060
:10845000002318461837BD4680BD00BF00380240D3
:1084600080B584B000AF786039607B68002B01D1A3
:108470000123CCE0684B1B6803F007033A689A427B
:108480000CD9654B3A68D2B21A70634B1B6803F083
:1084900007033A689A4201D00123B8E07B681B6861
:1084A00003F00203002B20D07B681B6803F0040359
:1084B000002B05D0594B9B68584A43F4E053936016
:1084C0007B681B6803F00803002B05D0534B9B68A7
:1084D000524A43F460439360504B9B6823F0F00290
:1084E0007B689B684D4913438B607B681B6803F076
:1084F0000103002B44D07B685B68012B07D1474BFD
:108500001B6803F40033002B19D101237FE07B6843
:108510005B68022B03D07B685B68032B07D13F4B62
:108520001B6803F00073002B09D101236FE03B4B64
:108530001B6803F00203002B01D1012367E0374BD6
:108540009B6823F003027B685B68344913438B60AC
:10855000FDF7B4F9F8600AE0FDF7B0F90246FB68F0
:10856000D31A41F28832934201D903234FE02B4BB7
:108570009B6803F00C027B685B689B009A42EBD11E
:10858000254B1B6803F007033A689A420CD2224B32
:108590003A68D2B21A70204B1B6803F007033A689E
:1085A0009A4201D0012332E07B681B6803F0040388
:1085B000002B08D0194B9B6823F4E0527B68DB68E2
:1085C000164913438B607B681B6803F00803002B7C
:1085D00009D0124B9B6823F460427B681B69DB0067
:1085E0000E4913438B6000F021F802460B4B9B6849
:1085F0001B0903F00F030A49CB5C22FA03F3094A73
:108600001360094B1B681846FDF714F90023184640
:108610001037BD4680BD00BF003C0240003802401C
:10862000D801010810000020140000202DE9B04FEF
:1086300090B000AF00237B630023FB6300233B6308
:108640000023BB63584B9B6803F00C03082B0DD031
:10865000082B00F2A080002B02D0042B03D09AE05C
:10866000524BBB639AE0524BBB6397E04E4B5B6847
:1086700003F03F037B634C4B5B6803F48003002BE8
:1086800027D0494B5B689B0900223B627A623B6AB8
:10869000C3F308000021464B03FB01F2002300FB5B
:1086A00003F31344424AA0FB0221F962BA62FA6A58
:1086B0001344FB627B6B0022BB61FA61D7E906239E
:1086C000D7E90A01F8F780FA02460B461346FB6326
:1086D00053E0354B5B689B0900223B617A613B6943
:1086E000C3F3080A4FF0000B52465B464FF0000000
:1086F0004FF00001590141EAD261500102460B4698
:10870000B2EB0A0863EB0B094FF000024FF00003D5
:108710004FEA891343EA98634FEA8812B2EB0804E0
:1087200063EB09054FF000024FF00003EB0043EA52
:108730005473E20014461D4614EB0A033B6045EBFC
:108740000B037B604FF000024FF00003D7E90045B8
:1087500029468B02214643EA915321468A0210465C
:1087600019467B6B0022BB60FA60D7E90223F8F759
:108770002BFA02460B461346FB630B4B5B681B0C44
:1087800003F0030301335B003B63FA6B3B6BB2FB0B
:10879000F3F3BB6302E0054BBB6300BFBB6B184642
:1087A0004037BD46BDE8B08F003802400024F400D9
:1087B00040787D0180B400AF034B1B681846BD466E
:1087C0005DF8047B704700BF1000002080B500AF4B
:1087D000FFF7F0FF0246054B9B689B0A03F0070377
:1087E0000349CB5C22FA03F3184680BD00380240EF
:1087F000E801010880B500AFFFF7DCFF0246054B3A
:108800009B685B0B03F007030349CB5C22FA03F37D
:10881000184680BD00380240E801010880B582B0EA
:1088200000AF78607B68002B01D1012341E07B68B9
:1088300093F83D30DBB2002B06D17B68002283F831
:108840003C207868FCF79CF97B68022283F83D2085
:108850007B681A687B6804331946104600F086FF6F
:108860007B68012283F846207B68012283F83E2042
:108870007B68012283F83F207B68012283F8402037
:108880007B68012283F841207B68012283F8422023
:108890007B68012283F843207B68012283F844200F
:1088A0007B68012283F845207B68012283F83D2004
:1088B000002318460837BD4680BD80B582B000AFA2
:1088C00078607B68002B01D1012341E07B6893F83D
:1088D0003D30DBB2002B06D17B68002283F83C20C0
:1088E000786800F039F87B68022283F83D207B68C5
:1088F0001A687B6804331946104600F037FF7B681E
:10890000012283F846207B68012283F83E207B68A1
:10891000012283F83F207B68012283F840207B6896
:10892000012283F841207B68012283F842207B6882
:10893000012283F843207B68012283F844207B686E
:10894000012283F845207B68012283F83D20002323
:1089500018460837BD4680BD80B483B000AF78604C
:1089600000BF0C37BD465DF8047B704780B584B00E
:1089700000AF786039603B68002B09D17B6893F8C1
:108980003E30DBB2012B14BF01230023DBB222E017
:108990003B68042B09D17B6893F83F30DBB2012B95
:1089A00014BF01230023DBB215E03B68082B09D17B
:1089B0007B6893F84030DBB2012B14BF0123002306
:1089C000DBB208E07B6893F84130DBB2012B14BFC7
:1089D00001230023DBB2002B01D001237CE03B68A4
:1089E000002B04D17B68022283F83E2013E03B6811
:1089F000042B04D17B68022283F83F200BE03B6804
:108A0000082B04D17B68022283F8402003E07B68B6
:108A1000022283F841207B681B68012239681846CE
:108A200001F0BEFA7B681B682D4A934204D07B6834
:108A30001B682C4A934201D1012300E00023002B44
:108A400007D07B681B685A6C7B681B6842F4004245
:108A50005A647B681B68224A934222D07B681B6859
:108A6000B3F1804F1DD07B681B681F4A934218D01A
:108A70007B681B681D4A934213D07B681B681C4AA5
:108A800093420ED07B681B68164A934209D07B68DC
:108A90001B68184A934204D07B681B68164A9342AD
:108AA00011D17B681B689B6803F00703FB60FB68C0
:108AB000062B10D07B681B681A687B681B6842F025
:108AC00001021A6007E07B681B681A687B681B68F4
:108AD00042F001021A60002318461037BD4680BDDF
:108AE0000000014000040140000400400008004074
:108AF000000C0040004001400018004080B582B0EA
:108B000000AF78607B68002B01D1012341E07B68D6
:108B100093F83D30DBB2002B06D17B68002283F84E
:108B20003C20786800F039F87B68022283F83D2009
:108B30007B681A687B6804331946104600F016FEFD
:108B40007B68012283F846207B68012283F83E205F
:108B50007B68012283F83F207B68012283F8402054
:108B60007B68012283F841207B68012283F8422040
:108B70007B68012283F843207B68012283F844202C
:108B80007B68012283F845207B68012283F83D2021
:108B9000002318460837BD4680BD80B483B000AFBF
:108BA000786000BF0C37BD465DF8047B704700005D
:108BB00080B584B000AF786039600023FB733B68F8
:108BC000002B04D17B6893F83E30DBB213E03B68A6
:108BD000042B04D17B6893F83F30DBB20BE03B6899
:108BE000082B04D17B6893F84030DBB203E07B684C
:108BF00093F84130DBB2BB733B68002B04D17B6838
:108C000093F84230DBB213E03B68042B04D17B685D
:108C100093F84330DBB20BE03B68082B04D17B6850
:108C200093F84430DBB203E07B6893F84530DBB265
:108C30007B73BB7B012B02D17B7B012B01D00123FA
:108C4000CCE03B68002B04D17B68022283F83E20F5
:108C500013E03B68042B04D17B68022283F83F2099
:108C60000BE03B68082B04D17B68022283F840208C
:108C700003E07B68022283F841203B68002B04D18B
:108C80007B68022283F8422013E03B68042B04D166
:108C90007B68022283F843200BE03B68082B04D159
:108CA0007B68022283F8442003E07B68022283F879
:108CB00045203B680C2B41D801A252F823F000BF9D
:108CC000F58C00083D8D00083D8D00083D8D0008A5
:108CD000078D00083D8D00083D8D00083D8D000882
:108CE000198D00083D8D00083D8D00083D8D000860
:108CF0002B8D00087B681B68DA687B681B6842F074
:108D00000202DA601DE07B681B68DA687B681B681A
:108D100042F00402DA6014E07B681B68DA687B6862
:108D20001B6842F00802DA600BE07B681B68DA68B7
:108D30007B681B6842F01002DA6002E00123FB73DB
:108D400000BFFB7B002B48D17B681B680122396880
:108D5000184601F025F97B681B68224A934222D00D
:108D60007B681B68B3F1804F1DD07B681B681E4A6F
:108D7000934218D07B681B681C4A934213D07B68CF
:108D80001B681B4A93420ED07B681B68194A9342AA
:108D900009D07B681B68184A934204D07B681B6823
:108DA000164A934211D17B681B689B6803F0070346
:108DB000BB60BB68062B10D07B681B681A687B6899
:108DC0001B6842F001021A6007E07B681B681A68A2
:108DD0007B681B6842F001021A60FB7B1846103763
:108DE000BD4680BD00000140000400400008004076
:108DF000000C004000040140004001400018004009
:108E000080B586B000AF786039607B68002B01D1F7
:108E1000012397E07B6893F83D30DBB2002B06D14D
:108E20007B68002283F83C207868FBF70FFE7B68A4
:108E3000022283F83D207B681B689B687A68126871
:108E400023F4804323F0070393607B681A687B68F0
:108E500004331946104600F089FC7B681B689B6848
:108E60007B617B681B689B693B617B681B681B6A35
:108E7000FB603B681B687A6913437B613B6923F4A1
:108E8000407323F003033B613B689A683B689B692E
:108E90001B0213433A6913433B613B6923F440636C
:108EA00023F00C033B613B6923F4704323F0F00390
:108EB0003B613B68DA683B68DB691B0213433A6934
:108EC00013433B613B681B691A013B681B6A1B0328
:108ED00013433A6913433B61FB6823F02203FB60B1
:108EE000FB6823F08803FB603B685A683B685B695A
:108EF0001B011343FA681343FB607B681B687A69A4
:108F00009A607B681B683A699A617B681B68FA689B
:108F10001A627B68012283F846207B68012283F86D
:108F20003E207B68012283F83F207B68012283F882
:108F300042207B68012283F843207B68012283F86A
:108F40003D20002318461837BD4680BD80B584B04B
:108F500000AF786039607B6893F83E30FB737B68C4
:108F600093F83F30BB737B6893F842307B737B6828
:108F700093F843303B733B68002B10D1FB7B012BF4
:108F800002D17B7B012B01D0012369E07B680222A7
:108F900083F83E207B68022283F8422031E03B6860
:108FA000042B10D1BB7B012B02D13B7B012B01D0C9
:108FB000012355E07B68022283F83F207B68022270
:108FC00083F843201DE0FB7B012B08D1BB7B012BE9
:108FD00005D17B7B012B02D13B7B012B01D00123EF
:108FE0003EE07B68022283F83E207B68022283F801
:108FF0003F207B68022283F842207B68022283F8AC
:1090000043203B68002B03D03B68042B08D00FE0C3
:109010007B681B6801220021184600F0C1FF16E0A2
:109020007B681B6801220421184600F0B9FF0EE09E
:109030007B681B6801220021184600F0B1FF7B68A5
:109040001B6801220421184600F0AAFF00BF7B68BC
:109050001B681A687B681B6842F001021A600023D3
:1090600018461037BD4680BD80B584B000AF78602B
:109070007B681B68DB68FB607B681B681B69BB60E7
:10908000BB6803F00203002B20D0FB6803F002034F
:10909000002B1BD07B681B686FF002021A617B6893
:1090A00001221A777B681B689B6903F00303002B7E
:1090B00003D07868F9F7C6FC05E0786800F038FB63
:1090C000786800F03FFB7B6800221A77BB6803F0EA
:1090D0000403002B20D0FB6803F00403002B1BD0FB
:1090E0007B681B686FF004021A617B6802221A77A2
:1090F0007B681B689B6903F44073002B03D078687E
:10910000F9F7A0FC05E0786800F012FB786800F041
:1091100019FB7B6800221A77BB6803F00803002B59
:1091200020D0FB6803F00803002B1BD07B681B6872
:109130006FF008021A617B6804221A777B681B684B
:10914000DB6903F00303002B03D07868F9F77AFC9E
:1091500005E0786800F0ECFA786800F0F3FA7B68D4
:1091600000221A77BB6803F01003002B20D0FB68A5
:1091700003F01003002B1BD07B681B686FF01002FC
:109180001A617B6808221A777B681B68DB6903F425
:109190004073002B03D07868F9F754FC05E0786839
:1091A00000F0C6FA786800F0CDFA7B6800221A77E2
:1091B000BB6803F00103002B0CD0FB6803F0010334
:1091C000002B07D07B681B686FF001021A6178687A
:1091D00000F0A4FABB6803F08003002B0CD0FB68FE
:1091E00003F08003002B07D07B681B686FF08002C0
:1091F0001A61786800F080FFBB6803F04003002B21
:109200000CD0FB6803F04003002B07D07B681B6881
:109210006FF040021A61786800F09EFABB6803F0B4
:109220002003002B0CD0FB6803F02003002B07D099
:109230007B681B686FF020021A61786800F052FFAB
:1092400000BF1037BD4680BD80B586B000AFF86066
:10925000B9607A600023FB75FB6893F83C30012B02
:1092600001D1022388E0FB68012283F83C207B685F
:10927000002B1BD1FB681868BB681968BB685A686B
:10928000BB68DB6800F0C8FCFB681B689A69FB6878
:109290001B6822F00C029A61FB681B689969BB6825
:1092A0009A68FB681B680A439A6160E07B68042B3C
:1092B0001CD1FB681868BB681968BB685A68BB6832
:1092C000DB6800F04CFDFB681B689A69FB681B6853
:1092D00022F440629A61FB681B689969BB689B68CD
:1092E0001A02FB681B680A439A6140E07B68082BFE
:1092F0001BD1FB681868BB681968BB685A68BB68F3
:10930000DB6800F099FDFB681B68DA69FB681B6885
:1093100022F00C02DA61FB681B68D969BB689A68A5
:10932000FB681B680A43DA6121E07B680C2B1CD1C7
:10933000FB681868BB681968BB685A68BB68DB685B
:1093400000F0B6FDFB681B68DA69FB681B6822F455
:109350004062DA61FB681B68D969BB689B681A02C6
:10936000FB681B680A43DA6101E00123FB75FB68B7
:10937000002283F83C20FB7D18461837BD4680BD8F
:1093800080B586B000AFF860B9607A600023FB75E5
:10939000FB6893F83C30012B01D10223AEE0FB685F
:1093A000012283F83C207B680C2B00F29F8001A2F5
:1093B00052F823F0E9930008ED940008ED940008BA
:1093C000ED94000829940008ED940008ED9400083D
:1093D000ED9400086B940008ED940008ED940008EB
:1093E000ED940008AB940008FB681B68B968184648
:1093F00000F062FAFB681B689A69FB681B6842F020
:1094000008029A61FB681B689A69FB681B6822F076
:1094100004029A61FB681B689969BB681A69FB685A
:109420001B680A439A6164E0FB681B68B9681846C8
:1094300000F0B2FAFB681B689A69FB681B6842F48B
:1094400000629A61FB681B689A69FB681B6822F4DA
:1094500080629A61FB681B689969BB681B691A0284
:10946000FB681B680A439A6143E0FB681B68B968A4
:10947000184600F007FBFB681B68DA69FB681B688D
:1094800042F00802DA61FB681B68DA69FB681B6856
:1094900022F00402DA61FB681B68D969BB681A69AB
:1094A000FB681B680A43DA6123E0FB681B68B96844
:1094B000184600F05BFBFB681B68DA69FB681B68F9
:1094C00042F40062DA61FB681B68DA69FB681B68BA
:1094D00022F48062DA61FB681B68D969BB681B698A
:1094E0001A02FB681B680A43DA6102E00123FB757C
:1094F00000BFFB68002283F83C20FB7D184618372C
:10950000BD4680BD80B584B000AF7860396000236F
:10951000FB737B6893F83C30012B01D10223B4E04C
:109520007B68012283F83C207B68022283F83D207F
:109530007B681B689B68BB60BB6823F07703BB60DC
:10954000BB6823F47F43BB607B681B68BA689A6082
:109550003B681B68B3F5005F3ED0B3F5005F00F2D7
:109560008780B3F5805F00F08680B3F5805F7FD899
:10957000702B1AD0702B7BD8602B50D0602B77D8F3
:10958000502B3CD0502B73D8402B58D0402B6FD849
:10959000302B64D0302B6BD8202B60D0202B67D899
:1095A000002B5CD0102B5AD062E07B6818683B68B7
:1095B00099683B685A683B68DB6800F0D1FC7B68BF
:1095C0001B689B68BB60BB6843F07703BB607B682C
:1095D0001B68BA689A604FE07B6818683B689968B6
:1095E0003B685A683B68DB6800F0BAFC7B681B6824
:1095F0009A687B681B6842F480429A603CE07B6812
:1096000018683B6859683B68DB681A4600F078FBCD
:109610007B681B685021184600F087FC2CE07B68B3
:1096200018683B6859683B68DB681A4600F0D4FB51
:109630007B681B686021184600F077FC1CE07B68A3
:1096400018683B6859683B68DB681A4600F058FBAD
:109650007B681B684021184600F067FC0CE07B68C3
:109660001A683B681B681946104600F05EFC03E070
:109670000123FB7300E000BF7B68012283F83D20DB
:109680007B68002283F83C20FB7B18461037BD46E0
:1096900080BD000080B485B000AF786039600023E1
:1096A000FB603B680C2B31D801A252F823F000BFBD
:1096B000E59600080D9700080D9700080D97000823
:1096C000EF9600080D9700080D9700080D97000809
:1096D000F99600080D9700080D9700080D970008EF
:1096E000039700087B681B685B6BFB600FE07B687F
:1096F0001B689B6BFB600AE07B681B68DB6BFB6095
:1097000005E07B681B681B6CFB6000E000BFFB682A
:1097100018461437BD465DF8047B704780B483B0AB
:1097200000AF786000BF0C37BD465DF8047B704722
:1097300080B483B000AF786000BF0C37BD465DF8E1
:10974000047B704780B483B000AF786000BF0C37F3
:10975000BD465DF8047B704780B483B000AF78608D
:1097600000BF0C37BD465DF8047B704780B485B000
:1097700000AF786039607B681B68FB607B68434A98
:10978000934213D07B68B3F1804F0FD07B68404A7F
:1097900093420BD07B683F4A934207D07B683E4A96
:1097A000934203D07B683D4A934208D1FB6823F083
:1097B0007003FB603B685B68FA681343FB607B687F
:1097C000324A93422BD07B68B3F1804F27D07B681D
:1097D0002F4A934223D07B682E4A93421FD07B6846
:1097E0002D4A93421BD07B682C4A934217D07B684A
:1097F0002B4A934213D07B682A4A93420FD07B684E
:10980000294A93420BD07B68284A934207D07B6851
:10981000274A934203D07B68264A934208D1FB68CB
:1098200023F44073FB603B68DB68FA681343FB601A
:10983000FB6823F080023B685B691343FB603B6875
:109840009A687B68DA623B681A687B689A627B6810
:109850000E4A934203D07B68104A934203D13B687F
:109860001A697B681A637B681B6843F004027B6893
:109870001A607B6801225A617B68FA681A6000BF2F
:109880001437BD465DF8047B704700BF00000140FF
:109890000004004000080040000C004000040140AB
:1098A00000400140004401400048014000180040D1
:1098B000001C00400020004080B487B000AF7860FA
:1098C00039607B681B6A7B617B681B6A23F001023D
:1098D0007B681A627B685B683B617B689B69FB60A5
:1098E000FB6823F07003FB60FB6823F00303FB605D
:1098F0003B681B68FA681343FB607B6923F0020333
:109900007B613B689B687A6913437B617B68204A73
:10991000934203D07B681F4A93420CD17B6923F0AA
:1099200008037B613B68DB687A6913437B617B6971
:1099300023F004037B617B68154A934203D07B6864
:10994000144A934211D13B6923F480733B613B6914
:1099500023F400733B613B685B693A6913433B61E5
:109960003B689B693A6913433B617B683A695A607B
:109970007B68FA689A613B685A687B685A637B68BF
:109980007A691A6200BF1C37BD465DF8047B7047D8
:10999000000001400004014080B487B000AF78604F
:1099A00039607B681B6A7B617B681B6A23F010024D
:1099B0007B681A627B685B683B617B689B69FB60C4
:1099C000FB6823F4E043FB60FB6823F44073FB6017
:1099D0003B681B681B02FA681343FB607B6923F03A
:1099E00020037B613B689B681B017A6913437B61A1
:1099F0007B68224A934203D07B68214A93420DD16F
:109A00007B6923F080037B613B68DB681B017A691B
:109A100013437B617B6923F040037B617B68174ABA
:109A2000934203D07B68164A934213D13B6923F4D7
:109A300080633B613B6923F400633B613B685B6986
:109A40009B003A6913433B613B689B699B003A6901
:109A500013433B617B683A695A607B68FA689A6194
:109A60003B685A687B689A637B687A691A6200BFB0
:109A70001C37BD465DF8047B704700BF0000014005
:109A80000004014080B487B000AF786039607B6823
:109A90001B6A7B617B681B6A23F480727B681A6295
:109AA0007B685B683B617B68DB69FB60FB6823F07C
:109AB0007003FB60FB6823F00303FB603B681B68DB
:109AC000FA681343FB607B6923F400737B613B6896
:109AD0009B681B027A6913437B617B68214A93422E
:109AE00003D07B68204A93420DD17B6923F4006345
:109AF0007B613B68DB681B027A6913437B617B698E
:109B000023F480637B617B68164A934203D07B68B1
:109B1000154A934213D13B6923F480533B613B695F
:109B200023F400533B613B685B691B013A691343B3
:109B30003B613B689B691B013A6913433B617B684E
:109B40003A695A607B68FA68DA613B685A687B68F0
:109B5000DA637B687A691A6200BF1C37BD465DF81C
:109B6000047B7047000001400004014080B487B0CE
:109B700000AF786039607B681B6A3B617B681B6A59
:109B800023F480527B681A627B685B687B617B6828
:109B9000DB69FB60FB6823F4E043FB60FB6823F4B4
:109BA0004073FB603B681B681B02FA681343FB6051
:109BB0003B6923F400533B613B689B681B033A6994
:109BC00013433B617B68124A934203D07B68114A7E
:109BD000934209D17B6923F480437B613B685B69D5
:109BE0009B017A6913437B617B687A695A607B6861
:109BF000FA68DA613B685A687B681A647B683A697C
:109C00001A6200BF1C37BD465DF8047B704700BF79
:109C1000000001400004014080B487B000AFF8604C
:109C2000B9607A603B60FB681B6A3B61FB681B6A3A
:109C300023F00102FB681A62FB689B697B61FB6889
:109C4000284A93421BD0FB68B3F1804F17D0FB68C2
:109C5000254A934213D0FB68244A93420FD0FB68F5
:109C6000234A93420BD0FB68224A934207D0FB68F9
:109C7000214A934203D0FB68204A934201D1012339
:109C800000E00023002B08D07B6923F003037B61F5
:109C90007A697B6813437B6103E07B6943F00103CE
:109CA0007B617B6923F0F0037B613B681B01DBB2C6
:109CB0007A6913437B613B6923F00A033B61BB680C
:109CC00003F00A033A6913433B61FB687A699A61BE
:109CD000FB683A691A6200BF1C37BD465DF8047B19
:109CE000704700BF00000140000400400008004031
:109CF000000C0040000401400040014000180040FA
:109D000080B487B000AFF860B9607A60FB681B6A06
:109D10007B61FB681B6A23F00102FB681A62FB6827
:109D20009B693B613B6923F0F0033B617B681B014E
:109D30003A6913433B617B6923F00A037B617A69CB
:109D4000BB6813437B61FB683A699A61FB687A6977
:109D50001A6200BF1C37BD465DF8047B704780B4B3
:109D600087B000AFF860B9607A603B60FB681B6A3F
:109D70007B61FB681B6A23F01002FB681A62FB68B8
:109D80009B693B613B6923F440733B617B681B0229
:109D90003A6913433B613B6923F470433B613B6881
:109DA0001B039BB23A6913433B617B6923F0A00319
:109DB0007B61BB681B0103F0A0037A6913437B61DD
:109DC000FB683A699A61FB687A691A6200BF1C37BE
:109DD000BD465DF8047B704780B487B000AFF86083
:109DE000B9607A60FB681B6A7B61FB681B6A23F0C1
:109DF0001002FB681A62FB689B693B613B6923F4B4
:109E000070433B617B681B033A6913433B617B6989
:109E100023F0A0037B61BB681B017A6913437B615C
:109E2000FB683A699A61FB687A691A6200BF1C375D
:109E3000BD465DF8047B704780B487B000AFF86022
:109E4000B9607A603B60FB681B6A7B61FB681B6AD8
:109E500023F48072FB681A62FB68DB693B613B6933
:109E600023F003033B613A697B6813433B613B6921
:109E700023F0F0033B613B681B01DBB23A691343FB
:109E80003B617B6923F420637B61BB681B0203F4A5
:109E900020637A6913437B61FB683A69DA61FB6886
:109EA0007A691A6200BF1C37BD465DF8047B7047B3
:109EB00080B487B000AFF860B9607A603B60FB683F
:109EC0001B6A7B61FB681B6A23F48052FB681A6281
:109ED000FB68DB693B613B6923F440733B617B6852
:109EE0001B023A6913433B613B6923F470433B61B6
:109EF0003B681B039BB23A6913433B617B6923F4C4
:109F000020437B61BB681B0303F420437A6913433E
:109F10007B61FB683A69DA61FB687A691A6200BFA3
:109F20001C37BD465DF8047B704780B485B000AF38
:109F3000786039607B689B68FB60FB6823F0700386
:109F4000FB603A68FB68134343F00703FB607B68E0
:109F5000FA689A6000BF1437BD465DF8047B70470D
:109F600080B487B000AFF860B9607A603B60FB688E
:109F70009B687B617B6923F47F437B613B681A02AA
:109F80007B681A43BB6813437A6913437B61FB68A0
:109F90007A699A6000BF1C37BD465DF8047B704744
:109FA00080B487B000AFF860B9607A60BB6803F036
:109FB0001F03012202FA03F37B61FB681A6A7B69C3
:109FC000DB431A40FB681A62FB681A6ABB6803F03D
:109FD0001F03796801FA03F31A43FB681A6200BF92
:109FE0001C37BD465DF8047B7047000080B485B027
:109FF00000AF786039607B6893F83C30012B01D169
:10A0000002235AE07B68012283F83C207B6802220D
:10A0100083F83D207B681B685B68FB607B681B687E
:10A020009B68BB60FB6823F07003FB603B681B68A8
:10A03000FA681343FB607B681B68FA685A607B68A8
:10A040001B68214A934222D07B681B68B3F1804F82
:10A050001DD07B681B681D4A934218D07B681B6823
:10A060001B4A934213D07B681B681A4A93420ED056
:10A070007B681B68184A934209D07B681B68174AA3
:10A08000934204D07B681B68154A93420CD1BB688D
:10A0900023F08003BB603B685B68BA681343BB6016
:10A0A0007B681B68BA689A607B68012283F83D2050
:10A0B0007B68002283F83C20002318461437BD46F5
:10A0C0005DF8047B704700BF0000014000040040C1
:10A0D00000080040000C0040000401400040014026
:10A0E0000018004080B483B000AF786000BF0C3728
:10A0F000BD465DF8047B704780B483B000AF7860E4
:10A1000000BF0C37BD465DF8047B704780B582B058
:10A1100000AF78607B68002B01D1012342E07B68AF
:10A1200093F84130DBB2002B06D17B68002283F824
:10A1300040207868FAF740FE7B68242283F84120AB
:10A140007B681B68DA687B681B6822F40052DA605F
:10A15000786800F0FFFD7B681B681A697B681B68E4
:10A1600022F490421A617B681B685A697B681B68FD
:10A1700022F02A025A617B681B68DA687B681B68D8
:10A1800042F40052DA607B6800225A647B68202225
:10A1900083F841207B68202283F842207B680022DC
:10A1A0005A63002318460837BD4680BD80B58AB083
:10A1B00002AFF860B9603B601346FB8000237B610F
:10A1C000FB6893F84130DBB2202B75D1BB68002BC4
:10A1D00002D0FB88002B01D101236EE0FB68002236
:10A1E0005A64FB68212283F84120FBF767FB786102
:10A1F000FB68FA889A84FB68FA88DA84FB689B68B3
:10A20000B3F5805F08D1FB681B69002B04D10023E4
:10A21000FB61BB68BB6103E0BB68FB610023BB6102
:10A220002EE03B6800937B6900228021F86800F0F3
:10A2300063FB0346002B05D0FB68202283F84120F6
:10A2400003233AE0FB69002B0BD1BB691B881A463C
:10A25000FB681B68C2F308025A60BB690233BB612A
:10A2600007E0FB691A78FB681B685A60FB690133D9
:10A27000FB61FB68DB8C9BB2013B9AB2FB68DA8422
:10A28000FB68DB8C9BB2002BCBD13B6800937B69D6
:10A2900000224021F86800F02FFB0346002B05D078
:10A2A000FB68202283F84120032306E0FB6820227C
:10A2B00083F84120002300E0022318462037BD46E2
:10A2C00080BD80B485B000AFF860B9601346FB80F4
:10A2D000FB6893F84130DBB2202B21D1BB68002B07
:10A2E00002D0FB88002B01D101231AE0FB68BA6879
:10A2F0001A62FB68FA889A84FB68FA88DA84FB6839
:10A3000000225A64FB68212283F84120FB681B6805
:10A31000DA68FB681B6842F08002DA60002300E024
:10A32000022318461437BD465DF8047B704780B59C
:10A3300084B000AFF860B9601346FB80FB6893F807
:10A340004230DBB2202B12D1BB68002B02D0FB883D
:10A35000002B01D101230BE0FB6800221A63FB886C
:10A360001A46B968F86800F020FB034600E00223B3
:10A3700018461037BD4680BD80B5BAB000AF7860D2
:10A380007B681B681B68C7F8E4307B681B68DB6868
:10A39000C7F8E0307B681B685B69C7F8DC300023D6
:10A3A000C7F8D8300023C7F8D430D7F8E43003F02A
:10A3B0000F03C7F8D830D7F8D830002B0FD1D7F813
:10A3C000E43003F02003002B09D0D7F8E03003F08D
:10A3D0002003002B03D0786800F0FDFB73E2D7F870
:10A3E000D830002B00F0DE80D7F8DC3003F001031A
:10A3F000002B06D1D7F8E03003F49073002B00F067
:10A40000D180D7F8E43003F00103002B0BD0D7F84C
:10A41000E03003F48073002B05D07B685B6C43F065
:10A4200001027B685A64D7F8E43003F00403002B80
:10A430000BD0D7F8DC3003F00103002B05D07B688C
:10A440005B6C43F002027B685A64D7F8E43003F097
:10A450000203002B0BD0D7F8DC3003F00103002BF4
:10A4600005D07B685B6C43F004027B685A64D7F8C4
:10A47000E43003F00803002B11D0D7F8E03003F0EC
:10A480002003002B05D1D7F8DC3003F00103002BAB
:10A4900005D07B685B6C43F008027B685A647B687C
:10A4A0005B6C002B00F00A82D7F8E43003F0200345
:10A4B000002B08D0D7F8E03003F02003002B02D0A7
:10A4C000786800F088FB7B681B685B6903F04003D9
:10A4D000402B0CBF01230023DBB2C7F8D4307B68CC
:10A4E0005B6C03F00803002B03D1D7F8D430002BAA
:10A4F0004FD0786800F093FA7B681B685B6903F0C3
:10A500004003402B41D17B681B681433C7F89C3053
:10A51000D7F89C3053E8003FC7F89830D7F8983008
:10A5200023F04003C7F8D0307B681B681433D7F89A
:10A53000D020C7F8A820C7F8A430D7F8A410D7F8BF
:10A54000A82041E80023C7F8A030D7F8A030002B9E
:10A55000D9D17B68DB6B002B13D07B68DB6B8A4A1D
:10A560001A657B68DB6B1846FCF76CF80346002B1A
:10A5700016D07B68DB6B1B6D7A68D26B10469847F0
:10A580000EE0786800F0A2F90AE0786800F09EF921
:10A5900006E0786800F09AF97B6800225A648DE141
:10A5A00000BF8BE17B681B6B012B40F06781D7F804
:10A5B000E43003F01003002B00F06081D7F8E030A6
:10A5C00003F01003002B00F059810023BB607B686F
:10A5D0001B681B68BB607B681B685B68BB60BB68F3
:10A5E0007B681B685B6903F04003402B40F0CE8022
:10A5F0007B68DB6B1B685B68A7F8BE30B7F8BE30C2
:10A60000002B00F0A9807B689B8DB7F8BE209A4292
:10A6100080F0A2807B68B7F8BE20DA857B68DB6BB0
:10A62000DB69B3F5807F00F088807B681B680C33A2
:10A63000C7F88830D7F8883053E8003FC7F884302F
:10A64000D7F8843023F48073C7F8B8307B681B6870
:10A650000C33D7F8B820C7F89420C7F89030D7F853
:10A660009010D7F8942041E80023C7F88C30D7F831
:10A670008C30002BD9D17B681B6814337B677B6FD0
:10A6800053E8003F3B673B6F23F00103C7F8B4304A
:10A690007B681B681433D7F8B420C7F88020FB67A9
:10A6A000F96FD7F8802041E80023BB67BB6F002B10
:10A6B000E1D17B681B6814333B663B6E53E8003F77
:10A6C000FB65FB6D23F04003C7F8B0307B681B6867
:10A6D0001433D7F8B020FA66BB66B96EFA6E41E85B
:10A6E00000237B667B6E002BE3D17B68202283F8FE
:10A6F00042207B6800221A637B681B680C33FB6472
:10A70000FB6C53E8003FBB64BB6C23F01003C7F83D
:10A71000AC307B681B680C33D7F8AC20BA657B651E
:10A72000796DBA6D41E800233B653B6D002BE3D1A9
:10A730007B68DB6B1846FBF715FF7B6802225A63C8
:10A740007B689A8D7B68DB8D9BB2D31A9BB21946CE
:10A75000786800F0C5F8B3E07B689B8DB7F8BE2041
:10A760009A4240F0AD807B68DB6BDB69B3F5807F9C
:10A7700040F0A6807B6802225A637B689B8D194655
:10A78000786800F0ADF89BE0E5AA00087B689A8D38
:10A790007B68DB8D9BB2D31AA7F8CE307B68DB8D4C
:10A7A0009BB2002B00F08E80B7F8CE30002B00F06B
:10A7B00089807B681B680C33BB63BB6B53E8003F2D
:10A7C0007B637B6B23F49073C7F8C8307B681B688E
:10A7D0000C33D7F8C8207A643B64396C7A6C41E852
:10A7E0000023FB63FB6B002BE3D17B681B681433F6
:10A7F0007B627B6A53E8003F3B623B6A23F00103C4
:10A80000C7F8C4307B681B681433D7F8C4203A6398
:10A81000FB62F96A3A6B41E80023BB62BB6A002B1A
:10A82000E3D17B68202283F842207B6800221A63F0
:10A830007B681B680C333B613B6953E8003FFB605E
:10A84000FB6823F01003C7F8C0307B681B680C332B
:10A85000D7F8C020FA61BB61B969FA6941E8002301
:10A860007B617B69002BE3D17B6802225A63B7F8D6
:10A87000CE301946786800F033F823E0D7F8E4309A
:10A8800003F08003002B09D0D7F8E03003F08003F9
:10A89000002B03D0786800F036F914E0D7F8E430E4
:10A8A00003F04003002B0ED0D7F8E03003F0400354
:10A8B000002B08D0786800F076F904E000BF02E0D1
:10A8C00000BF00E000BFE837BD4680BD80B483B064
:10A8D00000AF786000BF0C37BD465DF8047B704761
:10A8E00080B483B000AF78600B467B8000BF0C372C
:10A8F000BD465DF8047B704780B586B000AFF86058
:10A90000B9603B601346FB713BE03B6AB3F1FF3F2C
:10A9100037D0FAF7D3FF02463B68D31A3A6A9A4215
:10A9200002D33B6A002B01D103233AE0FB681B688A
:10A93000DB6803F00403002B23D0BB68802B20D0FE
:10A94000BB68402B1DD0FB681B681B6803F0080325
:10A95000082B16D100237B61FB681B681B687B6199
:10A96000FB681B685B687B617B69F86800F057F8DF
:10A97000FB6808225A64FB68002283F84020012308
:10A980000FE0FB681B681A68BB681340BA689A42FC
:10A990000CBF01230023DBB21A46FB799A42B4D0E4
:10A9A000002318461837BD4680BD80B485B000AF7F
:10A9B000F860B9601346FB80FB68BA689A62FB686E
:10A9C000FA889A85FB68FA88DA85FB6800225A645F
:10A9D000FB68222283F84220FB681B69002B07D00A
:10A9E000FB681B68DA68FB681B6842F48072DA60F7
:10A9F000FB681B685A69FB681B6842F001025A61D8
:10AA0000FB681B68DA68FB681B6842F02002DA60AA
:10AA1000002318461437BD465DF8047B704780B4A8
:10AA200095B000AF78607B681B680C337B637B6BF1
:10AA300053E8003F3B633B6B23F49073FB647B68FC
:10AA40001B680C33FA6C3A64FB63F96B3A6C41E8AF
:10AA50000023BB63BB6B002BE5D17B681B68143301
:10AA60003B623B6A53E8003FFB61FB6923F0010353
:10AA7000BB647B681B681433BA6CFA62BB62B96A48
:10AA8000FA6A41E800237B627B6A002BE5D17B6890
:10AA90001B6B012B19D17B681B680C33FB60FB68B7
:10AAA00053E8003FBB60BB6823F010037B647B6806
:10AAB0001B680C337A6CBA617B617969BA6941E8C9
:10AAC00000233B613B69002BE5D17B68202283F8A2
:10AAD00042207B6800221A6300BF5437BD465DF8F0
:10AAE000047B704780B584B000AF78607B689B6B57
:10AAF000FB60FB680022DA85F868FFF7E7FE00BF1D
:10AB00001037BD4680BD80B485B000AF78607B68EB
:10AB100093F84130DBB2212B3ED17B689B68B3F5C3
:10AB2000805F14D17B681B69002B10D17B681B6A86
:10AB3000FB60FB681B881A467B681B68C2F308022F
:10AB40005A607B681B6A9A1C7B681A6208E07B6803
:10AB50001B6A591C7A6811621A787B681B685A60F4
:10AB60007B68DB8C9BB2013B9BB27A681946D1842F
:10AB7000002B0FD17B681B68DA687B681B6822F0AA
:10AB80008002DA607B681B68DA687B681B6842F0C9
:10AB90004002DA60002300E0022318461437BD4665
:10ABA0005DF8047B704780B582B000AF78607B6849
:10ABB0001B68DA687B681B6822F04002DA607B68F9
:10ABC000202283F841207868F6F736FA00231846E9
:10ABD0000837BD4680BD80B58CB000AF78600023DB
:10ABE000FB620023BB627B6893F84230DBB2222B0E
:10ABF00040F0AA807B689B68B3F5805F15D17B68C5
:10AC00001B69002B11D17B689B6ABB627B681B6848
:10AC10005B689BB2C3F308039AB2BB6A1A807B6875
:10AC20009B6A9A1C7B689A6224E07B689B6AFB6241
:10AC30007B689B68B3F5805F07D07B689B68002BBF
:10AC40000AD17B681B69002B06D17B681B685B6897
:10AC5000DAB2FB6A1A7008E07B681B685B68DBB2DB
:10AC600003F07F03DAB2FB6A1A707B689B6A5A1C96
:10AC70007B689A627B68DB8D9BB2013B9BB27A68F2
:10AC80001946D185002B5DD17B681B68DA687B682B
:10AC90001B6822F02002DA607B681B68DA687B6838
:10ACA0001B6822F48072DA607B681B685A697B68D3
:10ACB0001B6822F001025A617B68202283F842203F
:10ACC0007B6800225A637B681B6B012B35D17B6844
:10ACD00000221A637B681B680C337B617B6953E835
:10ACE000003F3B613B6923F010037B627B681B687C
:10ACF0000C337A6A3A62FB61F9693A6A41E80023E7
:10AD0000BB61BB69002BE5D17B681B681B6803F046
:10AD10001003102B0AD10023FB607B681B681B68A3
:10AD2000FB607B681B685B68FB60FB687B689B8DD6
:10AD300019467868FFF7D4FD02E07868F7F734FF2A
:10AD4000002302E0002300E0022318463037BD460E
:10AD500080BD00002DE9B04FC0B000AFC7F8F400CF
:10AD6000D7F8F4301B681B6923F44050D7F8F4304F
:10AD7000D968D7F8F4301A6840EA01031361D7F8AC
:10AD8000F4309A68D7F8F4301B691A43D7F8F430D6
:10AD90005B691A43D7F8F430DB691343C7F8F8301E
:10ADA000D7F8F4301B68DB6823F4164121F00C015E
:10ADB000D7F8F4301A68D7F8F8300B43D360D7F8D7
:10ADC000F4301B685B6923F44070D7F8F43099695C
:10ADD000D7F8F4301A6840EA01035361D7F8F43029
:10ADE0001A688F4B9A4205D0D7F8F4301A688D4B09
:10ADF0009A4204D1FDF7FEFCC7F8FC0003E0FDF722
:10AE0000E5FCC7F8FC00D7F8F430DB69B3F5004F78
:10AE100040F00C81D7F8FC300022C7F8E830C7F8C2
:10AE2000EC20D7E93A4522462B469118B9655B419B
:10AE3000FB65D7E91623214612EB0108294643EBAF
:10AE400001094FF000024FF000034FEAC90343EA43
:10AE500058734FEAC80290469946234618EB0303FD
:10AE6000C7F8E0302B4649EB0303C7F8E430D7F8C6
:10AE7000F4305B680022C7F8D830C7F8DC20D7E987
:10AE800036120B46DB183B65134642EB03037B652A
:10AE9000D7E91423D7E93801F5F796FE02460B46A9
:10AEA000614BA3FB02235B091C01D7F8FC30002295
:10AEB000C7F8D030C7F8D420D7E9348942464B468A
:10AEC0009118B9645B41FB64D7E91223414612EB48
:10AED000010A494643EB010B4FF000024FF000031B
:10AEE0004FEACB0343EA5A734FEACA0292469B46A3
:10AEF00043461AEB0303C7F8C8304B464BEB03033A
:10AF0000C7F8CC30D7F8F4305B680022C7F8C030FF
:10AF1000C7F8C420D7E930120B46DB183B64134650
:10AF200042EB03037B64D7E91023D7E93201F5F73D
:10AF30004BFE02460B4611463B4BA3FB01235B092C
:10AF4000642202FB03F3CB1ADB0003F13202364B1F
:10AF5000A3FB02235B095B0003F4F8731C44D7F8DE
:10AF6000FC300022C7F8B830C7F8BC20D7E92E89DA
:10AF700042464B469118B9635B41FB63D7E90E2308
:10AF800041465118396349464B417B634FF00002FB
:10AF90004FF00003D7E90CAB5946CB00514643EACA
:10AFA00051735146CA0010461946034642469B1843
:10AFB000C7F8B0304B460A4642EB0303C7F8B4303B
:10AFC000D7F8F4305B680022C7F8A830C7F8AC2087
:10AFD000D7E92A120B46DB18BB62134642EB030388
:10AFE000FB62D7E90A23D7E92C01F5F7EDFD02460C
:10AFF0000B460D4BA3FB02135B09642101FB03F31A
:10B00000D31ADB003233084AA2FB03235B0903F0A7
:10B010000702D7F8F4301B6822449A6006E100BFAB
:10B0200000100140001401401F85EB51D7F8FC309F
:10B030000022C7F8A030C7F8A420D7E928894246E3
:10B040004B46911839625B417B62D7E90823414640
:10B050005418494643EB01054FF000024FF000033E
:10B06000EB0043EA5473E20014461D464346E318DE
:10B07000C7F898304B4645EB0303C7F89C30D7F828
:10B08000F4305B680022C7F89030C7F894204FF086
:10B0900000024FF00003D7E9244529468B002146E2
:10B0A00043EA917321468A00D7E92601F5F78CFD22
:10B0B00002460B46604BA3FB02235B091C01D7F839
:10B0C000FC300022C7F88830C7F88C20D7E92289E5
:10B0D00042464B469118B9615B41FB61D7E90623B3
:10B0E00041465118396149464B417B614FF000029E
:10B0F0004FF00003D7E904AB5946CB00514643EA71
:10B1000051735146CA0010461946034642469B18E1
:10B11000C7F880304B460A4642EB0303C7F8843039
:10B12000D7F8F4305B680022BB67FA674FF0000283
:10B130004FF00003D7E91E8949468B00414643EA98
:10B14000917341468A00D7E92001F5F73DFD02469B
:10B150000B461146384BA3FB01235B09642202FB1B
:10B1600003F3CB1A1B013233334AA2FB03235B09DF
:10B1700003F0F0031C44D7F8FC3000223B677A67E9
:10B18000D7E91C8942464B469118B9605B41FB6088
:10B19000D7E9022341465118396049464B417B604B
:10B1A0004FF000024FF00003D7E900AB5946CB0047
:10B1B000514643EA51735146CA00104619460346A8
:10B1C00042469B18BB664B460A4642EB0303FB66AE
:10B1D000D7F8F4305B6800223B667A664FF00002D5
:10B1E0004FF00003D7E9188949468B00414643EAEE
:10B1F000917341468A00D7E91A01F5F7E5FC02464A
:10B200000B460D4BA3FB02135B09642101FB03F307
:10B21000D31A1B013233084AA2FB03235B0903F054
:10B220000F02D7F8F4301B6822449A6000BF07F57C
:10B230008077BD46BDE8B08F1F85EB5180B485B0E7
:10B2400000AF0346FB800023FB60B7F90630842B78
:10B2500005D0B7F90620FB6813440333FB60FB6895
:10B2600018461437BD465DF8047B704780B500AFC3
:10B2700000F0E4FA0023184680BDF0B589B004AFB1
:10B28000786039607B685B69002B20D07B689B69A4
:10B29000002B1CD07B685C687B681D687B681E691E
:10B2A0007B68B3F908301846FFF7C8FF01467B6892
:10B2B0005B697A6892690292019300913B68324619
:10B2C0002946204600F0EDF80346FB601CE07B6851
:10B2D0005C687B681D687B681B699EB27B68B3F9FC
:10B2E00008301846FFF7AAFF024607F10C03019346
:10B2F00000923B6832462946204600F032F9034668
:10B30000012B01D0002300E0FB6818461437BD462E
:10B31000F0BD80B584B000AF78607B68FB60FB68EF
:10B32000002B01D0FB6800E00123184600F050FA22
:10B33000002318461037BD4680BD80B483B000AFEF
:10B3400078607B6803F108027B685A607B684FF085
:10B35000FF329A607B6803F108027B68DA607B68E1
:10B3600003F108027B681A617B6800221A6000BF43
:10B370000C37BD465DF8047B704780B483B000AFE6
:10B3800078607B6800221A6100BF0C37BD465DF80B
:10B39000047B704780B485B000AF786039607B680B
:10B3A0005B68FB603B68FA685A60FB689A683B68B8
:10B3B0009A60FB689B683A685A60FB683A689A60D2
:10B3C0003B687A681A617B681B685A1C7B681A6044
:10B3D00000BF1437BD465DF8047B704780B485B06C
:10B3E00000AF786039603B681B68BB60BB68B3F135
:10B3F000FF3F03D17B681B69FB600CE07B6808336F
:10B40000FB6002E0FB685B68FB60FB685B681B68D5
:10B41000BA689A42F6D2FB685A683B685A603B6841
:10B420005B683A689A603B68FA689A60FB683A68B9
:10B430005A603B687A681A617B681B685A1C7B6893
:10B440001A6000BF1437BD465DF8047B704780B4B6
:10B4500085B000AF78607B681B69FB607B685B68C8
:10B460007A6892689A607B689B687A6852685A60CA
:10B47000FB685B687A689A4203D17B689A68FB68CC
:10B480005A607B6800221A61FB681B685A1EFB68C1
:10B490001A60FB681B6818461437BD465DF8047BCC
:10B4A000704780B58EB004AFF860B9607A603B60D9
:10B4B0007B6B002B0BD14FF0500383F31188BFF34C
:10B4C0006F8FBFF34F8F3B6200BF00BFFDE7BB6BC9
:10B4D000002B0BD14FF0500383F31188BFF36F8F14
:10B4E000BFF34F8FFB6100BF00BFFDE754233B61FB
:10B4F0003B69542B0BD04FF0500383F31188BFF3FB
:10B500006F8FBFF34F8FBB6100BF00BFFDE73B698B
:10B51000BB6B002B1ED07B6B002B1BD0BB6B7B62ED
:10B520007B6A7A6B1A637B6A022283F851200023BC
:10B5300003937B6A029307F1140301933B6B00931F
:10B540003B687A68B968F86800F050F8786A00F0EB
:10B55000D5F801E000237B617B6918462837BD469A
:10B5600080BD80B58CB004AFF860B9603B60134615
:10B57000FB80FB889B00184600F0EEFE78617B693B
:10B58000002B0ED0542000F0E7FEF861FB69002B81
:10B5900003D0FB697A691A6305E0786900F0AAFFB5
:10B5A00001E00023FB61FB69002B17D0FB6900223F
:10B5B00083F85120FA8800230393FB690293FB6A06
:10B5C0000193BB6A00933B68B968F86800F00EF815
:10B5D000F86900F093F80123BB6102E04FF0FF33FC
:10B5E000BB61BB6918462037BD4680BD80B588B0B9
:10B5F00000AFF860B9607A603B603B6B1A6B7B68A8
:10B6000003F18043013B9B001344BB61BB6923F002
:10B610000703BB61BB6903F00703002B0BD04FF09E
:10B62000500383F31188BFF36F8FBFF34F8F7B619C
:10B6300000BF00BFFDE7BB68002B1FD00023FB61EC
:10B6400012E0BA68FB69134419783A6BFB6913443A
:10B6500034330A461A70BA68FB6913441B78002B0E
:10B6600006D0FB690133FB61FB690F2BE9D900E0D0
:10B6700000BF3B6B002283F8432003E03B6B0022BA
:10B6800083F83420BB6A062B01D90623BB623B6BCF
:10B69000BA6ADA623B6BBA6A5A643B6B00229A64FC
:10B6A0003B6B04331846FFF768FE3B6B18331846B4
:10B6B000FFF763FE3B6B3A6B1A61BB6AC3F107028B
:10B6C0003B6B9A613B6B3A6B5A623B6B0022DA64CC
:10B6D0003B6B002283F850203A68F968B86900F0A3
:10B6E0002BFC02463B6B1A60FB6A002B02D0FB6A04
:10B6F0003A6B1A6000BF2037BD4680BD80B582B06E
:10B7000000AF786000F048FD2A4B1B680133294ADE
:10B710001360294B1B68002B09D1274A7B681360F3
:10B72000244B1B68012B10D100F0C4FA0DE0234B11
:10B730001B68002B09D1204B1B68DA6A7B68DB6A27
:10B740009A4202D81C4A7B6813601D4B1B68013368
:10B750001B4A13607B68DB6A01229A40194B1B6805
:10B760001343184A13607B68DA6A13469B0013443C
:10B770009B00154A1A447B68043319461046FFF7AC
:10B7800009FE00F03BFD0D4B1B68002B0ED00A4B51
:10B790001B68DA6A7B68DB6A9A4207D20B4B4FF070
:10B7A00080521A60BFF34F8FBFF36F8F00BF08370F
:10B7B000BD4680BDBC0F0020BC0E0020C80F00207D
:10B7C000D80F0020C40F0020C00E002004ED00E0C0
:10B7D00080B584B000AF78600023FB607B68002BED
:10B7E00018D0144B1B68002B0BD04FF0500383F381
:10B7F0001188BFF36F8FBFF34F8FBB6000BF00BFD7
:10B80000FDE700F07DF80021786800F02FFB00F0E4
:10B8100085F8F860FB68002B07D1074B4FF080528A
:10B820001A60BFF34F8FBFF36F8F00BF1037BD4655
:10B8300080BD00BFE40F002004ED00E080B58AB0B9
:10B8400004AF0023BB6000237B603A46391D07F13B
:10B8500008031846F5F74EFB39687B68BA68029210
:10B8600001930023009300230A461F491F48FFF756
:10B8700018FE03461E4A13601D4B1B68002B02D0A6
:10B8800001237B6101E000237B617B69012B16D1E1
:10B890004FF0500383F31188BFF36F8FBFF34F8FC7
:10B8A0003B6100BF134B4FF0FF321A60124B012275
:10B8B0001A60124B00221A6000F0CAFB0FE07B698D
:10B8C000B3F1FF3F0BD14FF0500383F31188BFF367
:10B8D0006F8FBFF34F8FFB6000BF00BFFDE700BF5E
:10B8E0001837BD4680BD00BFCC01010885BC0008EB
:10B8F000E00F0020DC0F0020C80F0020C00F002048
:10B9000080B400AF044B1B680133034A136000BFCF
:10B91000BD465DF8047B7047E40F002080B584B01D
:10B9200000AF0023FB600023BB60424B1B68002B71
:10B930000BD14FF0500383F31188BFF36F8FBFF328
:10B940004F8F3B6000BF00BFFDE700F025FC394B87
:10B950001B68013B374A1360364B1B68002B61D1D3
:10B96000354B1B68002B5DD02EE0344BDB68DB6869
:10B97000FB60FB6818331846FFF769FDFB6804336A
:10B980001846FFF764FDFB68DB6A01229A402C4BE6
:10B990001B6813432A4A1360FB68DA6A13469B004C
:10B9A00013449B00274A1A44FB6804331946104687
:10B9B000FFF7F0FCFB68DA6A234B1B68DB6A9A42EC
:10B9C00002D3224B01221A601C4B1B68002BCCD1E6
:10B9D000FB68002B01D000F00BFA1D4B1B687B604D
:10B9E0007B68002B10D000F037F80346002B02D004
:10B9F000164B01221A607B68013B7B607B68002B41
:10BA0000F1D1134B00221A60104B1B68002B09D098
:10BA10000123BB600F4B4FF080521A60BFF34F8F72
:10BA2000BFF36F8F00F0EAFBBB6818461037BD46C6
:10BA300080BD00BFE40F0020BC0F00207C0F002061
:10BA4000C40F0020C00E0020BC0E0020D00F00202C
:10BA5000CC0F002004ED00E080B586B000AF0023DD
:10BA60007B614F4B1B68002B40F08F804D4B1B6858
:10BA700001333B614B4A3B6913603B69002B21D189
:10BA8000494B1B681B68002B0BD04FF0500383F30E
:10BA90001188BFF36F8FBFF34F8F3B6000BF00BFB4
:10BAA000FDE7414B1B68FB60404B1B683E4A13603F
:10BAB0003E4AFB6813603E4B1B6801333C4A1360EF
:10BAC00000F096F93B4B1B683A699A4248D3364BD3
:10BAD0001B681B68002B04D1364B4FF0FF321A60F5
:10BAE0003EE0314B1B68DB68DB68BB60BB685B68B2
:10BAF0007B603A697B689A4203D22E4A7B68136066
:10BB00002EE0BB6804331846FFF7A1FCBB689B6AB4
:10BB1000002B04D0BB6818331846FFF798FCBB68AD
:10BB2000DB6A01229A40244B1B681343224A1360AC
:10BB3000BB68DA6A13469B0013449B001F4A1A44F1
:10BB4000BB68043319461046FFF724FCBB68DA6A69
:10BB50001B4B1B68DB6A9A42B9D301237B61B6E7B2
:10BB6000174B1B68DA6A154913469B0013449B0068
:10BB70000B441B68012B01D901237B61114B1B680E
:10BB8000002B07D001237B6104E00F4B1B680133BE
:10BB90000D4A13607B6918461837BD4680BD00BF4B
:10BBA000E40F0020C00F0020740F0020780F002049
:10BBB000D40F0020DC0F0020C40F0020C00E002096
:10BBC000BC0E0020D00F0020CC0F002080B487B026
:10BBD00000AF274B1B68002B03D0264B01221A60B5
:10BBE00040E0244B00221A60234B1B68FB60FB687B
:10BBF000B3FA83F3FB72FB7AC3F11F037B611F4926
:10BC00007A6913469B0013449B000B441B68002B6E
:10BC10000BD14FF0500383F31188BFF36F8FBFF345
:10BC20004F8F7B6000BF00BFFDE77A6913469B0022
:10BC300013449B00114A13443B613B695B685A689B
:10BC40003B695A603B695A683B6908339A4204D1A0
:10BC50003B695B685A683B695A603B695B68DB68B3
:10BC6000074A136000BF1C37BD465DF8047B704770
:10BC7000E40F0020D00F0020C40F0020C00E0020D1
:10BC8000BC0E002080B582B000AF786000F052F8A2
:10BC9000064B1B68012BF9D9054B4FF080521A60F7
:10BCA000BFF34F8FBFF36F8FF0E700BFC00E0020D0
:10BCB00004ED00E080B582B000AF00237B600CE0B3
:10BCC0007A6813469B0013449B00124A134418469B
:10BCD000FFF733FB7B6801337B607B68062BEFD972
:10BCE0000D48FFF72AFB0D48FFF727FB0C48FFF72D
:10BCF00024FB0C48FFF721FB0B48FFF71EFB0B4B07
:10BD0000054A1A600A4B054A1A6000BF0837BD464B
:10BD100080BD00BFC00E00204C0F0020600F00202F
:10BD20007C0F0020900F0020A80F0020740F00202F
:10BD3000780F002080B582B000AF19E000F02CFA37
:10BD4000104BDB68DB687B607B6804331846FFF7C9
:10BD50007EFB0D4B1B68013B0B4A13600B4B1B68B2
:10BD6000013B0A4A136000F049FA786800F010F8C5
:10BD7000064B1B68002BE1D100BF00BF0837BD4652
:10BD800080BD00BF900F0020BC0F0020A40F00203A
:10BD900080B584B000AF78607B6893F85130002B99
:10BDA00008D17B681B6B184600F0A4FB786800F094
:10BDB000A1FB19E07B6893F85130012B03D178681F
:10BDC00000F098FB10E07B6893F85130022B0BD009
:10BDD0004FF0500383F31188BFF36F8FBFF34F8F82
:10BDE000FB6000BF00BFFDE700BF1037BD4680BD50
:10BDF00080B483B000AF0C4B1B681B68002B04D1D0
:10BE00000A4B4FF0FF321A6008E0074B1B68DB68F3
:10BE1000DB687B607B685B68044A136000BF0C379B
:10BE2000BD465DF8047B7047740F0020DC0F0020D6
:10BE300080B483B000AF0B4B1B68002B02D10123F1
:10BE40007B6008E0084B1B68002B02D102237B605B
:10BE500001E000237B607B6818460C37BD465DF827
:10BE6000047B7047C80F0020E40F002080B584B029
:10BE700000AF78603960294B1B68FB60284B1B685A
:10BE800004331846FFF7E3FA0346002B0BD1244B8B
:10BE90001B68DB6A012202FA03F3DA43214B1B68B9
:10BEA0001340204A13607B68B3F1FF3F0AD13B681F
:10BEB000002B07D01A4B1B68043319461A48FFF7AA
:10BEC00069FA26E0FA687B681344BB60144B1B6870
:10BED000BA685A60BA68FB689A4209D2134B1A686A
:10BEE0000F4B1B68043319461046FFF777FA10E032
:10BEF0000F4B1A680A4B1B68043319461046FFF7AC
:10BF00006DFA0C4B1B68BA689A4202D2094ABB68A8
:10BF1000136000BF1037BD4680BD00BFC00F0020BA
:10BF2000BC0E0020C40F0020A80F0020780F0020B6
:10BF3000740F0020DC0F002080B485B000AFF860E3
:10BF4000B9607A60FB68043BFB60FB684FF080726D
:10BF50001A60FB68043BFB60BB6823F00102FB68CE
:10BF60001A60FB68043BFB600C4AFB681A60FB68C4
:10BF7000143BFB607A68FB681A60FB68043BFB605B
:10BF8000FB686FF002021A60FB68203BFB60FB68F5
:10BF900018461437BD465DF8047B7047A1BF000802
:10BFA00080B485B000AF00237B60134B1B68B3F1F6
:10BFB000FF3F0BD04FF0500383F31188BFF36F8F17
:10BFC000BFF34F8FFB6000BF00BFFDE74FF0500392
:10BFD00083F31188BFF36F8FBFF34F8FBB6000BF38
:10BFE00000BF7B68002BFCD000BF00BF1437BD46EC
:10BFF0005DF8047B704700BF1C00002000000000BB
:10C00000074B19680868B0E8F04F80F30988BFF360
:10C010006F8F4FF0000080F311887047AFF30080FE
:10C02000BC0E002000BF00BF08480068006880F315
:10C0300008884FF0000080F3148862B661B6BFF341
:10C040004F8FBFF36F8F00DF00BF00BF08ED00E030
:10C0500080B586B000AF474B1B68474A93420BD16F
:10C060004FF0500383F31188BFF36F8FBFF34F8FEF
:10C07000FB6000BF00BFFDE73E4B1B683F4A934299
:10C080000BD14FF0500383F31188BFF36F8FBFF3D1
:10C090004F8F3B6100BF00BFFDE7394B7B617B6980
:10C0A0001B78DBB27B607B69FF221A707B691B788F
:10C0B000DBB2FB70FB78DBB203F05003DAB2314B3A
:10C0C0001A70314B07221A6009E02F4B1B68013BA5
:10C0D0002D4A1360FB78DBB25B00DBB2FB70FB78B0
:10C0E000DBB203F08003802BEFD0274B1B68C3F13A
:10C0F0000703042B0BD04FF0500383F31188BFF3D9
:10C100006F8FBFF34F8FBB6000BF00BFFDE71E4BBB
:10C110001B681B021C4A13601B4B1B6803F4E06383
:10C12000194A13607B68DAB27B691A70174B1B6877
:10C13000164A43F470031360144B1B68134A43F010
:10C140007043136000F0DAF8114B00221A6000F01F
:10C15000F9F8104B1B680F4A43F040431360FFF798
:10C1600063FFFFF733FDFFF71BFF00231846183767
:10C17000BD4680BD00ED00E071C20F4170C20F41AD
:10C1800000E400E0E80F0020EC0F002020ED00E0CC
:10C190001C00002034EF00E080B483B000AF4FF00B
:10C1A000500383F31188BFF36F8FBFF34F8F7B6012
:10C1B00000BF104B1B6801330E4A13600D4B1B6808
:10C1C000012B10D10C4B1B68DBB2002B0BD04FF0B6
:10C1D000500383F31188BFF36F8FBFF34F8F3B6022
:10C1E00000BF00BFFDE700BF0C37BD465DF8047B14
:10C1F000704700BF1C00002004ED00E080B483B055
:10C2000000AF124B1B68002B0BD14FF0500383F390
:10C210001188BFF36F8FBFF34F8F7B6000BF00BFEC
:10C22000FDE70A4B1B68013B084A1360074B1B687C
:10C23000002B05D100233B603B6883F3118800BFCE
:10C2400000BF0C37BD465DF8047B70471C00002022
:10C25000EFF30980BFF36F8F154B1A681EF0100FB4
:10C2600008BF20ED108A20E9F04F106009B44FF0AC
:10C27000500080F31188BFF34F8FBFF36F8FFFF72C
:10C28000A5FC4FF0000080F3118809BC196808680C
:10C29000B0E8F04F1EF0100F08BFB0EC108A80F32A
:10C2A0000988BFF36F8F7047AFF30080AFF3008052
:10C2B000BC0E002000BF00BF80B582B000AF4FF0C1
:10C2C000500383F31188BFF36F8FBFF34F8F7B60F1
:10C2D00000BFFFF7C1FB0346002B03D0064B4FF016
:10C2E00080521A6000233B603B6883F3118800BFD3
:10C2F00000BF0837BD4680BD04ED00E080B400AF4C
:10C300000B4B00221A600B4B00221A600A4B1B6871
:10C310000A4AA2FB03239B09094A013B1360044B11
:10C3200007221A6000BFBD465DF8047B704700BF5E
:10C3300010E000E018E000E010000020D34D621093
:10C3400014E000E0DFF80C00016841F470010160C6
:10C35000704700BF88ED00E080B58AB000AF78601C
:10C360000023FB61FFF7CCFA5C4B1B68002B01D16B
:10C3700000F024F95A4B1A687B681340002B40F0F8
:10C3800095807B68002B1ED008227B6813447B605D
:10C390007B6803F00703002B15D07B6823F00703AD
:10C3A00008337B607B6803F00703002B0BD04FF052
:10C3B000500383F31188BFF36F8FBFF34F8F7B61FF
:10C3C00000BF00BFFDE77B68002B6FD0454B1B68AB
:10C3D0007A689A426AD8444B3B62434B1B687B6243
:10C3E00004E07B6A3B627B6A1B687B627B6A5B68FA
:10C3F0007A689A4203D97B6A1B68002BF1D1374BCC
:10C400001B687A6A9A4251D03B6A1B68082213441F
:10C41000FB617B6A1A683B6A1A607B6A5A687B68B0
:10C42000D21A08235B009A4220D97A6A7B681344A7
:10C43000BB61BB6903F00703002B0BD04FF0500327
:10C4400083F31188BFF36F8FBFF34F8F3B6100BF42
:10C4500000BFFDE77B6A5A687B68D21ABB695A60E5
:10C460007B6A7A685A60B86900F00AF91D4B1A684D
:10C470007B6A5B68D31A1B4A13601A4B1A681B4B02
:10C480001B689A4203D2174B1B68184A13607B6AD9
:10C490005A68134B1B681A437B6A5A607B6A0022F6
:10C4A0001A60134B1B680133114A1360FFF736FA09
:10C4B000FB6903F00703002B0BD04FF0500383F30D
:10C4C0001188BFF36F8FBFF34F8FFB6000BF00BFBA
:10C4D000FDE7FB6918462837BD4680BDF84B0020B4
:10C4E0000C4C0020FC4B0020F04B0020004C0020A6
:10C4F000044C002080B586B000AF78607B687B611B
:10C500007B68002B4FD008235B427A6913447B6120
:10C510007B693B613B695A68254B1B681340002BC4
:10C520000BD14FF0500383F31188BFF36F8FBFF32C
:10C530004F8FFB6000BF00BFFDE73B691B68002B0E
:10C540000BD04FF0500383F31188BFF36F8FBFF30D
:10C550004F8FBB6000BF00BFFDE73B695A68144BBB
:10C560001B681340002B1ED03B691B68002B1AD19F
:10C570003B695A680E4B1B68DB431A403B695A60A3
:10C58000FFF7BEF93B695A680A4B1B681344094A16
:10C590001360386900F074F8074B1B680133064AD2
:10C5A0001360FFF7BBF900BF1837BD4680BD00BF61
:10C5B0000C4C0020FC4B0020084C002080B485B0BF
:10C5C00000AF4FF47053BB60274BFB60FB6803F078
:10C5D0000703002B0CD0FB680733FB60FB6823F0DC
:10C5E0000703FB60BA68FB68D31A1F4A1344BB6099
:10C5F000FB687B601D4A7B6813601C4B00225A60FD
:10C600007B68BA681344FB600822FB689B1AFB60D6
:10C61000FB6823F00703FB60FB68154A1360144BAB
:10C620001B6800225A60124B1B6800221A607B684C
:10C630003B603B68FA68D21A3B685A600C4B1A6838
:10C640003B681A603B685B680A4A13603B685B683A
:10C65000094A1360094B4FF000421A6000BF1437BB
:10C66000BD465DF8047B7047F00F0020F04B0020C2
:10C67000F84B0020004C0020FC4B00200C4C00200C
:10C6800080B485B000AF7860284BFB6002E0FB68A7
:10C690001B68FB60FB681B687A689A42F7D8FB68E6
:10C6A000BB60FB685B68BA6813447A689A4208D139
:10C6B000FB685A687B685B681A44FB685A60FB68D1
:10C6C0007B607B68BB607B685B68BA681A44FB6808
:10C6D0001B689A4218D1FB681A68154B1B689A426E
:10C6E0000DD07B685A68FB681B685B681A447B68DE
:10C6F0005A60FB681B681A687B681A6008E00C4B7C
:10C700001A687B681A6003E0FB681A687B681A6025
:10C71000FA687B689A4202D0FB687A681A6000BFA8
:10C720001437BD465DF8047B704700BFF04B002016
:10C73000F84B00200A22002100F07AB8242B2DE9C2
:10C74000F0478646904601D8012B06D100F0E0FE66
:10C75000162303600020BDE8F08734480D462A46C2
:10C7600015F8014B065D16F00806F8D12D2C10D1F6
:10C770002C780126951C33F0100215D1302C0DD1E8
:10C780002A7802F0DF02582A08D16C78023510238B
:10C790000AE02B2C04BF2C78951CECE7002BF6D17B
:10C7A000302C14BF0A23082306F1004C0CF1FF3C87
:10C7B0000022BCFBF3F9104603FB19CAA4F13007B1
:10C7C000092F0FD83C46A3421BDD571C07D08145DB
:10C7D00014D301D1A24511DB00FB0340012215F85F
:10C7E000014BEBE7A4F14107192F01D8373CEAE7E9
:10C7F000A4F16107192F04D8573CE4E74FF0FF324A
:10C80000EDE7531C08D12223CEF800306046B8F182
:10C81000000FA0D0691E06E006B14042B8F1000F3B
:10C8200099D0002AF6D1C8F8001094E75D0C0108F1
:10C8300013460A46014602480068FFF77FBF00BF63
:10C840002C0000202DE9FF4757EC106B002F0C4601
:10C8500019463B46BBBF07F100431F4600232D236B
:10C860000B700D9BDDF830A0914623F02008BCBF73
:10C8700032461646B8F1460F05D0B8F1450F00D143
:10C880000134022100E0032103AB019302AB0093CA
:10C8900047EC106B5346224600F01EFFB8F1470FDD
:10C8A000054619D119F0010F0ED000EB0409002242
:10C8B000002330463946F4F717F908B1CDF80C904B
:10C8C0003022039B4B451ED3039B0E9A5B1B2846CD
:10C8D000136004B0BDE8F087B8F1460F00EB04091F
:10C8E000E5D10378302B0AD10022002330463946A7
:10C8F000F4F7FAF818B9C4F10104CAF80040DAF8FC
:10C9000000309944D3E7591C03911A70D9E7F7B561
:10C910000029BABF49422D232B23092902704370F5
:10C9200029DD0DF1070425460A272246B1FBF7F65B
:10C9300007FB1613303302F8013C0B46632B04F15E
:10C94000FF343146F1DC3031931E04F8011C411CE8
:10C950001C46AB420AD30DF109039B1AA54238BF0E
:10C960000023821C1344181A03B0F0BD13F8016BA6
:10C9700001F8016FEDE7302330318370C170031D82
:10C98000F1E700002DE9F04F8DB00C46DDF858803E
:10C9900016461F46054600F071FD036806931846CB
:10C9A000F3F776FC00230A93D8F8003094F818A027
:10C9B000D4F800B00790073323F00703B3EC027BF1
:10C9C0008DED047BC8F80030DDE9048323F00049D5
:10C9D00084ED127B9C4B4FF0FF3240464946F4F702
:10C9E000B5F870BB984B4FF0FF3240464946F4F71C
:10C9F0008FF830BBDDE9040100220023F4F77EF854
:10CA000010B12D2384F84330904A914BBAF1470F6F
:10CA10008CBF90469846032323612BF004032360C8
:10CA20004FF00009009733460BAA2146284600F034
:10CA3000D1F9013040F08C804FF0FF300DB0BDE8EF
:10CA4000F08FDDE9042310461946F4F77FF840B172
:10CA5000059B804A002BBCBF2D2384F843307E4BBE
:10CA6000D4E763685A1C0AF0DF093BD106236360F0
:10CA70004BF480620023226003930AABCDE901A34B
:10CA800009AB009361689DED040B0DF1230328466B
:10CA9000FFF7D8FEB9F1470F0999804629D1C81C84
:10CAA00002DB63688B4241DAAAF1020A5FFA8AFA72
:10CAB0000139524604F150000991FFF728FF0A9A04
:10CAC0001318012A8146236102DC2268D20701D5AE
:10CAD000013323619DF82330002BA3D02D2384F84C
:10CAE00043309FE7B9F1470FC2D1002BC0D10123DA
:10CAF000BDE7BAF1650FDBD9BAF1660F18D100298D
:10CB000063680BDD216113B92268D00702D50133B8
:10CB10000B442361A1654FF00009DBE713B92268DC
:10CB2000D20701D50233F4E70123F2E74FF0670A99
:10CB30000A9B8B4205DC23682161D807EAD54B1C90
:10CB4000E7E70029D4BFC1F1020201221344E0E764
:10CB500023685A0507D42369424631462846B84718
:10CB600001302BD168E7BAF1650F40F2DD80D4E9DE
:10CB7000120100220023F3F7B7FF002833D0374A11
:10CB8000012331462846B84701303FF455AFDDE96F
:10CB90000938434502DB2368D8070FD5DDE90623B2
:10CBA00031462846B84701303FF446AF4FF0000900
:10CBB00008F1FF3804F11A0AC84509DC23689B070D
:10CBC00000F10381E0680B9B9842B8BF184635E737
:10CBD0000123524631462846B84701303FF42CAF76
:10CBE00009F10109E8E7099B002B39DC1B4A012305
:10CBF00031462846B84701303FF41EAFDDE9093918
:10CC000059EA030302D12368D907D7D5DDE9062302
:10CC100031462846B84701303FF40EAF4FF0000AC6
:10CC200004F11A0B099B5B42534501DC4B4693E729
:10CC300001235A4631462846B84701303FF4FCAE3E
:10CC40000AF1010AEEE700BFFFFFEF7F610D010867
:10CC50005D0D0108690D0108650D01086D0D0108E4
:10CC6000A36DDDF828A05345A8BF5346002B994675
:10CC700036DC4FF0000B29EAE97904F11A02A36DC2
:10CC80000493A3EB09035B4531DC099B9A453ADC2D
:10CC90002368DA0737D4099BAAEB0309049BAAEBA4
:10CCA00003039945A8BF9946B9F1000F33DC4FF053
:10CCB000000829EAE97904F11A0B099BAAEB03039E
:10CCC000A3EB090343457FF779AF01235A46314669
:10CCD0002846B84701303FF4AFAE08F10108ECE751
:10CCE000424631462846B8470130C2D1A4E6012366
:10CCF000314628460492B84701303FF49DAE049A6D
:10CD00000BF1010BBBE7DDE9062331462846B847A6
:10CD10000130C0D190E6049A4B4642443146284641
:10CD2000B8470130C3D187E6DDF828A0BAF1010F7A
:10CD300001DCDB0736D50123424631462846B84799
:10CD400001303FF479AEDDE9062331462846B84785
:10CD500001303FF471AED4E91201002200230AF140
:10CD6000FF3AF3F7C1FEC0B9534608F1010231465C
:10CD70002846B84701300CD15EE601235A463146B9
:10CD80002846B84701303FF457AE08F10108D045B6
:10CD9000F3DB4B4604F15002DFE64FF0000804F1EC
:10CDA0001A0BF4E701234246E1E701234A463146E4
:10CDB0002846B84701303FF43FAE08F10108E36868
:10CDC0000B995B1A4345F0DCFCE64FF0000804F1D8
:10CDD0001909F4E72DE9F047164698468A680B6969
:10CDE000DDF820909342B8BF1346336091F843209A
:10CDF00007460C460AB1013333602368990642BFE7
:10CE0000336802333360256815F0060506D104F156
:10CE1000190AE36832689B1AAB4226DC94F8433067
:10CE20002268003B18BF012392062BD404F1430271
:10CE300041463846C84701301ED02368226903F0B6
:10CE40000603042B02BFE5683368ED1AA3680CBF24
:10CE500025EAE57500259342C4BF9B1AED1800260C
:10CE60001A34B5421AD1002008E001235246414647
:10CE70003846C847013003D14FF0FF30BDE8F08796
:10CE80000135C6E7E1185A1C302081F843002244DE
:10CE900094F8451082F843100233C7E70123224675
:10CEA00041463846C8470130E6D00136D9E7000090
:10CEB0002DE9F0430D7E85B0782D90460C9E0746F7
:10CEC0000C46994601F1430207D8622D0AD8002D7D
:10CED00000F0D780582D00F0BC8004F1420684F8A1
:10CEE00042503BE0A5F16303152BF6D801A151F8A0
:10CEF00023F000BF4DCF000861CF0008DBCE000853
:10CF0000DBCE0008DBCE0008DBCE000861CF0008D6
:10CF1000DBCE0008DBCE0008DBCE0008DBCE00084D
:10CF200069D000088BCF00081BD00008DBCE0008BA
:10CF3000DBCE00088BD00008DBCE00088BCF0008CA
:10CF4000DBCE0008DBCE000823D0000833681A1DB2
:10CF50001B68326004F1420684F842300123A1E0EC
:10CF600033682068191D3160060601D51D6803E08D
:10CF70004506FBD5B3F90050002D03DA2D236D4291
:10CF800084F843305B480A2311E0216833680806BF
:10CF900053F8045B02D4490648BFADB23360237E28
:10CFA00054486F2B5CD10823002184F84310666835
:10CFB000A660002E05DB21682E4321F004012160CC
:10CFC00050D01646B5FBF3F103FB115C10F80CC012
:10CFD00006F801CDAC4663450D46F3D9082B0BD1BD
:10CFE0002368DB0708D5236961689942DEBF3023D7
:10CFF00006F8013C06F1FF36921B2261CDF8009045
:10D00000434603AA21463846FFF7E4FE01304ED1DD
:10D010004FF0FF3005B0BDE8F083236843F02003F4
:10D0200023603548782584F845502368316813F02B
:10D03000800F51F8045B03D113F0400F18BFADB25D
:10D040003160D90744BF43F0200323601DB1102392
:10D05000AAE72848E7E7236823F020032360F6E7E0
:10D060000A23A1E71646B9E7336825686169181DE8
:10D0700030602E061B6801D5196002E06806FBD5FA
:10D080001980002323611646B8E733681A1D326001
:10D090001E68626800213046F3F7AAF808B1801BC9
:10D0A000606063682361002384F84330A6E7236946
:10D0B000324641463846C8470130A9D023689B070D
:10D0C00013D4E068039B9842B8BF1846A2E7012337
:10D0D000324641463846C847013099D00135E368A9
:10D0E00003995B1AAB42F2DCEBE7002504F1190669
:10D0F000F5E700BF6F0D0108800D0108002310B592
:10D100000446C0E90033C0E904338360818143668B
:10D11000C2818361194608225C3000F02DF90D4B65
:10D1200063620D4BA3620D4BE3620D4B23630D4B0A
:10D1300024629C4206D003F16802944202D0D033AC
:10D140009C4205D104F15800BDE8104000F00ABA35
:10D1500010BD00BFF1D2000813D300084BD3000864
:10D1600071D30008104C0020024A0349034800F024
:10D170006BB800BF2000002055EF000830000020F1
:10D1800041680C4B994210B5044601D001F0E2FE13
:10D19000A168094B994202D0204601F0DBFEE1680C
:10D1A000064B994204D02046BDE8104001F0D2BEA3
:10D1B00010BD00BF104C0020784C0020E04C002037
:10D1C0000C4B0D4A0D4810B504211A600022FFF7E0
:10D1D00095FF0A4B01221C46092103F16800FFF765
:10D1E0008DFF04F1D0000222BDE810401221FFF7AC
:10D1F00085BF00BF484D002069D10008104C0020B9
:10D20000014800F0B0B900BF514D0020014800F0C6
:10D21000ABB900BF514D002010B50446FFF7F0FF39
:10D22000236A1BB1BDE81040FFF7F0BF044B236237
:10D23000044B1B68002BF5D1FFF7C2FFF2E700BFDC
:10D2400081D10008484D00202DE9F8430746884663
:10D2500014460026D4E90195B9F1010905D52468E1
:10D26000002CF7D13046BDE8F883AB89012B07D9F4
:10D27000B5F90E30013303D029463846C04706437E
:10D280006835E9E70CB430B5184B0C1E1D689DB02D
:10D2900008DA8B232B604FF0FF301DB0BDE8304023
:10D2A00002B070474FF40273ADF814304FF0000332
:10D2B0001B9314BF04F1FF332346049307934FF6E7
:10D2C000FF7302900690ADF81630209A21AB02A9A8
:10D2D0002846019301F0C4FC431CBCBF8B232B6088
:10D2E000002CDAD0029B00221A70D6E72C00002016
:10D2F00010B50C46B1F90E1000F0E6F80028ABBFEF
:10D30000636DA3891B1823F48053ACBF6365A381AD
:10D3100010BD2DE9F0411F468B89DB0505460C4603
:10D32000164605D5B1F90E100223002200F0BAF816
:10D33000A389B4F90E1023F48053A38132463B46EF
:10D340002846BDE8F04100F0D1B810B50C46B1F95F
:10D350000E1000F0A7F8B4F90C30421C0BBF23F4F8
:10D36000805343F48053A381A38118BF606510BD2F
:10D37000B1F90E1000F086B802440346934200D182
:10D38000704703F8011BF9E710B50139034632B1C4
:10D3900011F8014F03F8014B013A002CF7D11A4460
:10D3A0000021934200D110BD03F8011BF9E70000F2
:10D3B0001B4B2DE9F0411C68656C06460F463DBBD2
:10D3C000502000F0AFFF0246606420B9154B1648AC
:10D3D0005B2100F0D9F88560626CC0E90055C2E9B4
:10D3E0000355626CC2E90555626CC2E90A55626C6C
:10D3F000C2E90C55626CC2E90E55626CC2E9105567
:10D40000626CC2E91255626C15772B46656C6B62D3
:10D410002A46394630460123BDE8F04100F006B8FF
:10D420002C000020910D0108A80D0108F0B504465C
:10D4300008B9146844B1204614F8015B0F4617F888
:10D44000016B1EB965B91560002005E0B542F6D143
:10D45000002BF0D114600370F0BD1C460CE01DB928
:10D46000274614F8013B0E4616F8015BAB42F6D195
:10D47000002BF2D000233B701460EDE700487047AA
:10D480006C01002038B5064D0023044608462B6089
:10D49000F7F7BAFD431C02D12B6803B1236038BDF6
:10D4A0004C4D002038B5074D044608461146002271
:10D4B0002A601A46F7F7CFFD431C02D12B6803B14F
:10D4C000236038BD4C4D002038B5074D0446084652
:10D4D000114600222A601A46F7F75DFD431C02D16F
:10D4E0002B6803B1236038BD4C4D002038B5074D83
:10D4F00004460846114600222A601A46F7F768FDDE
:10D50000431C02D12B6803B1236038BD4C4D002071
:10D51000014B1868704700BF2C00002070B50D4B00
:10D520000D4D5B1B9C100026A64209D102F0E2FCC7
:10D530000A4D0B4B5B1B9C100026A64205D170BD0B
:10D5400055F8043B98470136EEE755F8043B9847F9
:10D550000136F2E7301001083010010830100108E0
:10D56000341001087047704770470A44914200F137
:10D57000FF3300D1704710B511F8014B03F8014F8C
:10D580009142F9D110BD00001FB514461A46094B4F
:10D590001B680546D8684CB1074B0091CDE90134B2
:10D5A00006492B4601F0FEFC01F038FD044B1C46F9
:10D5B000F3E700BF2C000020020E01080F0E010847
:10D5C0003D0E01082DE9F74F03690C69A342074698
:10D5D0007EDB013C01F11408A30000F11405009367
:10D5E00005EB8403019358F8243055F824200133C7
:10D5F0009A4208EB8409B2FBF3F62ED34FF0000AEF
:10D60000C446AE46D3465CF8043B98B206FB00A085
:10D61000020C1B0C06FB0323DEF8002080B292B242
:10D62000121A5A44DEF800004FEA134A9BB2C3EBC9
:10D63000224303EB104392B242EA0342E1454EF823
:10D64000042B4FEA234BDED2009BEB582BB9019BF6
:10D65000043B9D421A462FD33C61384601F094F9B1
:10D66000002825DB2946002058F8042BD1F800C0FB
:10D670001FFA82FE1FFA8CF3A3EB0E030344120C75
:10D68000C2EB234202EB1C429BB243EA0243C14578
:10D6900041F8043B4FEA2240E6D255F8242005EB3E
:10D6A000840322B9043B9D421A460BD33C610136E8
:10D6B000304603B0BDE8F08F1268043B002ACBD19E
:10D6C000013CC6E71268043B002AEFD1013CEAE7BF
:10D6D0000020EEE7000000002DE9F04F99B08DED3D
:10D6E0000E0B0C92C269229C0A9157EC106B81467A
:10D6F000139382B9102000F015FE0246C9F81C00F1
:10D7000020B9AB4BEF21AB48FFF73EFF0023C0E948
:10D7100001330360C360116859B152684A60012344
:10D7200093408B60484600F0F1FED9F81C3000228F
:10D730001A60B7F10008B5BF0123002323602360FE
:10D740009D4BBCBF28F00048CDF83C8033EA08036D
:10D750001AD1139AC8F3130842F20F7358EA060855
:10D76000136000F06885239B53B9944B21E0944BE0
:10D7700000930833239A1360009819B0BDE8F08F26
:10D780008E4B00930333F5E79DED0E7B002251ECA9
:10D79000170B00238DED067BF3F7A6F9824650B1F7
:10D7A000139A01231360239B13B1239A854B1360B3
:10D7B000854B0093E0E79DED060B16AA17A9484696
:10D7C00001F096F95FEA1854169D019079D0079BF5
:10D7D000CDF850A0C3F31303DDE9060143F07F53F6
:10D7E00043F44013A4F2FF3419460022774BF2F7BA
:10D7F0005BFD69A3D3E90023F2F70EFF68A3D3E929
:10D800000023F2F753FD064620460F46F2F79AFE34
:10D8100065A3D3E90023F2F7FFFE02460B4630462C
:10D820003946F2F743FD06460F46F3F7A5F9002205
:10D830008046002330463946F3F760F948B1404648
:10D84000F2F780FE32463B46F3F74EF908B908F18D
:10D85000FF38B8F1160F51D85D4B03EBC803D3E97D
:10D860000023DDE90601F3F749F9002848D008F163
:10D87000FF38002312932D1B6B1E089343BF002318
:10D88000C5F1010708930027B8F1000F3ADB089BA8
:10D89000CDF8348043440893002309930A9B092B55
:10D8A00062D8052BC4BF043B0A930A9BA3F1020371
:10D8B000CCBF00240124032B62D8DFE803F05153CE
:10D8C000362B179C2C4404F23243202BC1BFC3F1EA
:10D8D000400308FA03F804F2124326FA03F3D6BF12
:10D8E000C3F1200348EA030006FA03F0F2F71AFE38
:10D8F0000122A1F1F873013C149275E70123B9E705
:10D900001290B8E7C8F1000309930023A7EB0807BA
:10D910000D93C3E701230B930C9B43440593013301
:10D92000012B0493B8BF012306E001230B930C9B4A
:10D93000002B28DDCDE90433D9F81C000021042296
:10D9400002F114059D4223D94160484600F0A0FD34
:10D950000090002840D11F4B024640F2AF11D2E6A2
:10D960000023E3E70023D6E701240023CDE90A34AE
:10D970004FF0FF33CDE90433002212230C92DBE792
:10D9800001230B93F4E70123CDE904331A46F5E7AD
:10D9900001315200D4E700BF61436F63A787D23FD4
:10D9A000B3C8608B288AC63FFB799F501344D33F8E
:10D9B000910D01084B0E01080000F07F470E010891
:10D9C0003E0E01086E0D01086D0D01080000F83FC4
:10D9D000600F0108A30E0108D9F81C30009A1A60E4
:10D9E000049B0E2B00F2A180002C00F09E80B8F169
:10D9F000000F36DD9E4B08F00F0203EBC20318F454
:10DA0000807FD3E900AB4FEA281516D0994BDDE9AA
:10DA10000601D3E90823F2F729FFCDE9020105F059
:10DA20000F050324934E75B9DDE9020152465B46AA
:10DA3000F2F71CFF82468B462DE09DED067B02240B
:10DA40008DED027BEEE7E90708D550465946D6E949
:10DA50000023F2F7E1FD013482468B466D10083653
:10DA6000E1E700F0AD80C8F10005814B814E05F083
:10DA70000F0203EBC203D3E90023DDE90601F2F74D
:10DA8000CBFD2D1182468B4600230224002D40F051
:10DA90008C80002BCED1129B002B00F09580764B12
:10DAA000002250465946F3F729F8002800F08C80F0
:10DAB000049B002B00F08880059B002B35DD08F1CE
:10DAC000FF330293504659466C4B0022F2F7A4FDF7
:10DAD000059E82468B4601342046F2F733FD5246BE
:10DAE0005B46F2F799FD664B0022F2F7DFFB044636
:10DAF000A1F15075CDE91045002E69D1614B00228E
:10DB000050465946F2F7D0FB22462B4682468B46BA
:10DB1000F3F712F8002840F09482224605F1004302
:10DB200050465946F2F7EAFF20BB179B002BC0F284
:10DB30006081B8F10E0F00F35C814D4B03EBC8031D
:10DB4000D3E900AB0C9B002B80F2EE80049B002BF2
:10DB500000F3EA800ED14B4B002250465946F2F7B3
:10DB60005BFD02460B46DDE90601F2F7D1FF002816
:10DB700000F06A8200252C460C9B009EDB4302933A
:10DB8000274600242946484600F0C0FC002F00F03C
:10DB9000C1802CB1BC4203D02146484600F0B6FCFF
:10DBA0003946484600F0B2FCB4E0EA0705D5D6E9AC
:10DBB0000023F2F731FD013401236D10083665E7CB
:10DBC000DDE906AB022466E7049ECDF8088083E712
:10DBD000274B03EBC60353E902010B9B002B55D0E7
:10DBE00002460B4600202849F2F740FEDDE91023EB
:10DBF000F2F75AFB009BCDE910019D191E465946CC
:10DC00005046F2F7B9FF0446F2F79CFC02460B4679
:10DC100050465946F2F748FB3034DDE9102306F848
:10DC2000014B82468B46F2F769FF002872D15246BB
:10DC30005B4611490020F2F737FBDDE91023F2F7CC
:10DC40005DFF002840F0B680AE423FF46EAFDDE9E4
:10DC500010010A4B0022F2F7DFFC084BCDE910015E
:10DC6000002250465946F2F7D7FC82468B46C6E75B
:10DC7000600F0108380F01080000F03F0000244049
:10DC800000001C40000014400000E03FDDE91023CC
:10DC9000F2F7C2FC009B009DCDE9100133441593BF
:10DCA00059465046F2F768FF0446F2F74BFC303411
:10DCB0000B46024659465046F2F7F6FA05F8014B74
:10DCC000159B9D4282468B4627D1009B0022DDE9B1
:10DCD00010011E44B34BF2F7E9FA02460B465046D8
:10DCE0005946F2F729FF002864D1DDE91023AD4938
:10DCF0000020F2F7D9FA02460B4650465946F2F791
:10DD0000FDFE00283FF411AF334616F8012D302AEE
:10DD1000FAD01E46DDF808803AE0A34B0022F2F765
:10DD20007BFC82468B46BBE7009E52465B46DDE9A4
:10DD30000601F2F79BFDF2F71FFF0746F2F702FC20
:10DD400052465B46F2F768FC02460B46DDE90601E7
:10DD5000F2F7AAFA07F1300C009C06F801CBA6EB0B
:10DD6000040C049C644502460B4633D1F2F79EFA3C
:10DD700052465B4604460D46F2F7DEFEC0B95246F7
:10DD80005B4620462946F2F7AFFE08B1FB070FD4E9
:10DD90000199484600F0BAFB0023139A337008F14A
:10DDA00001031360239B002B3FF4E6AC1E60E3E409
:10DDB000CDF8088033461E4613F8012D392A06D1C6
:10DDC000009A9A42F7D1029A01320292302201322D
:10DDD0001A709FE7744B0022F2F71EFC02460B46B6
:10DDE000CDE9062300220023F2F77EFE00289CD016
:10DDF000CEE70B9A002A00F0E3800A9A012A00F38A
:10DE0000C280149A002A00F0BA8003F23343099DBD
:10DE10003E46089A01211A4448461F44089200F0E1
:10DE200029FC044656B1089B002B07DDB342089A33
:10DE3000A8BF3346FF1AF61AD31A0893099B0BB3EF
:10DE40000B9B002B00F0C380002D00F0BD8021460D
:10DE50002A46484600F0CEFC019A01460446484650
:10DE600000F01EFC01998246484600F04FFB099BDA
:10DE70005B1B099300F0AE80099A5146484600F0BA
:10DE8000B9FC01900121484600F0F4FB0D9B0546CA
:10DE9000002B00F0D7811A460146484600F0AAFC44
:10DEA0000A9B012B054600F39D800E9B002B40F042
:10DEB00094800F9BC3F31303002B40F08E800F9BC5
:10DEC00023F000431B0D1B05002B00F08980089BED
:10DED0000133013708934FF0010A0D9B002B00F02E
:10DEE000B7812B6905EB8303186900F077FBC0F15C
:10DEF0002000089B184410F01F007ED0C0F12003C2
:10DF0000042B72DD089BC0F11C0003440744064447
:10DF10000893002F05DD01993A46484600F0C6FCFB
:10DF20000190089B002B05DD29461A46484600F063
:10DF3000BDFC0546129B002B61D00198294600F0DC
:10DF400023FD00285BDA08F1FF33029301990023D7
:10DF50000A22484600F0FCFA0B9B0190002B00F0CF
:10DF60007981002321460A22484600F0F1FA059BF8
:10DF7000002B044672DC0A9B022B49DC6EE0169BE8
:10DF8000C3F1360343E7049B5D1E099BAB420DDBE7
:10DF90005D1B049B002BBFF63BAF049BFE1A0023C6
:10DFA00037E700BF0000E03F00002440099B0D9AC6
:10DFB0000995EB1A1A440D92049B3E46002528E76A
:10DFC000099D0B9C3E462DE7DDF804A054E7099A15
:10DFD000019953E7CDF804A054E74FF0000A7CE71D
:10DFE0009A467AE74FF0000A7BE792D0089A1C33F2
:10DFF0001A441F441E4408928BE70346F6E7049B2D
:10E00000CDF80880002B23DC05930A9B022B21DD31
:10E01000059B002B7FF4B0AD29460522484600F051
:10E0200097FA01460546019800F0AEFC00287FF7FC
:10E03000A3AD009E312306F8013B029B01330293FE
:10E040009EE535462C46F4E7049DCDF80880F9E7B7
:10E05000049B05930B9B002B00F00081002E05DD37
:10E0600021463246484600F021FC0446BAF1000F32
:10E070005AD06168484600F00BFA064628B9824B30
:10E08000024640F2EF21FFF73EBB226902329200C6
:10E0900004F10C010C30FFF768FA012231464846C2
:10E0A00000F004FC0746009B009A03F1010B059B5E
:10E0B000134406930E9B03F0010308930BF1FF3307
:10E0C000294601980493FFF77DFA2146059000F157
:10E0D000300A019800F058FC3A46804629464846E6
:10E0E00000F06EFCC268064602BB0146019800F0D3
:10E0F0004BFC024631464846099200F007FADDE93A
:10E10000092342EA0301089B19435E4610D1BAF184
:10E11000390F2BD0B8F1000F02DD059B03F1310A56
:10E12000049B83F800A02DE52746BCE70122E1E728
:10E13000B8F1000F06DB0A9B48EA0308089B58EA7F
:10E14000030820D1002AEBDD01990122484600F0A6
:10E15000ADFB2946019000F017FC002803DCDFD15D
:10E160001AF0010FDCD0BAF1390FD6D1049A392355
:10E17000137033461E46013B16F8012C392A52D043
:10E1800001321A70FEE4002A07DDBAF1390FEDD032
:10E19000049A0AF101031370F4E4069B0BF801AC36
:10E1A0005B452AD0019900230A22484600F0D0F9A5
:10E1B000BC4201904FF000034FF00A02214648464E
:10E1C00006D100F0C5F9044607460BF1010B75E7CF
:10E1D00000F0BEF93946044600230A22484600F002
:10E1E000B7F90746F1E7059B5E1E002B009BD8BFE1
:10E1F00000265A1C2746164400240199012248464D
:10E2000000F054FB2946019000F0BEFB0028B0DC72
:10E2100002D11AF0010FACD133461E4613F8012D7E
:10E22000302AFAD0AEE4009A9A42A3D1029B01337D
:10E2300002933123AFE7239B002B7FF498AA134B63
:10E24000FFF7B7BA0A9B012B7FF72FAEDDF834A09A
:10E2500001204EE6059B002B7FF7D7AE009E01986C
:10E260002946FFF7AFF900F1300A009B06F801AB31
:10E27000F21A059B9342B6DD019900230A22484613
:10E2800000F066F90190EAE7A30E01083E0E0108CE
:10E2900038B50546002941D051F8043C0C1F002B2D
:10E2A000B8BFE41800F0E8F81D4A136833B963609A
:10E2B00014602846BDE8384000F0E4B8A34208D90D
:10E2C000206821188B4201BF19685B68091821601A
:10E2D000EDE71A465B680BB1A342FAD911685018F2
:10E2E000A0420BD120680144501883421160E0D154
:10E2F00018685B68536008441060DAE702D90C23A1
:10E300002B60D6E7206821188B4204BF19685B6830
:10E31000636004BF091821605460CAE738BD00BFBC
:10E32000584D0020024B0146186800F025B800BF88
:10E330002C00002070B50F4E0C463168054611B90F
:10E3400000F05CFE30602146284600F057FE431C7A
:10E3500003D14FF0FF34204670BDC41C24F00304E9
:10E36000A042F8D0211A284600F048FE0130F2D130
:10E37000EFE700BF544D00202DE9F843CD1C25F0F8
:10E38000030508350C2D38BF0C25002D064601DB92
:10E39000A94204D90C2333600020BDE8F883DFF8DC
:10E3A000D48000F069F8D8F800301C4644BB2946F8
:10E3B0003046FFF7BFFF431C044658D1D8F8004051
:10E3C0002746002F43D1002C4BD0236839463046D6
:10E3D00004EB030900F012FE814542D121686D1A59
:10E3E00029463046FFF7A6FF01303AD023682B4478
:10E3F0002360D8F800305A6862BBC8F800700FE09C
:10E400002268521B20D40B2A17D96119A342256018
:10E4100018BF5960636808BFC8F8001062514B60AC
:10E42000304600F02FF804F10B00231D20F0070008
:10E43000C21A1CBF1B1AA350AFE76268A3420CBFED
:10E44000C8F800205A60EBE723466468AEE73C4614
:10E450007F68B6E71A465B68A342FBD1002353608E
:10E46000DEE70C233360304600F00CF894E70560DB
:10E47000D6E700BF584D00200148FFF774B800BF31
:10E48000504D00200148FFF76FB800BF504D0020ED
:10E4900070B5C46905460E4684B91020FFF742FFE7
:10E4A0000446E86128B90246164B17486B21FFF76E
:10E4B0006BF80023C0E901330360C360E36853B91C
:10E4C00021220421284600F0B0FDEB69E060DB6802
:10E4D0000BB9002070BD53F8260030B1026843F834
:10E4E00026200023C0E90333F4E7012101FA06F4F2
:10E4F000621D9200284600F098FD0028E9D0C0E98E
:10E500000164EEE7910D0108B40E010870B5C6690B
:10E5100005460C4676B91020FFF704FF0246E86175
:10E5200020B9094B09488F21FFF72EF8C0E9016691
:10E530000660C6603CB1EB696268DB6853F8221084
:10E54000216043F8224070BD910D0108B40E01080E
:10E550002DE9F0410D6907460C461E4601F1140CE9
:10E560000020DCF8003099B202FB01611E0C0B0C9C
:10E5700002FB063389B2013001EB034185424CF8BE
:10E58000041B4FEA1346ECDC0EB3A368AB4219DC64
:10E59000616838460131FFF77BFF804628B90246A3
:10E5A0000C4B0D48BA21FEF7EFFF2269023204F14D
:10E5B0000C0192000C30FEF7D8FF21463846FFF7D9
:10E5C000A5FF444604EB850301355E6125612046C5
:10E5D000BDE8F081A30E0108B40E0108B0F5803F3C
:10E5E000034636BF030400201020B3F1807F3CBFF8
:10E5F0001B020830B3F1805F3CBF1B010430B3F154
:10E60000804F3CBF9B000230002B05DB13F0804F96
:10E6100000F1010008BF202070470368024613F094
:10E6200007000BD0D90721D4980749BF5B089B0886
:10E63000012013605CBF13600220704799B209B9D2
:10E640001B0C1020D9B209B908301B0A190704BFE6
:10E650001B090430990704BF9B080230D90703D473
:10E660005B0800F1010003D0136070470020704781
:10E670002020704710B50C460121FFF709FF024624
:10E6800028B9054B054840F24511FEF77DFF0123EF
:10E690004461036110BD00BFA30E0108B40E010860
:10E6A0002DE9F04FD1F81090D2F810A0D14585B0E7
:10E6B0008846144604DB53460C46CA4690469946A3
:10E6C000A36861680AEB0906B342B8BF0131FFF7DE
:10E6D000DFFE30B90246454B45484FF4B171FEF7B5
:10E6E00053FF00F1140505EB86072B460022BB42C1
:10E6F0001FD304F1140C08F114010CEB8A0301EB95
:10E70000890202921A1B153A22F0030215349C4228
:10E7100088BF00220192029A03918A420CD8002EEF
:10E7200003DD57F8043D002B5DD0066105B0BDE860
:10E73000F08F43F8042BDAE7B1F800A0BAF1000F2C
:10E7400024D0E046A9464FF0000E58F8042BD9F823
:10E7500000401FFA82FBA4B20AFB0B444FEA124BA3
:10E76000D9F8002074444FEA124E0AFB0BE202EB88
:10E770001442A4B244EA0244434549F8044B4FEA28
:10E78000124EE2D8019AAA18C2F804E0039AB2F82D
:10E7900002800431B8F1000F23D02A68E646914682
:10E7A000AA464FF0000BBEF8004008FB04B404EB8F
:10E7B000194492B242EA04424AF8042B5EF8042B50
:10E7C000DAF800904FEA124B1FFA89F208FB0B228D
:10E7D00002EB144273454FEA124BE4D8019C2C190A
:10E7E0006260043597E7013E99E700BFA30E010878
:10E7F000B40E01082DE9F843174612F003028046D3
:10E800000D4607D0264C013A002354F82220FFF78A
:10E810009FFE0546BF103FD0D8F81C4094B9102089
:10E82000FFF780FD0446C8F81C0030B902461D4BB6
:10E830001D4840F2B311FEF7A7FE0023C0E90133E3
:10E840000360C360A66846B940F271214046FFF7F5
:10E8500011FF0023A060064603602C464FF000091C
:10E8600007F001037F1053B1294632464046FFF7B7
:10E8700017FF214605464046FFF748FE67B130685E
:10E8800038B9324631464046FFF70AFF3060C0F8DB
:10E89000009006462C46E3E72846BDE8F88300BF13
:10E8A000280F0108910D0108B40E01082DE9F84F59
:10E8B0000C464968236903EB6218A36807461546AE
:10E8C0004FEA621A08F101094B450BDB3846FFF7A6
:10E8D000DFFD064648B90246294B2A484FF4EF713E
:10E8E000FEF752FE01315B00EEE7002300F1140C4D
:10E8F00000F110021946534535DB22692AEAEA7A0B
:10E900000CEB8A0C04F1140315F01F0E614603EBA7
:10E9100082022CD0CEF1200A002518688B4600FA1E
:10E920000EF02843CBF8000053F8045B9A4201F143
:10E93000040125FA0AF5F0D8131B153B23F0030355
:10E9400004F115018A4238BF00239C44CCF80450DE
:10E9500005B9C1463846C6F810902146FFF7D6FDE6
:10E960003046BDE8F88F42F8041F0133C3E753F87F
:10E97000045B0D609A4201F10401F8D8E9E700BF99
:10E98000A30E0108B40E01080A6903460069801A43
:10E9900030B50ED11433143103EB820401EB820144
:10E9A00054F8045D51F8042D954203D005D24FF080
:10E9B000FF3030BDA342F3D3FBE70120F9E70000AD
:10E9C0002DE9F74F8A460646114650461446FFF792
:10E9D000DBFF051E12D129463046FFF759FD0246DE
:10E9E00028B9414B40F237214048FEF7CDFD0123C5
:10E9F000C0E90435104603B0BDE8F08FBCBF5346F4
:10EA0000A2463046DAF80410BABF1C46012500259C
:10EA1000FFF73EFD024618B9334B40F24521E3E7CC
:10EA2000DAF810702669C5600AF1140904F1140EB1
:10EA300000F114050AF1100309EB87080EEB8606B6
:10EA40000193AB464FF0000C019B5EF8040B53F8AA
:10EA500004AF01931FFA8AF3194683B2CB1A000C54
:10EA60006344C0EB1A4000EB23409BB243EA0043EF
:10EA700076454BF8043B4FEA204CE5D8331B153B59
:10EA8000153423F00303A64238BF0023E8184B4493
:10EA90001C1D04302646A5EB0905464506EB050E70
:10EAA0000ED308F10301091B21F00301013398453E
:10EAB00038BF0021014451F8043D9BB1176199E72B
:10EAC00056F8041BE2464FEA11491CFA81FC5144F6
:10EAD00009EB2C4989B241EA09414FEA294CCEF8A9
:10EAE0000010DAE7013FE6E7A30E0108B40E0108C3
:10EAF0002DE9F7430F46012159EC108B1646FFF71D
:10EB0000C7FC044630B90246234B244840F20F317B
:10EB1000FEF73AFDC9F30A55C9F313030DB143F4E7
:10EB200080130193B8F1000323D068460093FFF7E8
:10EB300074FD0099D8B1019AC0F1200302FA03F3E1
:10EB40000B43C24063610192019BA361002B0CBF88
:10EB5000012202222261A5B1A5F2334505443D60A0
:10EB6000C0F135003060204603B0BDE8F08361613C
:10EB7000EAE701A8FFF751FD019B63612030012204
:10EB8000E8E704EB8203A0F2324038601869FFF72F
:10EB900025FDC0EB4210E5E7A30E0108B40E010805
:10EBA0002DE9F0478E681F46BE4282460C469046CD
:10EBB000334653D8B1F90C0010F4906F2BD065692F
:10EBC0002368096905EB4505A3EB010905EBD5753C
:10EBD0007B1C6D104B44AB422A4684BF1D462A461F
:10EBE000430527D511465046FFF7C6FB064658B3E6
:10EBF00021694A46FEF7B9FCA38923F4906343F0E8
:10EC00008003A381266165614E44A5EB090526605A
:10EC1000A5603E463B461F4620683A46414600F006
:10EC2000D3F9A3689B1BA36023683B4423600020A7
:10EC3000BDE8F087504600F01EFA06460028E1D1F4
:10EC400021695046FFF724FB0C23CAF80030A38942
:10EC500043F04003A3814FF0FF30E9E73E46DBE796
:10EC60002DE9F0471F468B891B069CB006460D46D2
:10EC7000144610D50B6973B94021FFF77DFB28605E
:10EC8000286130B90C2333604FF0FF301CB0BDE871
:10EC9000F08740236B610023099320238DF82930EE
:10ECA00003973023654F8DF82A304FF00108234633
:10ECB000994613F8012B0AB1252AF9D1B9EB040AB8
:10ECC0000BD05346224629463046FFF769FF0130F4
:10ECD00000F0A480099A5244099299F80030002B60
:10ECE00000F09C8000234FF0FF32CDE9052309F1AD
:10ECF0000109049307938DF853301A934C464F48FB
:10ED000014F8011B0522F1F773FA049BD0B9D80659
:10ED100044BF20228DF85320190744BF2B228DF8C1
:10ED2000532099F800202A2A13D0079A4C46002035
:10ED30004FF00A0C214611F8013B303B092B49D911
:10ED400068B913E0C01B08FA00F018430490A1460C
:10ED5000D4E7039A111D12680391002A01DB079280
:10ED600004E0524243F002030792049323782E2BCF
:10ED70000AD163782A2B32D1039B1A1D1B68039298
:10ED800043EAE37302340593DFF8C090217803224D
:10ED90004846F1F72DFA38B1049BA0EB0900402258
:10EDA000824013430134049314F8011B24488DF866
:10EDB00028100622F1F71CFA002835D0214818BB8C
:10EDC000039B073323F0070308330393099B034492
:10EDD00009936CE70CFB02320C460120AAE70023E2
:10EDE0000134059319464FF00A0C204610F8012B08
:10EDF000303A092A03D9002BC6D00591C4E70CFB91
:10EE0000012104460123F0E703AB00932A460E4B91
:10EE100004A93046FDF7B6FD421CD7D1AB895B068D
:10EE20003FF532AF099831E703AB00932A46064B12
:10EE300004A93046FEF73CF8EEE700BF0D0F0108CD
:10EE4000170F010885C90008A1EB0008130F01087E
:10EE5000B1F90C202DE9F041160705460C4651D4B6
:10EE60004B68002B02DC0B6C002B49DDE66A002EA0
:10EE700046D0002312F480522F682B6031D0626D8F
:10EE8000A389590705D56368D21A636B0BB1236C4C
:10EE9000D21A0023E66A216A2846B047421CB4F918
:10EEA0000C3006D129681D2946D8294ACA40D60700
:10EEB00042D500226260D9042269226004D5421C36
:10EEC00001D12B6803B96065616B2F60C1B104F19A
:10EED0004403994202D02846FFF7DAF9002363631E
:10EEE0000EE0216A01232846B0470246501CC7D1D4
:10EEF0002B68002BC4D01D2B01D0162B1AD12F60EC
:10EF000000201EE00F69002FFAD093070E6808BF9B
:10EF10004B690F6018BF0023A6EB07088B60B8F1A0
:10EF2000000FEDDD216AA66A43463A462846B047FF
:10EF3000002808DCB4F90C3043F04003A3814FF003
:10EF4000FF30BDE8F0810744A8EB0008E7E700BF09
:10EF50000100402038B50B6905460C4613B9002561
:10EF6000284638BD18B1036A0BB9FEF755F9B4F954
:10EF70000C30002BF3D0626ED00704D4990502D474
:10EF8000A06DFEF7F0FA28462146FFF761FF636E99
:10EF9000DA070546E4D4A3899B05E1D4A06DFEF70A
:10EFA000E3FADDE70EB403B5014603AB054853F8B9
:10EFB000042B0068019300F0C3F802B05DF804EB85
:10EFC00003B070472C000020884210B501EB02040A
:10EFD00002D98442234607D8431EA14207D011F824
:10EFE000012B03F8012FF8E70244824200D110BD43
:10EFF00013F8011D02F8011DF7E7000038B5064DB2
:10F000000023044608462B60F6F732F8431C02D171
:10F010002B6803B1236038BD4C4D002008B5062095
:10F0200000F05CFA0120F5F7ABFF70B5A1FB0254CC
:10F0300034B92946FFF7A0F9064628B9304670BD15
:10F040000C2202600026F9E72A462146FEF794F9D1
:10F05000F4E782B001B901A942B14BB113780B605A
:10F060001278101E18BF012002B070471046FBE74F
:10F070006FF00100F8E72DE9F041074614460D4610
:10F0800021B9BDE8F0411146FFF776B92AB9FFF77B
:10F09000FFF825462846BDE8F08100F03BFA84429F
:10F0A000064602D8B4EB500FF4D821463846FFF795
:10F0B00063F9804608B94546ECE7B4422246294642
:10F0C00028BF3246FEF751FA29463846FFF7E0F8E6
:10F0D000F1E70346084641B1FF2A04D98A221A60A3
:10F0E0004FF0FF3070470A70012070479368013B72
:10F0F000002B10B4936008DA9469A34201DB0A295B
:10F1000003D15DF8044B00F02FB91368581C106050
:10F11000197008465DF8044B7047F8B506460F466F
:10F120001446D518AC4201D1002007E014F8011BA9
:10F130003A463046FFF7DAFF431CF3D1F8BD000032
:10F140002DE9F0470D469CB014461F46064618B1FF
:10F15000036A0BB9FEF760F86B6ED90705D4AB896B
:10F160009A0502D4A86DFEF7FEF9AB891B0701D5FD
:10F170002B699BB92946304600F034F970B16B6EAB
:10F18000DC0704D54FF0FF301CB0BDE8F087AB8939
:10F190009805F7D4A86DFEF7E7F9F3E70023099384
:10F1A00020238DF82930039730236A4F8DF82A30B9
:10F1B0004FF001082346994613F8012B0AB1252A7E
:10F1C000F9D1B9EB040A0BD0534622462946304602
:10F1D000FFF7A3FF013000F0A480099A524409927E
:10F1E00099F80030002B00F09C8000234FF0FF3294
:10F1F000CDE9052309F10109049307938DF85330F4
:10F200001A934C46534814F8011B0522F0F7F0FFFF
:10F21000049BD0B9D90644BF20228DF853201A0789
:10F2200044BF2B228DF8532099F800202A2A13D0AE
:10F23000079A4C4600204FF00A0C214611F8013B7A
:10F24000303B092B49D968B913E0C01B08FA00F01C
:10F2500018430490A146D4E7039A111D1268039144
:10F26000002A01DB079204E0524243F002030792B6
:10F27000049323782E2B0AD163782A2B32D1039B57
:10F280001A1D1B68039243EAE37302340593DFF807
:10F29000D490217803224846F0F7AAFF38B1049BA6
:10F2A000A0EB09004022824013430134049314F878
:10F2B000011B29488DF828100622F0F799FF002835
:10F2C0003ED0264818BB039B073323F007030833BF
:10F2D0000393099B034409936CE70CFB02320C4631
:10F2E0000120AAE700230134059319464FF00A0CC8
:10F2F000204610F8012B303A092A03D9002BC6D03A
:10F300000591C4E70CFB012104460123F0E703ABA0
:10F3100000932A46124B04A93046FDF733FB431CE9
:10F32000D7D16B6ED90705D4AB899A0502D4A86DE5
:10F33000FEF71AF9AB895B063FF524AF099823E77E
:10F3400003AB00932A46064B04A93046FDF7B0FDF7
:10F35000E5E700BF0D0F0108170F010885C9000878
:10F360001BF10008130F0108F8B50E4614460546B8
:10F3700018B1036A0BB9FDF74FFFA369A360A38916
:10F380001A0701D5236943B92146284600F02AF817
:10F3900018B14FF0FF373846F8BD23682269981A34
:10F3A0006369F6B28342374605DC21462846FFF7FB
:10F3B000D1FD0028EDD1A368013BA36023685A1C4E
:10F3C00022601E706269431C9A4204D0A389DB0745
:10F3D000E1D50A2EDFD121462846FFF7BBFD0028E4
:10F3E000D9D0D6E738B5284B054618680C4618B171
:10F3F000036A0BB9FDF710FFB4F90C301A0721D4DA
:10F40000D80607D409222A6043F04003A3814FF0B5
:10F41000FF3030E0590712D5616B41B104F144036C
:10F42000994202D02846FEF733FF0023636300228F
:10F43000B4F90C3062602269226023F0240343F0A7
:10F440000803A38122693AB99A0501D5180603D5A4
:10F450002146284600F08AF8B4F90C3013F0010276
:10F460000AD00022A26062695242A261226942B9B6
:10F4700013F08000C8D138BD990758BF6269A260F7
:10F48000F4E70020F7E700BF2C0000201F2938B563
:10F4900005460C4604D9162303604FF0FF3038BDF3
:10F4A000C26B12B152F821304BB9284600F030F847
:10F4B000224601462846BDE8384000F017B8012B27
:10F4C0000AD0591C03D1162303600120E7E700216D
:10F4D00042F82410204698470020E0E7024B0146FE
:10F4E0001868FFF7D3BF00BF2C00002038B5074DC8
:10F4F00000230446084611462B60F5F731FD431CF6
:10F5000002D12B6803B1236038BD00BF4C4D0020F1
:10F51000F5F71EBD51F8043C181F002BBCBF0B585B
:10F52000C018704770B50C46B1F90E10002996B09E
:10F5300015461E460ADAA18911F0800113D14FF455
:10F540008062002031602A6016B070BD6A4600F00B
:10F5500047F80028EFDB019901F47041A1F5005351
:10F5600059425941EBE700214022EAE78B8973B504
:10F570009E0705460C4607D504F147032360236127
:10F580000123636102B070BD01AB6A46FFF7CAFF99
:10F59000009E28463146FEF7EFFEB4F90C3038B92C
:10F5A0009A05EFD423F0030343F00203A381E3E7BA
:10F5B00043F08003A381019B2060C4E90406002B73
:10F5C000E0D0B4F90E10284600F01CF80028D9D07D
:10F5D000A38923F0030343F00103A381D2E70000D2
:10F5E00038B5074D00230446084611462B60F5F751
:10F5F00017FD431C02D12B6803B1236038BD00BF47
:10F600004C4D002038B5064D0023044608462B60BB
:10F61000F5F716FD431C02D12B6803B1236038BDFA
:10F620004C4D002008B52DED048BB0EE608AB0EE95
:10F63000409A00F05FF8B4EE488AF1EE10FAF0EE6E
:10F64000408A0BD6B5EE409AF1EE10FA17D1B5EE1E
:10F65000408AF1EE10FA06D1F7EE008AB0EE680AA1
:10F66000BDEC048B08BDB0EE480A00F039F8002864
:10F67000F4D0B5EEC08AF1EE10FAEFD525E000F037
:10F680002FF888B1F5EE408AF1EE10FAE6D1B0EE2F
:10F69000490A00F025F80028E0D0B0EE480A00F052
:10F6A0001FF80028DAD010E0B0EE490A00F018F890
:10F6B0000028E7D0B0EE480A00F012F80028E1D0A8
:10F6C000F4EE688AF1EE10FA04D6FDF721FF22234A
:10F6D0000360C3E7FDF71CFF21230360BEE700BF03
:10F6E00010EE103A23F00040B0F1FF4F2CBF002085
:10F6F000012070472DE9F0432DED028B83B0CDED55
:10F70000010A8DED000ADDE9004535F0004610D113
:10F7100084F48004640014F5000F18D9DDED007A3C
:10F720009DED017A37EE870A03B0BDEC028BBDE890
:10F73000F08324F00047B7F1FF4F0FD9B4F17E5F9B
:10F74000ECD185F480056D0015F5000FE6D8B7EE15
:10F75000000A03B0BDEC028BBDE8F083B6F1FF4FA9
:10F76000ECD8002CB84616DBB6F1FF4F00F0F6805F
:10F77000B6F17E5F00F01D81B5F1804F00F04C8145
:10F78000B5F17C5F40F0348103B0BDEC028BBDE885
:10F79000F04300F0ABBBB6F1974F80F0E980B6F1D3
:10F7A0007E5F80F01581B5F1804F00F03581B5F1B5
:10F7B0007C5F00F0348200F0F9FAB7F1FF4F4FF0B0
:10F7C000000900F0E080002F00F01C81B7F17E5F9F
:10F7D00000F01881E20F013A59EA020300F021819A
:10F7E000B6F19A4F40F24481914B9F4240F25882C9
:10F7F000904B9F4200F26182F7EE007A30EE670A8A
:10F800009FED8D6A9FED8D7ADFED8D5AF5EE007AD2
:10F81000A0EE676AF6EE006AE6EE406A60EE007AF5
:10F820009FED886A67EEA67A27EE677AA0EE257AC2
:10F83000F0EE476AE0EE066A16EE903A6FF30B03BD
:10F8400006EE903AF0EE667AE0EE467A37EE677AA8
:10F850006FF30B0507EE905A9DED016ADDED015A3D
:10F8600036EE676A27EE257A66EEA77AA6EE267A46
:10F8700009F1FF3959EA0209BFEE008A77EE276ADB
:10F88000B7EE006A16EE903A18BFB0EE468A002B2B
:10F8900023F0004240F3D381B2F1864F00F252824E
:10F8A00000F03682B2F17C5F00F21A82002210462C
:10F8B0006FF30E0306EE103ADFED636ADFED633A95
:10F8C0009FED634A9FED632ADFED634A9FED635A24
:10F8D000DFED635A76EE677AB0EE003A37EE677A7C
:10F8E00066EE267ADFED5F6AE7EE267AB7EE000A6B
:10F8F000B0EE677AA6EE237A67EE076AF0EE472A43
:10F90000E6EE632AB0EE446AA6EE826A77EEE27A09
:10F91000E6EE264AB0EE456AA4EEA66AE7EE277A3E
:10F92000E6EE265AB0EE476AA5EEE66A67EE065A9C
:10F9300036EE436AC5EE866A76EEE77A77EEC77AE8
:10F9400030EE670A10EE103A1344B3F5000FC0F220
:10F95000B18100EE103A20EE080AE5E6B7F17E5FCD
:10F960003FF4F5AE2DD9002D28DB9DED010ADBE635
:10F97000B6F1FF4FF2D000F019FAB7F1FF4F4FF098
:10F9800002097FF420AF002D06DAF7EE007A87EE49
:10F99000800A002CBFF6C8AEA7F17E5757EA0907C8
:10F9A00000F02581B9F1010F7FF4BEAEB1EE400A3F
:10F9B000BAE6002D29DB9DED000AB5E69FED2A0A87
:10F9C000B2E6002DFADADDED017AB1EE670AABE6B8
:10F9D000F315C3F1960346FA03F202FA03F3B342B6
:10F9E00000F00A81B6F17E5FE3D0B5F1804F13D00D
:10F9F0009DED000A00F0DAF9B7F1FF4F4FF0000972
:10FA00007FF4E1AE002DC0DBC3E79DED007AF7EE99
:10FA1000007A87EE870A87E6DDED007A27EEA70AEF
:10FA200082E6DDED007A77EEE77A87EEA70A7BE6DD
:10FA3000F3FF7F3F0700803FABAAAA3E3BAAB83F37
:10FA400070A5EC3600AAB83F8CBEBF350072313FBE
:10FA50000EEADDB54CBB313355B38A38610B36BB8A
:10FA6000ABAA2A3E1872313F000000000000804B14
:10FA700014F0FF4F40F012815FED047A60EE277AB8
:10FA80006FF0170117EE908AB6484FEAE853C8F3B3
:10FA900016087F3B80450B4448F07E5140F3F680CA
:10FAA000B148804540F31381DFEDB04A0133F0EEF9
:10FAB000643AA1F50001F7EE005A002006EE901A14
:10FAC00076EEA57AB7EE007A87EE278A07EE903AAF
:10FAD000A74BDFEDA81A9FEDA80ADFEDA80A9FED5E
:10FAE000A81A9FEDA85A9FEDA82A03EA610343F0E4
:10FAF000005303F58003034436EEE56AB8EEE77A77
:10FB000007EE903A66EE082A77EEE55A12EE903A42
:10FB100036EEE54A62EEA26AF0EE605AA6EEA10A5F
:10FB20006FF30B03B0EE083AE0EE265ADFED971ABA
:10FB3000A5EEA61AF0EE455AE1EE265AB0EE435A6B
:10FB4000A5EEA62A66EEA65A06EE903AA6EEE76A5B
:10FB500072EEA67AA6EEC46AA6EEA65A26EE086A49
:10FB60009FED8B1A9FED8B4A67EE867AE5EE827ADF
:10FB700075EE275A15EE903A6FF30B0305EE903AA7
:10FB800035EEC35AA6EEE65A77EEC57A67EEA27A4C
:10FB9000E6EE257AB0EE676AA6EEA56A16EE103A92
:10FBA0006FF30B0306EE103AB0EE465AA6EEE55A96
:10FBB00077EEC57A67EEA17AE6EE017A77EEA37A60
:10FBC000F0EE676AE6EE046A76EEA46A76EE876A7D
:10FBD00016EE903A6FF30B0306EE903A36EEC77AC4
:10FBE00037EE647AA6EE447A37EEC77A30E670EEE6
:10FBF000407A87EEA70A97E5B6F17E5F3FF4D9AE6B
:10FC0000B5F1804F3FF408AF02F00102C2F10209E2
:10FC100000F0CCF8B7F1FF4F7FF4D5ADB3E600F0BC
:10FC2000C5F8B7F1FF4F3FF47FAD002F3FF47CAD37
:10FC3000B7F17E5F7FF4F5AE4FF00009ACE65649B0
:10FC40008A4200F287807FF42DAE76EEE76AF4EE0A
:10FC5000C76AF1EE10FA7DDA03F500434F4AC3F3A9
:10FC6000C7517F39C3F316000A4140F40000C1F1C7
:10FC700017011A400841404206EE902A77EEE67AD4
:10FC8000C20577EE276A16EE903A11E6DFED374AA5
:10FC9000F7EE005AF0EE643A00200FE70021F3E699
:10FCA000002D0CDB002003B0BDEC028BBDE8F0435F
:10FCB00000F010B900F082F84DE6002DF2DD0020D2
:10FCC00003B0BDEC028BBDE8F04300F009B9DFEDF5
:10FCD000344ADFED343AF7EE085A4FF40010EDE6FF
:10FCE000D2157E3A4FF40001114119442B4AC1F359
:10FCF000C7547F3CC1F31600224140F40000C4F118
:10FD00001704002B40FA04F002EA0102B4DAB2E769
:10FD10009FED256A76EEE76A37EE066AB4EEE66A8C
:10FD2000F1EE10FA0EDC03F500431C4AD9157F39B9
:10FD3000C3F316000A4140F40000C1F117011A4054
:10FD4000084199E7B5EEC08AF1EE10FA4CBF0120E8
:10FD50000020B5E7B5EEC08AF1EE10FA4CBF0120E5
:10FD60000020A0E771C41C00D6B35D0000000000B5
:10FD700000F0FFDF42F1533E55326C3E05A38B3E4F
:10FD8000ABAAAA3EB76DDB3E9A99193F4F38763F32
:10FD9000C623F6B80040763F00001643000080FFFF
:10FDA00000C0153FDCCFD1353CAA383310EE103AF5
:10FDB00023F0004300EE103A704700BF10EE103AF7
:10FDC00033F000411A4625D0B1F1FF4F1FD213F096
:10FDD000FF4F20D1DFED297A294A60EE277A904241
:10FDE00017EE903A31DB4CF2503CC3F3C7516045FB
:10FDF0001A46A1F1190114DD002BDFED227A9FEDE7
:10FE0000210AB8BFDFED207A27EE800A704730EE76
:10FE1000000A704770474CF2503C60454FEAD151A0
:10FE2000EADC0144FE29E7DC002915DC11F1160F9C
:10FE300019DB193122F0FF4242EAC15207EE902A43
:10FE40009FED120A27EE800A7047DFED117A07EE68
:10FE5000103A27EE270A704722F0FF4242EAC153C8
:10FE600000EE103A7047002BDFED097A9FED080A8B
:10FE7000B8BFDFED087A27EE800A70470000004C1B
:10FE8000B03CFFFFCAF24971CAF249F100000033E9
:10FE90006042A20D6042A28D10B52DED028BB0EE36
:10FEA000408A0446FDF734FBB0EE480ABDEC028BF5
:10FEB000046010BD30B1F1EE407A27EE800A2220B6
:10FEC000FFF7EABFF0EE407A27EE800A2220FFF724
:10FED000E3BF00BF9FED010AFFF7ECBF0000001079
:10FEE0009FED010AFFF7E6BF00000070B1EEC00A07
:10FEF000704700BFF8B500BFF8BC08BC9E4670470D
:0CFF0000F8B500BFF8BC08BC9E46704776
:10FF10004E4F4E4500000000464F5257415244009C
:10FF2000524556455253450053544F50000000006F
:10FF30004152435F52494748540000004152435FD9
:10FF40004C454654000000004152435F52520000AD
:10FF50004152435F524C00003F0000002009000066
:10FF6000727374006669720066696C006669726F0C
:10FF70000000000066696C6F0000000073720000F2
:10FF8000736C00004552523A51554555450D0A00D3
:10FF90004657445F434D00005245565F434D0000B5
:10FFA0004152435F465200004152435F464C0000BD
:10FFB000534C4944455F5200534C4944455F4C0003
:10FFC0004649520046494C004649524F0000000045
:10FFD00046494C4F000000004655000046580000BE
:10FFE0004C45445F5461736B00000000E0FF000863
:10FFF000AD2D00080000000000000000800000009F
:020000040801F1
:1000000000000000000000004F4C45445F54617345
:100010006B00000008000108D52D0008FDFF00005E
:1000200000000000000100000000000000000000CF
:100030004D6F746F725F5461736B00003000010884
:10004000E12F000801000000000000000004000093
:100050000000000000000000456E636F6465725F81
:100060005461736B00000000580001084944000807
:10007000FFFF000000000000000100000000000081
:10008000000000004779726F5F5461736B000000DD
:10009000840001085945000800000000000000002D
:1000A000000100000000000000000000556C7472A8
:1000B00061736F756E645F5461736B00AC0001080F
:1000C000BD460008FFFF0000000000000001000026
:1000D000000000000000000049525F5461736B0093
:1000E000D800010801470008FDFF000000000000E3
:1000F00080000000000000000000000059617777D8
:100100003A20252D313164005467743A20252D3171
:1001100031640000413A25356420423A25356400B7
:10012000434D443A20252D3131730000555320446E
:100130006973743A2025336420636D2020202000E9
:100140004C3A2534756D56205B25645D20202000D7
:10015000523A2534756D56205B25645D20202000C1
:100160004C3A2564636D20523A2564636D2020204B
:10017000000000007573302E302C25640A0000004A
:100180007573252E31662C25640A00006972252EB0
:1001900031660A005253540D0A00000025642C25D4
:1001A000640A0000434D442C256C752C256C752C7D
:1001B00025733A25640D0A00454E432C256C752C99
:1001C000256C752C25642C25640D0A0049444C458A
:1001D000000000004F4B0A0000000000000000007B
:1001E00001020304060708090000000001020304DD
:1001F00000000000000000000000000000000000FF
:100200003F400000000000000000300040003000CF
:100210004000000009000BC03D000BC03D0009007C
:1002200018C024407FE0224031800000180024C024
:100230001B000D803240018003801C4027401C8041
:1002400007400040100060000000000000000000B7
:100250000000000000001F802040402000004020DF
:1002600020401F8000000000090006001F800600DB
:1002700009000000040004003F80040004000000A6
:1002800000100060000000000000000004000400F6
:100290000400040004000000000000400000000012
:1002A00000000000002001C00600380040000000EF
:1002B0001F802040204020401F8000000000104090
:1002C0003FC000400000000018C0214022402440F0
:1002D0001840000010802040244024401B80000073
:1002E00002000D0011003FC0014000003C8024408E
:1002F00024402440238000001F80244024403440B8
:10030000038000003000200027C0380020000000DB
:100310001B802440244024401B8000001C0022C07D
:10032000224022401F800000000000000840000022
:100330000000000000000000046000000000000059
:10034000000004000A00110020804040090009005C
:100350000900090009000000000040402080110051
:100360000A000400180020002340240018000000A8
:100370001F802040274029401F400000004007C048
:1003800039000F0001C0004020403FC024402440FD
:100390001B8000001F802040204020403080000053
:1003A00020403FC0204020401F80000020403FC030
:1003B00024402E4030C0000020403FC024402E008A
:1003C000300000000F0010802040224033800200E7
:1003D00020403FC0040004003FC020402040204097
:1003E0003FC02040204000000060202020203FC06F
:1003F0002000200020403FC024400B0030C020409F
:1004000020403FC020400040004000C03FC03C00B2
:1004100003C03C003FC0000020403FC00C40230010
:100420003FC020001F802040204020401F8000004F
:1004300020403FC024402400180000001F802140BD
:10044000214020E01FA0000020403FC024402600A3
:1004500019C0004018C024402440224031800000D0
:10046000300020403FC020403000000020003F808E
:10047000004000403F80200020003E0001C00700F7
:1004800038002000380007C03C0007C038000000DA
:10049000204039C0060039C020400000200038400C
:1004A00007C0384020000000304021C026403840BE
:1004B00020C00000000000007FE04020402000003D
:1004C000000070000C00038000400000000040208D
:1004D00040207FE0000000000000200040002000DD
:1004E00000000000001000100010001000100010AC
:1004F000000000004000000000000000000002803A
:100500000540054003C0004020003FC004400440B7
:100510000380000000000380044004400640000007
:1005200000000380044024403FC0004000000380DE
:100530000540054003400000000004401FC0244067
:1005400024402000000002E0055005500650042021
:1005500020403FC00440040003C0004000000440AD
:1005600027C000400000000000100010041027E029
:100570000000000020403FC00140070004C00440CC
:10058000204020403FC000400040000007C0040061
:1005900007C0040003C00000044007C0044004007A
:1005A00003C00040000003800440044003800000BA
:1005B000041007F004500440038000000000038092
:1005C0000440045007F00010044007C0024004003B
:1005D00004000000000006400540054004C0000083
:1005E000000004001F800440004000000400078059
:1005F0000040044007C000400400070004C0018020
:1006000006000400060001C0070001C0060000004B
:10061000044006C0010006C004400000041007109A
:1006200004E00180060004000000044005C006400C
:10063000044000000000000004007BE040200000B7
:10064000000000000000FFF000000000000040205B
:100650007BE004000000000040008000400020001B
:10066000200040000000000000000000000000002A
:10067000000000000000000000001FCC000C000083
:10068000000000000000080030006000080030009A
:1006900060000000022003FC1E20022003FC1E203C
:1006A0000220000000000E1811043FFF10840C7897
:1006B000000000000F0010840F3800C00778188475
:1006C0000078000000780F8410C411240E9800E414
:1006D00000840008080068007000000000000000AE
:1006E0000000000000000000000007E018182004CF
:1006F00040020000000040022004181807E000003B
:10070000000000000240024001800FF00180024022
:10071000024000000080008000800FF80080008010
:10072000008000000001000D000E0000000000002D
:100730000000000000000080008000800080008039
:10074000008000800000000C000C00000000000091
:100750000000000000000006001800600180060094
:1007600018002000000007F0080810041004080812
:1007700007F000000000080408041FFC0004000447
:100780000000000000000E0C10141024104411840E
:100790000E0C000000000C18100411041104128843
:1007A0000C700000000000E00320042408241FFC5B
:1007B0000024000000001F98108411041104108808
:1007C00010700000000007F0088811041104188858
:1007D0000070000000001C00100010FC13001C0042
:1007E0001000000000000E381144108410841144E1
:1007F0000E38000000000700088C104410440888E0
:1008000007F00000000000000000030C030C0000D3
:1008100000000000000000000001010600000000D0
:1008200000000000000000800140022004100808C1
:1008300010040000022002200220022002200220D8
:1008400002200000000010040808041002200140EB
:100850000080000000000E001200100C106C1080D0
:100860000F00000003E00C1813E4142417C4082838
:1008700007D000000004003C03C41C40074000E413
:10088000001C000410041FFC1104110411040E8844
:100890000070000003E00C1810041004100410088D
:1008A0001C10000010041FFC1004100410040808A1
:1008B00007F0000010041FFC1104110417C41004F9
:1008C0000818000010041FFC1104110017C01000CC
:1008D0000800000003E00C181004100410441C78F9
:1008E0000040000010041FFC108400800080108471
:1008F0001FFC10040000100410041FFC100410045E
:100900000000000000030001100110011FFE100094
:100910001000000010041FFC110403801464181C54
:100920001004000010041FFC100400040004000464
:10093000000C000010041FFC1F0000FC1F001FFC27
:100940001004000010041FFC0C04030000E0101849
:100950001FFC100007F00808100410041004080819
:1009600007F0000010041FFC10841080108010801D
:100970000F00000007F0081810241024101C080AAB
:1009800007F2000010041FFC1104110011C0113007
:100990000E0C000400000E1C11041084108410447E
:1009A0001C3800001800100010041FFC1004100078
:1009B0001800000010001FF81004000400041004C8
:1009C0001FF8100010001E0011E0001C00701380C2
:1009D0001C0010001FC0103C00E01F0000E0103C95
:1009E0001FC000001004180C163401C001C01634DA
:1009F000180C100410001C00130400FC13041C004D
:100A0000100000000804101C1064108413041C045F
:100A1000101800000000000000007FFE40024002AD
:100A200040020000000030000C0003800060001C49
:100A30000003000000004002400240027FFE000070
:100A400000000000000000002000400040004000C6
:100A50002000000000010001000100010001000170
:100A600000010001000040004000200000000000E4
:100A700000000000000000980124014401440144EA
:100A800000FC000410001FFC008801040104008821
:100A900000700000000000700088010401040104DF
:100AA00000880000000000700088010401041108A3
:100AB0001FFC0004000000F801440144014401440B
:100AC00000C800000000010401040FFC110411041F
:100AD00011001800000000D601290129012901C9CF
:100AE0000106000010041FFC008401000100010445
:100AF00000FC000400000104190419FC00040004B7
:100B0000000000000000000300010101190119FEAE
:100B10000000000010041FFC0024004001B4010C80
:100B2000010400000000100410041FFC0004000475
:100B300000000000010401FC0104010001FC0104AB
:100B4000010000FC010401FC00840100010001041B
:100B500000FC0004000000F8010401040104010489
:100B600000F80000010101FF008501040104008874
:100B700000700000000000700088010401040105FD
:100B800001FF00010104010401FC008401040100D3
:100B900001800000000000CC012401240124012474
:100BA0000198000000000100010007F801040104A1
:100BB00000000000010001F8000400040004010826
:100BC00001FC0004010001800170000C00100160B4
:100BD0000180010001F0010C003001C00030010C67
:100BE00001F0010000000104018C00740170018C0F
:100BF00001040000010101810171000E0018016073
:100C00000180010000000184010C013401440184D1
:100C1000010C0000000000000000000001003EFC8C
:100C2000400240020000000000000000FFFF000042
:100C3000000000000000400240023EFC01000000F5
:100C400000000000000060008000800040004000C4
:100C5000200020000006101600061016002020209C
:100C6000202020202020282828282820202020205C
:100C7000202020202020202020202020208810102C
:100C80001010101010101010101010101004040488
:100C90000404040404040410101010101010414146
:100CA0004141414101010101010101010101010134
:100CB0000101010101010101101010101010424248
:100CC0004242424202020202020202020202020204
:100CD00002020202020202021010101020000000A4
:100CE0000000000000000000000000000000000004
:100CF00000000000000000000000000000000000F4
:100D000000000000000000000000000000000000E3
:100D100000000000000000000000000000000000D3
:100D200000000000000000000000000000000000C3
:100D300000000000000000000000000000000000B3
:100D400000000000000000000000000000000000A3
:100D500000000000000000000000000000494E46B6
:100D600000696E66004E414E006E616E00300030CC
:100D70003132333435363738394142434445460001
:100D80003031323334353637383961626364656601
:100D9000005245454E54206D616C6C6F6320737535
:100DA00063636565646564002F6275696C642F67B1
:100DB0006E752D746F6F6C732D666F722D73746DFD
:100DC00033325F31342E332E72656C312E32303235
:100DD00035313032372D303730302F7372632F6E0C
:100DE00065776C69622F6E65776C69622F6C6962DA
:100DF000632F737472696E672F737472746F6B2EC6
:100E000063002C2066756E6374696F6E3A20006112
:100E10007373657274696F6E202225732220666178
:100E2000696C65643A2066696C6520222573222C02
:100E3000206C696E65202564257325730A00496E50
:100E400066696E697479004E614E002F6275696C37
:100E5000642F676E752D746F6F6C732D666F722DB6
:100E600073746D33325F31342E332E72656C312ED4
:100E700032303235313032372D303730302F7372D7
:100E8000632F6E65776C69622F6E65776C69622F70
:100E90006C6962632F7374646C69622F64746F6130
:100EA0002E630042616C6C6F6320737563636565CC
:100EB000646564002F6275696C642F676E752D74AC
:100EC0006F6F6C732D666F722D73746D33325F317B
:100ED000342E332E72656C312E3230323531303251
:100EE000372D303730302F7372632F6E65776C6912
:100EF000622F6E65776C69622F6C6962632F737401
:100F0000646C69622F6D707265632E6300232D30EF
:100F10002B2000686C4C006566674546470043001F
:100F2000504F534958002E000500000019000000E2
:100F30007D000000000000000080E03779C34143DD
:100F4000176E05B5B5B89346F5F93FE9034F384D2F
:100F5000321D30F94877825A3CBF737FDD4F1575DB
:100F6000000000000000F03F0000000000002440EE
:100F700000000000000059400000000000408F40C9
:100F8000000000000088C34000000000006AF84034
:100F90000000000080842E4100000000D012634158
:100FA0000000000084D797410000000065CDCD41CE
:100FB000000000205FA00242000000E876483742AF
:100FC000000000A2941A6D42000040E59C30A2424D
:100FD0000000901EC4BCD64200003426F56B0C43C2
:100FE0000080E03779C3414300A0D8855734764369
:100FF00000C84E676DC1AB43003D9160E458E143CA
:10100000408CB5781DAF154450EFE2D6E41A4B443E
:1010100092D54D06CFF08044F64AE1C7022DB54483
:08102000B49DD9794378EA443C
:08102800A8F1FE7F01000000A9
:04103000B5010008FE
:04103400910100081E
:10103800000000000080564068001A00010100000E
:101048000024F4001000000001000000AAAAAAAAC7
:101058000000000003000000104C002030000020B9
:1010680000000000104C0020784C0020E04C0020CC
:101078000000000000000000000000000000000068
:101088000000000000000000000000000000000058
:101098000000000000000000000000000000000048
:1010A80000000000000000000000000043000000F5
:1010B8000000000000000000000000000000000028
:1010C80000000000000000000000000043000000D5
:1010D8000000000000000000000000000000000008
:1010E80000000000000000000000000043000000B5
:1010F80000000000000000000000000000000000E8
:101108000000000000000000000000004300000094
:1011180000000000000000000000000000000000C7
:101128000000000000000000000000004300000074
:1011380000000000000000000000000000000000A7
:101148000000000000000000000000004300000054
:101158000000000000000000000000000000000087
:101168000000000000000000000000004300000034
:101178000000000000000000000000000000000067
:10118800000000000000000000000000D3F000088C
:1011980053F00008000000005C0C0108260F01084D
:1011A8003D0E01083D0E01083D0E01083D0E0108E7
:1011B8003D0E01083D0E01083D0E01083D0E0108D7
:1011C8003D0E0108FFFFFFFFFFFFFFFFFFFFFFFFCF
:1011D800FFFF00000100415343494900000000009F
:1011E80000000000000000000000000000000000F7
:1011F800000000000000415343494900000000007E
:1012080000000000000000000000000000000000D6
:081218000000000000000000CE
:040000050800532D6F
:00000001FF
