:020000040800F2
:10000000000002204D530008E54E0008ED4E0008A8
:10001000F54E0008FD4E0008054F000800000000E6
:1000200000000000000000000000000021C00008E7
:100030000D4F00080000000071C200081B4F0008AF
:100040009D5300089D5300089D5300089D530008D0
:100050009D5300089D5300089D5300089D530008C0
:100060009D5300089D5300089D5300089D530008B0
:100070009D5300089D5300089D5300089D530008A0
:100080009D5300089D5300089D5300089D53000890
:100090009D5300089D5300089D5300089D53000880
:1000A0009D5300089D5300089D5300089D53000870
:1000B0009D5300089D5300089D5300089D53000860
:1000C0009D5300089D5300089D5300089D53000850
:1000D0009D5300089D5300089D530008354F0008AC
:1000E0009D5300089D5300089D5300089D53000830
:1000F0009D5300089D530008494F00089D53000878
:100100009D5300089D5300089D5300089D5300080F
:100110009D5300089D5300089D5300089D530008FF
:100120005D4F00089D5300089D5300089D53000833
:100130009D5300089D5300089D5300089D530008DF
:100140009D5300089D5300089D5300089D530008CF
:100150009D5300089D5300089D5300089D530008BF
:100160009D5300089D5300089D5300089D530008AF
:100170009D5300089D5300089D5300080000000097
:080180009D5300089D53000887
:1001900010B5054C237833B9044B13B10448AFF3C1
:1001A00000800123237010BDE80100200000000042
:1001B00014FF000808B5034B1BB103490348AFF314
:1001C000008008BD00000000EC01002014FF0008C2
:1001D00010F8012B11F8013B012A28BF9A42F7D0F1
:1001E000D01A70470000000000000000000000006E
:1001F00001F0FF01102A2BDB10F0070F08D010F8D8
:10020000013B013A8B422DD010F0070F42B3F6D1DB
:10021000F0B441EA012141EA014122F007047FF0F4
:1002200000070023F0E80256083C85EA010586EA4B
:10023000010685FA47F5A3FA87F586FA47F6A5FA87
:1002400087F68EB9EED1F0BC01F0FF0102F0070293
:1002500032B110F8013B013A83EA010313B1F8D13E
:100260000020704701387047002D06BF354603381F
:10027000073815F0010F07D1013015F4807F02BF58
:10028000013015F4C03F0130F0BC0138704700BFA9
:10029000034613F8012B002AFBD1181A01387047C6
:1002A00081F0004102E000BF83F0004330B54FEA27
:1002B00041044FEA430594EA050F08BF90EA020F94
:1002C0001FBF54EA000C55EA020C7FEA645C7FEA27
:1002D000655C00F0E2804FEA5454D4EB5555B8BF4A
:1002E0006D420CDD2C4480EA020281EA030382EABB
:1002F000000083EA010180EA020281EA0303362D4D
:1003000088BF30BD11F0004F4FEA01314FF4801C1F
:100310004CEA113102D0404261EB410113F0004F31
:100320004FEA03334CEA133302D0524263EB4303E8
:1003300094EA050F00F0A780A4F10104D5F1200E86
:100340000DDB02FA0EFC22FA05F2801841F10001E1
:1003500003FA0EF2801843FA05F359410EE0A5F1B5
:1003600020050EF1200E012A03FA0EFC28BF4CF0E6
:10037000020C43FA05F3C01851EBE37101F000459C
:1003800007D54FF0000EDCF1000C7EEB00006EEBA9
:100390000101B1F5801F1BD3B1F5001F0CD3490833
:1003A0005FEA30004FEA3C0C04F101044FEA44528A
:1003B00012F5800F80F09A80BCF1004F08BF5FEA11
:1003C000500C50F1000041EB045141EA050130BDF1
:1003D0005FEA4C0C404141EB0101013C28BFB1F503
:1003E000801FE9D291F0000F04BF01460020B1FA4E
:1003F00081F308BF2033A3F10B03B3F120020CDA21
:100400000C3208DD02F1140CC2F10C0201FA0CF0FE
:1004100021FA02F10CE002F11402D8BFC2F1200C63
:1004200001FA02F120FA0CFCDCBF41EA0C01904019
:10043000E41AA2BF01EB0451294330BD6FEA040462
:100440001F3C1CDA0C340EDC04F11404C4F120024D
:1004500020FA04F001FA02F340EA030021FA04F35F
:1004600045EA030130BDC4F10C04C4F1200220FAB6
:1004700002F001FA04F340EA0300294630BD21FAF4
:1004800004F0294630BD94F0000F83F4801306BFBA
:1004900081F480110134013D4EE77FEA645C18BFAE
:1004A0007FEA655C29D094EA050F08BF90EA020F45
:1004B00005D054EA000C04BF1946104630BD91EA3D
:1004C000030F1EBF0021002030BD5FEA545C05D140
:1004D0004000494128BF41F0004130BD14F580047F
:1004E0003CBF01F5801130BD01F0004545F0FE41F3
:1004F00041F470014FF0000030BD7FEA645C1ABF28
:10050000194610467FEA655C1CBF0B46024650EA5E
:10051000013406BF52EA033591EA030F41F400218A
:1005200030BD00BF90F0000F04BF0021704730B510
:100530004FF4806404F132044FF000054FF00001E5
:1005400050E700BF90F0000F04BF0021704730B5A6
:100550004FF4806404F1320410F0004548BF40427B
:100560004FF000013EE700BF42004FEAE2014FEAD0
:1005700031014FEA02701FBF12F07F4393F07F4FAB
:1005800081F06051704732F07F4208BF704793F0AE
:100590007F4F04BF41F40021704730B54FF46074C1
:1005A00001F0004521F000411CE700BF50EA0102C4
:1005B00008BF704730B54FF000050AE050EA01026D
:1005C00008BF704730B511F0004502D5404261EBDD
:1005D00041014FF4806404F132045FEA915C3FF41E
:1005E000D8AE4FF003025FEADC0C18BF03325FEABB
:1005F000DC0C18BF033202EBDC02C2F1200300FA6C
:1006000003FC20FA02F001FA03FE40EA0E0021FA90
:1006100002F11444BDE600BF70B54FF0FF0C4CF47E
:10062000E06C1CEA11541DBF1CEA135594EA0C0F30
:1006300095EA0C0F00F0DEF82C4481EA030621EA6B
:100640004C5123EA4C5350EA013518BF52EA0335A6
:1006500041F4801143F4801338D0A0FB02CE4FF058
:100660000005E1FB02E506F00042E0FB03E54FF088
:100670000006E1FB03569CF0000F18BF4EF0010E80
:10068000A4F1FF04B6F5007F64F5407404D25FEA7C
:100690004E0E6D4146EB060642EAC62141EA55512F
:1006A0004FEAC52040EA5E504FEACE2EB4F1FD0C71
:1006B00088BFBCF5E06F1ED8BEF1004F08BF5FEAEF
:1006C000500E50F1000041EB045170BD06F00046A1
:1006D00046EA010140EA020081EA0301B4EB5C044E
:1006E000C2BFD4EB0C0541EA045170BD41F4801146
:1006F0004FF0000E013C00F3AB8014F1360FDEBF6B
:10070000002001F0004170BDC4F10004203C35DA46
:100710000C341BDC04F11404C4F1200500FA05F3C9
:1007200020FA04F001FA05F240EA020001F000426A
:1007300021F0004110EBD37021FA04F642EB0601E0
:100740005EEA430E08BF20EAD37070BDC4F10C040A
:10075000C4F1200500FA04F320FA05F001FA04F2CE
:1007600040EA020001F0004110EBD37041F10001BA
:100770005EEA430E08BF20EAD37070BDC4F12005C5
:1007800000FA05F24EEA020E20FA04F301FA05F22D
:1007900043EA020321FA04F001F0004121FA04F2D5
:1007A00020EA020000EBD3705EEA430E08BF20EAA5
:1007B000D37070BD94F0000F0FD101F000464000DF
:1007C00041EB010111F4801F08BF013CF7D041EA61
:1007D000060195F0000F18BF704703F00046520065
:1007E00043EB030313F4801F08BF013DF7D043EA36
:1007F0000603704794EA0C0F0CEA135518BF95EAEC
:100800000C0F0CD050EA410618BF52EA4306D1D172
:1008100081EA030101F000414FF0000070BD50EA91
:10082000410606BF1046194652EA430619D094EA1B
:100830000C0F02D150EA013613D195EA0C0F05D105
:1008400052EA03361CBF104619460AD181EA030159
:1008500001F0004141F0FE4141F470014FF0000011
:1008600070BD41F0FE4141F4780170BD70B54FF0AC
:10087000FF0C4CF4E06C1CEA11541DBF1CEA13552C
:1008800094EA0C0F95EA0C0F00F0A7F8A4EB05040E
:1008900081EA030E52EA03354FEA013100F0888005
:1008A0004FEA03334FF0805545EA131343EA1263CE
:1008B0004FEA022245EA111545EA10654FEA002683
:1008C0000EF000419D4208BF964244F1FD0404F53C
:1008D000407402D25B084FEA3202B61A65EB030598
:1008E0005B084FEA32024FF480104FF4002CB6EB55
:1008F000020E75EB030E22BFB61A754640EA0C00D5
:100900005B084FEA3202B6EB020E75EB030E22BF14
:10091000B61A754640EA5C005B084FEA3202B6EB55
:10092000020E75EB030E22BFB61A754640EA9C0014
:100930005B084FEA3202B6EB020E75EB030E22BFE4
:10094000B61A754640EADC0055EA060E18D04FEAA2
:10095000051545EA16754FEA06164FEAC30343EA42
:1009600052734FEAC2025FEA1C1CC0D111F4801F0F
:100970000BD141EA00014FF000004FF0004CB6E708
:1009800011F4801F04BF01430020B4F1FD0C88BFA7
:10099000BCF5E06F3FF6AFAEB5EB030C04BFB6EBB2
:1009A000020C5FEA500C50F1000041EB045170BDA5
:1009B0000EF0004E4EEA113114EB5C04C2BFD4EBD2
:1009C0000C0541EA045170BD41F480114FF0000E56
:1009D000013C90E645EA060E8DE60CEA135594EAD2
:1009E0000C0F08BF95EA0C0F3FF43BAF94EA0C0FD5
:1009F0000AD150EA01347FF434AF95EA0C0F7FF44A
:100A000025AF104619462CE795EA0C0F06D152EA9D
:100A100003353FF4FDAE1046194622E750EA410681
:100A200018BF52EA43067FF4C5AE50EA41047FF492
:100A30000DAF52EA43057FF4EBAE12E74FF0FF3CF7
:100A400006E000BF4FF0010C02E000BF4FF0010CC8
:100A50004DF804CD4FEA410C7FEA6C5C4FEA430C41
:100A600018BF7FEA6C5C1BD001B050EA410C0CBF90
:100A700052EA430C91EA030F02BF90EA020F0020F2
:100A8000704710F1000F91EA030F58BF994208BF59
:100A900090422CBFD8176FEAE37040F00100704716
:100AA0004FEA410C7FEA6C5C02D150EA013C07D16D
:100AB0004FEA430C7FEA6C5CD6D152EA033CD3D0B8
:100AC0005DF8040B704700BF8446104662468C46B2
:100AD0001946634600E000BF01B5FFF7B7FF0028E5
:100AE00048BF10F1000F01BD4DF808EDFFF7F4FF0E
:100AF0000CBF012000205DF808FB00BF4DF808ED99
:100B0000FFF7EAFF34BF012000205DF808FB00BFBB
:100B10004DF808EDFFF7E0FF94BF012000205DF8DD
:100B200008FB00BF4DF808EDFFF7CEFF94BF012092
:100B300000205DF808FB00BF4DF808EDFFF7C4FF8B
:100B400034BF012000205DF808FB00BF4FEA410CD4
:100B50007FEA6C5C02D150EA013C0AD14FEA430CB7
:100B60007FEA6C5C02D152EA033C02D14FF00000F4
:100B700070474FF0010070474FEA410212F5001232
:100B800015D211D56FF47873B3EB625212D94FEAD4
:100B9000C12343F0004343EA505311F0004F23FABE
:100BA00002F018BF404270474FF00000704750EA13
:100BB000013005D111F0004008BF6FF000407047D0
:100BC0004FF00000704700BF53B94AB9002908BF71
:100BD00000281CBF4FF0FF314FF0FF3000F088B904
:100BE000ADF1080C6DE904CE00F006F8DDF804E084
:100BF000DDE9022304B070472DE9F047089D0F4658
:100C000004468C46002B48D18A42164661D9B2FA76
:100C100082F34BB1C3F1200201FA03FC20FA02F285
:100C20009E4042EA0C0C9C404FEA164EB7B2BCFB09
:100C3000FEF1220C0EFB11CC42EA0C4201FB07F044
:100C4000904209D9B21801F1FF3C80F0EE80904249
:100C500040F2EB8002393244121AA4B2B2FBFEF029
:100C60000EFB102244EA024400FB07F7A74209D911
:100C7000341900F1FF3280F0DA80A74240F2D780C9
:100C80003444023840EA0140E41B00211DB1DC403D
:100C90000023C5E90043BDE8F0878B4206D90DB1BA
:100CA000C5E9000100210846BDE8F087B3FA83F1E9
:100CB000002948D1BB4202D3824200F20781841A44
:100CC00067EB030201209446002DE4D0C5E9004CF7
:100CD000E1E7002A00F09280B2FA82F3002B40F0A4
:100CE000A8808A1A4FEA164E1FFA86FC0121200CB2
:100CF000B2FBFEF70EFB172240EA02420CFB07F0A4
:100D0000904207D9B21807F1FF3802D2904200F2A0
:100D1000E2804746121AA4B2B2FBFEF00EFB10228C
:100D200044EA02440CFB00FCA44507D9341900F145
:100D3000FF3202D2A44500F2CB801046A4EB0C0493
:100D400040EA0740A2E7C1F120068B4022FA06FCE8
:100D50004CEA030C07FA01F420FA06F3F7404FEAD5
:100D60001C49234300FA01F81FFA8CFEB7FBF9F087
:100D70001C0C09FB107744EA074400FB0EF7A7425E
:100D800002FA01F20AD91CEB040400F1FF3A80F0E8
:100D90009B80A74240F2988002386444E41B9FB2D3
:100DA000B4FBF9F309FB134447EA044403FB0EFECA
:100DB000A64509D91CEB040403F1FF3780F08280BB
:100DC000A6457FD9023B644443EA0040A4EB0E04ED
:100DD000A0FB02E7BC427346B94663D360D05DB165
:100DE000B8EB030264EB090404FA06F622FA01F3F5
:100DF0001E43CC40C5E9006400214CE76208480866
:100E000042EAC1710B0C43EA00438AB242EA034250
:100E1000B3FBF6F1E407B4463746B6461F23B0FBF2
:100E2000F6F0D21B41EA004161E7614614E7104643
:100E300028E7C3F1200120FA01F29E4027FA01F1D0
:100E40009F403A434FEA164E1FFA86FCB1FBFEF76D
:100E50000EFB1710110C41EA004107FB0CF8884506
:100E600004FA03F43AD9711807F1FF3001D288452A
:100E70001FD8A1EB0801B1FBFEF808FB0CF70EFB35
:100E8000181192B242EA0142BA422FD2B21808F1C6
:100E9000FF31C6D2BA42C4D2A8F102013244C0E73F
:100EA000F0459CD2BEEB020367EB0C070138B94654
:100EB00095E7A6EB08084144B81EB1FBFEF808FB15
:100EC0000CF7DCE73B467FE7504667E70846FBE662
:100ED0003444023832E7023F32441BE7A1EB0801F9
:100EE0003846B1FBFEF808FB0CF7C8E7414698E727
:100EF000704700BF80B485B000AFF860B9607A6019
:100F0000FB68074A1A60BB68064A1A607B68802241
:100F10001A6000BF1437BD465DF8047B704700BF00
:100F2000040200205802002080B400AF074B1B7859
:100F3000DAB2074B1B78DBB29A420CBF01230023C5
:100F4000DBB21846BD465DF8047B7047E00900201F
:100F5000E109002080B485B000AF3B4683E8030080
:100F6000124B1B78DBB20133DBB203F01F03FB73C0
:100F70000F4B1B78DBB2FA7B9A4201D100230EE0C3
:100F80000A4B1B78DBB20B4ADB0013443A4692E86B
:100F9000030083E80300054AFB7B13700123184616
:100FA0001437BD465DF8047B704700BFE10900209F
:100FB000E0090020E008002090B583B000AF786021
:100FC000FFF7B2FF0346002B01D0002316E00D4BC4
:100FD0001B78DBB279680C4A0C46DB00134493E8BB
:100FE000030084E80300074B1B78DBB20133DBB25C
:100FF00003F01F03DAB2034B1A70012318460C37B3
:10100000BD4690BDE0090020E008002080B400AF9C
:1010100072B600BF0021064B0A461A70054B0A46FD
:101020001A7062B600BF00BFBD465DF8047B704712
:10103000E1090020E009002080B483B000AF7860AF
:101040007B681B68054A934202D1054B00221A7047
:1010500000BF0C37BD465DF8047B70470048004078
:10106000E209002080B500AF084B1B78DBB2002BF3
:101070000AD1064B01221A7003220549054809F0DE
:1010800030F9FFF7C3FF00E000BF80BDE209002098
:10109000F40101084C07002080B584B002AF03467C
:1010A0003960FB710E4AFB7913700E4B1B785B00A5
:1010B00099B20A2300930123094A0B4806F08AF8E3
:1010C000084B1B785B0099B21423009302233A6803
:1010D000054806F07DF900BF0837BD4680BD00BF5A
:1010E000100A0020080000200005002080B584B010
:1010F00002AF03460A46FB711346BB710A4AFB79ED
:101100001370094ABB795370084B1B785B0099B286
:10111000142300930223044A054806F05BF800BF3D
:101120000837BD4680BD00BF100A0020080000201F
:101130000005002080B500AF00210620FFF7D6FF94
:101140000A200AF0F6F880210320FFF7CFFF0A20DB
:101150000AF0EFF807210720FFF7C8FF0A200AF07E
:10116000E8F801210620FFF7C1FF0A200AF0E1F8A4
:1011700020217F20FFF7BAFF0A200AF0DAF82F219A
:101180000120FFF7B3FF0A200AF0D3F81121002055
:10119000FFF7ACFF0A200AF0CCF800217F20FFF710
:1011A000A5FF0A200AF0C5F800210720FFF79EFFDF
:1011B0000A200AF0BEF800210520FFF797FF0A2059
:1011C0000AF0B7F801210620FFF790FF0A200AF085
:1011D000B0F800BF80BD000080B485B000AF78607B
:1011E0000E4B5B68FB600E4B1B680E4AA2FB032391
:1011F0009A0C7B6802FB03F3BB6000E000BF074B67
:101200005A68FB68D31ABA689A42F7D800BF00BF81
:101210001437BD465DF8047B704700BF001000E046
:101220001000002083DE1B4380B400AF084BDB6856
:10123000074A43F08073D360064B1B68054A43F0AE
:101240000103136000BFBD465DF8047B704700BF1B
:10125000F0ED00E0001000E080B400AF0C4B1B6824
:1012600041F61F42DA630A4B1B6841F61F421A64BB
:10127000084B1B6841F61F425A63064B1B6841F638
:101280001F429A6300BFBD465DF8047B704700BFF4
:10129000E40500207406002080B483B000AF7860BD
:1012A000074B1B687A68DA63054B1B6841F61F42DF
:1012B0001A6400BF0C37BD465DF8047B704700BF61
:1012C000E405002080B483B000AF7860074B1B6852
:1012D0007A685A63054B1B6841F61F429A6300BF48
:1012E0000C37BD465DF8047B704700BF74060020D4
:1012F00080B483B000AF7860074B1B6841F61F4293
:10130000DA63054B1B687A681A6400BF0C37BD4668
:101310005DF8047B704700BFE405002080B483B013
:1013200000AF7860074B1B6841F61F425A63054BBC
:101330001B687A689A6300BF0C37BD465DF8047B72
:10134000704700BF7406002080B400AF044B1B68D8
:101350009A229A6300BFBD465DF8047B704700BFC8
:10136000BC06002080B400AF044B1B68FA229A63CD
:1013700000BFBD465DF8047B704700BFBC0600207F
:1013800080B400AF044B1B68FA229A6300BFBD46CD
:101390005DF8047B704700BFBC06002080B400AF3E
:1013A000044B1B686B229A6300BFBD465DF8047B4B
:1013B000704700BFBC06002080B400AF044B1B6820
:1013C0006B229A6300BFBD465DF8047B704700BF87
:1013D000BC06002080B400AF044B1B689A229A63BD
:1013E00000BFBD465DF8047B704700BFBC0600200F
:1013F00080B400AF044B1B689A229A6300BFBD46BD
:101400005DF8047B704700BFBC06002080B400AFCD
:10141000164B1B78DBB2072B22D801A252F823F01F
:101420004114000845140008491400084D14000830
:101430005114000855140008591400085D140008E0
:101440000B4B0EE00B4B0CE00B4B0AE00B4B08E098
:101450000B4B06E00B4B04E00B4B02E00B4B00E0A8
:101460000B4B1846BD465DF8047B7047D60700203D
:1014700030FF000838FF000840FF000848FF000860
:1014800050FF00085CFF000868FF000870FF0008BC
:1014900078FF000880B58CB000AF78607B68FB6295
:1014A00009E0FB6A1B782C2B02D1FB6A20221A7000
:1014B000FB6A0133FB62FB6A1B78002BF1D18F4979
:1014C00078680BF085FFB86205E18D49B86AFEF7D0
:1014D0007FFE0346002B03D18A4B01221A70FEE0E7
:1014E00000233B750023BB618749B86AFEF770FE95
:1014F0000346002B04D10B233B750023BB61D1E0D5
:101500008249B86AFEF764FE0346002B04D10C231F
:101510003B750023BB61C5E07D49B86AFEF758FE04
:101520000346002B04D10D233B750023BB61B9E0BA
:101530007849B86AFEF74CFE0346002B04D10E230F
:101540003B750023BB61ADE07349B86AFEF740FE0E
:101550000346002B04D107233B750023BB61A1E0A8
:101560006E49B86AFEF734FE0346002B04D1082307
:101570003B750023BB6195E0BB6A1B78662B0ED1DF
:10158000BB6A01331B78782B09D110233B75BB6AEA
:10159000023318460BF0DEF80346BB6182E0BB6AFB
:1015A0001B78662B0ED1BB6A01331B78752B09D1D2
:1015B0000F233B75BB6A023318460BF0CBF803468A
:1015C000BB616FE0BB6A1B78662B0ED1BB6A01332F
:1015D0001B78722B09D103233B75BB6A0233184673
:1015E0000BF0B8F80346BB615CE0BB6A1B78662B66
:1015F0000ED1BB6A01331B786C2B09D104233B75D8
:10160000BB6A023318460BF0A5F80346BB6149E0FC
:10161000BB6A1B78722B0ED1BB6A01331B78722B0D
:1016200009D105233B75BB6A023318460BF092F8CB
:101630000346BB6136E0BB6A1B78722B0ED1BB6AD6
:1016400001331B786C2B09D106233B75BB6A02332F
:1016500018460BF07FF80346BB6123E0BB6A1B789A
:10166000662B09D101233B75BB6A013318460BF089
:1016700071F80346BB6115E0BB6A1B78722B09D178
:1016800002233B75BB6A013318460BF063F803462F
:10169000BB6107E0BB6A1B78732B03D109233B7541
:1016A0000023BB613B7D002B10D007F1140393E8AE
:1016B0000300FFF74FFC78627B6A002B06D1184AC3
:1016C00007F1080307CA83E8070008E00B49002078
:1016D0000BF07EFEB862BB6A002B7FF4F6AE0A23E5
:1016E0003B7700233B6207F11C0393E80300FFF7FD
:1016F00031FC00BF3037BD4680BD00BF7CFF000815
:1017000080FF0008D407002084FF000888FF00083D
:101710008CFF000894FF00089CFF0008A0FF000851
:10172000A4FF000880B483B000AF0346FB71FB79CF
:10173000013B0F2B40D801A252F823F07D1700087F
:101740008117000885170008891700088D17000801
:101750009117000895170008991700089D170008B1
:10176000B9170008A1170008A5170008A917000855
:10177000AD170008B1170008B5170008124B1CE0A0
:10178000124B1AE0124B18E0124B16E0124B14E009
:10179000124B12E0124B10E0124B0EE0124B0CE019
:1017A000124B0AE0124B08E0124B06E0124B04E029
:1017B000124B02E0124B00E0002318460C37BD46E6
:1017C0005DF8047B704700BFB0FF0008B8FF000859
:1017D000C0FF0008C8FF000868FF000870FF00088D
:1017E000D0FF0008D8FF000848FF0008E0FF00080D
:1017F000E4FF0008E8FF0008F0FF0008F8FF000819
:10180000FCFF000880B588B000AF3B1D1846FFF70D
:10181000D3FB0346002B01D1002314E33B79184688
:10182000FFF780FFF861FB69002B04D0BB68194605
:10183000F86903F09DFC3B79013B0F2B00F201831B
:1018400001A252F823F000BF511A0008E71A00085D
:10185000971B0008E31B00082F1C00087B1C0008D6
:10186000E11C0008B91D0008C71C0008D91C0008AD
:10187000A9190008FD1900080119000855190008E8
:101880008918000889180008994B1B685B6A9AB28E
:10189000984B1A80984B1B685B6A9AB2974B1A80D8
:1018A000974BD3E900239749C1E90023FFF74CFD8B
:1018B000954B00221A60954B4FF000021A60944B32
:1018C0006FF000421A60BB68002B02DDBB689BB260
:1018D00000E01A238F4A13803B790F2B0CBF0123A2
:1018E0000023DBB21A468C4B1A708C4B07221A70FD
:1018F0008B4B01221A708B4B01221A700123A2E23A
:101900007B4B1B685B6A9AB27A4B1A807A4B1B68D6
:101910005B6A9AB2794B1A80794BD3E900237949F3
:10192000C1E90023FFF710FD774B00221A60774BC7
:101930004FF000021A60764B6FF000421A60774B4E
:1019400005221A70764B01221A70764B01221A700A
:10195000012378E2664B1B685B6A9AB2654B1A807A
:10196000654B1B685B6A9AB2644B1A80644BD3E97F
:1019700000236449C1E90023FFF7E6FC624B002223
:101980001A60624B4FF000021A60614B6FF0004228
:101990001A60624B06221A70614B01221A70614B69
:1019A00001221A7001234EE2514B1B685B6A9AB206
:1019B000504B1A80504B1B685B6A9AB24F4B1A808F
:1019C0004F4BD3E900234F49C1E90023FFF7BCFC8B
:1019D000554B00221A60554B4FF000021A604C4BD9
:1019E0006FF000421A604D4B02221A704C4B0122DC
:1019F0001A704C4B01221A70012324E23C4B1B68E5
:101A00005B6A9AB23B4B1A803B4B1B685B6A9AB28B
:101A10003A4B1A803A4BD3E900233A49C1E90023F3
:101A2000FFF792FC404B00221A60404B4FF000023F
:101A30001A60374B6FF000421A60384B03221A705D
:101A4000374B01221A70374B01221A700123FAE139
:101A5000BB683B61264B1B685B6A9AB2254B1A80B8
:101A6000254B1B685B6A9AB2244B1A80244BD3E93E
:101A700000232449C1E90023FFF766FC3B69002BE2
:101A80001BDD3B6907EE903AF8EEE77A9FED287A86
:101A900067EE877AB6EE007A77EE877AFDEEE77A20
:101AA00017EE903AFB601A4AFB6813601B4B00224A
:101AB0001A701B4B01221A7010E0184B01221A7089
:101AC000134B6FF000421A600F4B00221A600F4B4D
:101AD0004FF000021A60124B01221A70114B0122C2
:101AE0001A700123AFE1BB68002B23DDBB6822E045
:101AF00054050020E40900209C050020E609002090
:101B0000F8090020000A0020440A0020480A0020AA
:101B1000E80900200A0000200C000020420A0020F2
:101B2000D6070020540A00204C0A0020500A00204A
:101B3000896D93423223BB618C4B1B685B6A9AB2FE
:101B40008B4B1A808B4B1B685B6A9AB28A4B1A804C
:101B5000BB6907EE903AF8EEE77A9FED887A67EE78
:101B6000877AB6EE007A77EE877AFDEEE77A17EE9F
:101B7000903A5B427B61824A7B691360814BD3E977
:101B800000238149C1E90023FFF7DEFB7F4B0222DE
:101B90001A70012357E1BB681846FEF7D3FC0246D2
:101BA0000B467B49C1E90023FFF7DCFB794BD3E906
:101BB0000001774BD3E90023FEF776FB02460B4684
:101BC0007449C1E9002303F089FE03466433724A75
:101BD0001360724B00221A706C4B04221A7001239E
:101BE00031E1BB681846FEF7ADFC02460B4668497A
:101BF000C1E90023FFF7D2FB664BD3E90001644B38
:101C0000D3E90023FEF752FB02460B466149C1E9C6
:101C1000002303F063FE034664335F4A13605F4BA7
:101C200000221A70594B05221A7001230BE1BB6880
:101C30001846FEF787FC02460B465549C1E90023CA
:101C4000FFF79EFB534BD3E90001514BD3E900232F
:101C5000FEF72CFB02460B464E49C1E9002303F078
:101C60003DFE034632334C4A13604C4B01221A703E
:101C7000464B06221A700123E5E0BB681846FEF7C2
:101C800061FC02460B464249C1E90023FFF794FB81
:101C9000404BD3E900013E4BD3E90023FEF704FBA0
:101CA00002460B463B49C1E9002303F017FE0346F9
:101CB0003233394A1360394B00221A70334B0722F2
:101CC0001A700123BFE0FFF7C7FAFFF73DFB2F4B68
:101CD00003221A700123B6E0FFF7C4F90123B2E032
:101CE0002C4BD3E900232E49C1E90023294BD3E92A
:101CF00000014FF000022B4BFEF7D8FA02460B46CC
:101D00002949C1E90023234BD3E900014FF0000228
:101D1000244BFEF7C9FA02460B461E49C1E90023CF
:101D2000224B01221A70224B01221A70174B1B788A
:101D3000DBB2012B17D00D4B1B685B6A9AB20C4BC0
:101D40001A800C4B1B685B6A9AB20B4B1A80FFF728
:101D5000FBFA0B4B6FF000421A60164B00221A7010
:101D60000A4B01221A7001236DE000BF54050020C8
:101D7000E40900209C050020E6090020896D9342BB
:101D8000E8090020F8090020000A0020D6070020FA
:101D900000000020F0090020240A0020280A00206A
:101DA000580A002000004940600A0020550A00201F
:101DB000560A0020420A0020254BD3E9002325497A
:101DC000C1E90023224BD3E900014FF00002224B6E
:101DD000FEF76AFA02460B462049C1E900231C4B74
:101DE000D3E900014FF000021B4BFEF75FFA0246F9
:101DF0000B461749C1E90023194B02221A70194BEF
:101E000001221A70184B1B78DBB2012B17D0174B2D
:101E10001B685B6A9AB2164B1A80164B1B685B6A8A
:101E20009AB2154B1A80FFF78FFA144B6FF00042ED
:101E30001A60134B00221A700B4B01221A700123F7
:101E400001E000BF002318462037BD4680BD00BF1B
:101E5000F0090020580A002000004940600A0020D4
:101E6000550A0020560A0020D607002054050020FD
:101E7000E40900209C050020E6090020E809002074
:101E8000420A002080B584B000AF87ED010AD7ED8B
:101E9000017A9FED1A7AF4EEC77AF1EE10FA01D5C5
:101EA000174B24E0DFED170A97ED010A0DF0CAFB8E
:101EB000F0EE407A9FED147A67EE877AC7ED037AE9
:101EC000D7ED037A9FED117AF4EEC77AF1EE10FAAE
:101ED00001DD0B4B0BE0D7ED037AB2EE047AF4EEA2
:101EE000C77AF1EE10FA01D5094B00E0FB6807EE66
:101EF000903AB0EE670A1037BD4680BDCDCCCC3DE0
:101F00000000A042333393BF48E1DE410000A0420D
:101F100000002041B0B5B2B000AF03F079FC00F092
:101F2000D7F8FFF781F900F0A1FC00F07FFC00F08A
:101F300063FA00F0B9F900F00BFA00F04DFC00F084
:101F400051FB00F0BDFB00F081F900F0D7FA00F082
:101F50001DF900F017FC03F0CDFB4A4803F0E0F850
:101F600001224949494808F0F2F902224849494802
:101F700003F028FD484B07F1AC041D460FCD0FC4FC
:101F800095E8070084E8070007F1AC030021184634
:101F900009F083F90346414A1360414B07F190046D
:101FA0001D460FCD0FC495E8070084E8070007F130
:101FB00090030021184609F070F90346394A13606E
:101FC000394B07F174041D460FCD0FC495E8070087
:101FD00084E8070007F174030021184609F05DF951
:101FE0000346324A1360324B07F158041D460FCDA9
:101FF0000FC495E8070084E8070007F158030021A3
:10200000184609F04AF903462A4A13602A4B07F199
:102010003C041D460FCD0FC495E8070084E8070077
:1020200007F13C030021184609F037F90346234A1B
:102030001360234B07F120041D460FCD0FC495E814
:10204000070084E8070007F120030021184609F083
:1020500024F903461B4A13601B4B3C1D1D460FCD44
:102060000FC495E8070084E807003B1D00211846CF
:1020700009F013F90346154A136009F007F900BF88
:10208000FDE700BF04070020D50700204C07002013
:102090002C0A0020580400200C000108940700209E
:1020A00034000108980700205C0001089C0700200C
:1020B00088000108A0070020B0000108A407002044
:1020C000DC000108A807002000010108AC0700207F
:1020D00080B594B000AF07F12003302200211846EC
:1020E0000BF05AF907F10C0300221A605A609A604B
:1020F000DA601A610023BB60224B1B6C214A43F05B
:10210000805313641F4B1B6C03F08053BB60BB6890
:1021100000237B601C4B1B681B4A43F48043136005
:10212000194B1B6803F480437B607B6802233B628E
:102130000123FB6210233B630023BB6307F12003F1
:10214000184605F025FF0346002B01D002F09CFB4A
:102150000F23FB6000233B6100237B610023BB61F5
:102160000023FB6107F10C030021184606F088F9F3
:102170000346002B01D002F087FB00BF5037BD465D
:1021800080BD00BF003802400070004080B584B0C0
:1021900000AF3B4600221A605A609A60DA60284B12
:1021A000284A1A60264B4FF440325A60244B0022D2
:1021B0009A60234B01221A61214B01221A76204B8F
:1021C000002283F820201E4B0022DA621C4B1E4A9C
:1021D0009A621B4B0022DA60194B0222DA61184B1B
:1021E000012283F83020164B00225A61144803F074
:1021F000A5FB0346002B01D002F046FB0A233B60FF
:1022000001237B600723BB603B4619460C4803F063
:1022100001FD0346002B01D002F036FB0B233B608F
:1022200002237B603B461946054803F0F3FC034656
:10223000002B01D002F028FB00BF1037BD4680BD47
:1022400058040020002001400100000F80B500AFBD
:10225000124B134A1A60114B124A5A600F4B00225C
:102260009A600E4B0022DA600C4B4FF480421A61E8
:102270000A4B00225A61094B00229A61074B002247
:10228000DA61064B00221A62044804F05FFE03463E
:10229000002B01D002F0F8FA00BF80BD000500203D
:1022A00000580040A086010080B58CB000AF07F157
:1022B0000C032422002118460BF06EF83B1D00226F
:1022C0001A605A60214B4FF080421A601F4B002267
:1022D0005A601E4B00229A601C4B4FF6FF72DA6068
:1022E0001A4B00221A61194B00229A610323FB60EA
:1022F00000233B6101237B610023BB610A23FB6157
:1023000000233B6201237B620023BB620A23FB6242
:1023100007F10C0319460D4806F082FD0346002B19
:1023200001D002F0B1FA00237B600023BB603B1DAB
:102330001946064807F06AFE0346002B01D002F05A
:10234000A3FA00BF3037BD4680BD00BF5405002052
:1023500080B58CB000AF07F10C0324220021184691
:102360000BF01AF83B1D00221A605A60204B214ADC
:102370001A601F4B00225A601D4B00229A601C4BB2
:102380004FF6FF72DA601A4B00221A61184B0022D6
:102390009A610323FB6000233B6101237B610023DF
:1023A000BB610A23FB6100233B6201237B620023A4
:1023B000BB620A23FB6207F10C0319460C4806F0C6
:1023C0002FFD0346002B01D002F05EFA00237B6054
:1023D0000023BB603B1D1946054807F017FE034666
:1023E000002B01D002F050FA00BF3037BD4680BD4F
:1023F0009C0500200004004080B58EB000AF07F1BE
:10240000280300221A605A609A60DA6007F12003FC
:1024100000221A605A603B1D00221A605A609A60BE
:10242000DA601A615A619A61324B334A1A60314B51
:1024300000225A602F4B00229A602E4B41F61F4219
:10244000DA602C4B00221A612A4B00229A6129483B
:1024500006F0F4F90346002B01D002F015FA4FF410
:102460008053BB6207F128031946224807F05AF847
:102470000346002B01D002F007FA1E4806F02DFAA1
:102480000346002B01D002F0FFF900233B6200233A
:102490007B6207F120031946164807F0B7FD034693
:1024A000002B01D002F0F0F960237B600023BB60B9
:1024B0000023FB6000237B613B1D082219460D4869
:1024C00006F06EFF0346002B01D002F0DDF93B1D44
:1024D0000C221946074806F063FF0346002B01D083
:1024E00002F0D2F9034802F0EDFB00BF3837BD46D9
:1024F00080BD00BFE40500200008004080B58AB020
:1025000000AF07F1180300221A605A609A60DA607F
:1025100007F1100300221A605A603B4600221A603D
:102520005A609A60DA602D4B2D4A1A602B4B0F22AD
:102530005A602A4B00229A60284B4FF6FF72DA60ED
:10254000264B00221A61254B00225A61234B0022A0
:102550009A61224806F072F90346002B01D002F07E
:1025600093F94FF48053BB6107F1180319461B48D8
:1025700006F0D8FF0346002B01D002F085F917487A
:1025800006F0CCFA0346002B01D002F07DF90023BF
:102590003B6100237B6107F1100319460F4807F0E8
:1025A00035FD0346002B01D002F06EF90A233B6093
:1025B00001237B600023BB600023FB603B460422B9
:1025C0001946064806F050FE0346002B01D002F0E3
:1025D0005BF900BF2837BD4680BD00BF2C06002038
:1025E0000004014080B58CB000AF07F12003002249
:1025F0001A605A609A60DA603B1D00221A605A60C5
:102600009A60DA601A615A619A612B4B2B4A1A6000
:10261000294B00225A60284B00229A60264B41F633
:102620001F42DA60244B00221A61234B00229A6178
:10263000214806F003F90346002B01D002F024F9EB
:102640004FF480533B6207F1200319461A4806F005
:1026500069FF0346002B01D002F016F9164806F078
:102660003CF90346002B01D002F00EF960237B6099
:102670000023BB600023FB6000237B613B1D002225
:1026800019460D4806F08CFE0346002B01D002F0DF
:10269000FBF83B1D04221946074806F081FE03465D
:1026A000002B01D002F0F0F8034802F00BFB00BF52
:1026B0003037BD4680BD00BF740600200040014099
:1026C00080B58CB000AF07F1200300221A605A6079
:1026D0009A60DA603B1D00221A605A609A60DA60E4
:1026E0001A615A619A61254B254A1A60234BA02230
:1026F0005A60224B00229A60204B4FF47A72DA60C3
:102700001E4B00221A611D4B00229A611B4806F0E5
:1027100095F80346002B01D002F0B6F84FF4805331
:102720003B6207F120031946144806F0FBFE0346FE
:10273000002B01D002F0A8F8104806F0CEF80346AE
:10274000002B01D002F0A0F860237B600023BB6067
:102750000023FB6000237B613B1D042219460748D0
:1027600006F01EFE0346002B01D002F08DF8034850
:1027700002F0A8FA00BF3037BD4680BDBC0600207D
:102780000018004080B500AF114B124A1A60104B80
:102790004FF4E1325A600E4B00229A600C4B00223B
:1027A000DA600B4B00221A61094B0C225A61084B6C
:1027B00000229A61064B0022DA61054807F0B6FC58
:1027C0000346002B01D002F05FF800BF80BD00BFC0
:1027D000040700200044004080B500AF114B124AAE
:1027E0001A60104B4FF4E1325A600E4B00229A608F
:1027F0000C4B0022DA600B4B00221A61094B0C22B1
:102800005A61084B00229A61064B0022DA610548A2
:1028100007F08CFC0346002B01D002F035F800BF16
:1028200080BD00BF4C0700200048004080B582B04A
:1028300000AF00237B600C4B1B6B0B4A43F48003FF
:102840001363094B1B6B03F480037B607B680022DE
:102850000521382003F059FD382003F072FD00BF38
:102860000837BD4680BD00BF0038024080B58AB041
:1028700000AF07F1140300221A605A609A60DA6010
:102880001A6100233B61484B1B6B474A43F010031E
:102890001363454B1B6B03F010033B613B69002343
:1028A000FB60414B1B6B404A43F0040313633E4BF8
:1028B0001B6B03F00403FB60FB680023BB603A4B17
:1028C0001B6B394A43F001031363374B1B6B03F057
:1028D0000103BB60BB6800237B60334B1B6B324A38
:1028E00043F002031363304B1B6B03F002037B6066
:1028F0007B6800233B602C4B1B6B2B4A43F0080387
:102900001363294B1B6B03F008033B603B680022F9
:102910004FF48071254804F0E5FA00224FF4F041AD
:10292000234804F0DFFA00224021224804F0DAFABA
:102930004FF480737B610123BB610023FB610023A3
:102940003B6207F114031946184804F017F94FF4D5
:10295000F0437B610123BB610023FB6100233B62E9
:1029600007F114031946124804F008F940237B616B
:102970000123BB610023FB6100233B6207F11403C9
:1029800019460C4804F0FAF801237B610023BB616F
:102990000023FB6107F114031946044804F0EEF824
:1029A00000BF2837BD4680BD0038024000100240FD
:1029B000000C02400008024080B500AF0022402118
:1029C0000A4804F08FFA0220FEF706FC012240219B
:1029D000064804F087FA0A20FEF7FEFB0022402199
:1029E000024804F07FFA00BF80BD00BF000802402B
:1029F00080B487B000AFF860B9607A60FA68BB68ED
:102A0000934238BF13467A68934238BF13467B61BE
:102A1000FA68BB68934228BF13467A68934228BF7E
:102A200013463B61FA68BB681A447B681A447B69A9
:102A3000D21A3B69D31A18461C37BD465DF8047B91
:102A40007047000080B584B000AF78607B681B6879
:102A50004A4A934240F08D807B681B7F022B40F0F6
:102A60008880474B1B78DBB2002B17D17B681B6833
:102A700000225A627B681B681A6A7B681B6822F016
:102A8000A0021A627B681B681A6A7B681B6842F0A6
:102A900020021A623A4B01221A706BE00421786816
:102AA00006F008FE03469AB2364B1A807B681B6814
:102AB0001A6A7B681B6822F0A0021A627B681A6897
:102AC0007B681B68126A1A622D4B00221A702D4B0C
:102AD0001B889BB207EE903AF8EEE77A9FED2A7AD0
:102AE00067EE877AB6EE007A77EE877AFCEEE77AC1
:102AF00017EE903ABB60254B1B781946244ABB68F9
:102B000042F82130214B1B78591C224BA3FB012397
:102B10005A0813465B001344CA1AD2B21B4B1A70F0
:102B20001D4B1B78022B05D81B4B1B780133DAB2E7
:102B3000194B1A70BB68FB60174B1B78032B09D12C
:102B4000134B1B68124A5168114A92681846FFF7E6
:102B50004FFFF860FB6807EE903AF8EE677A0F4B8C
:102B6000C3ED007A0E4AFB6813600E4B01221A7007
:102B700000E000BF1037BD4680BD00BF000401402B
:102B8000680A00206A0A0020287E8C3CC8070020C2
:102B9000BC070020ABAAAAAAC9070020B4070020DE
:102BA000B0070020B807002080B584B000AF78607F
:102BB0007B681B68344A934262D1344B1B78BB73E9
:102BC000BB7B0D2B02D0BB7B0A2B42D1304B1B7839
:102BD0001A46304B002199542D4B1B78002B34D0D2
:102BE0000023FB7322E0FB7B2A4AD35C402B0CD9E9
:102BF000FB7B284AD35C5A2B07D8FB7B254AD25C47
:102C0000FB7B2032D1B2234AD154FB7B214AD35CD7
:102C10003B2B04D0FB7B1F4AD35C2C2B03D1FB7BCB
:102C20001C4A2021D154FB7B0133FB73184B1B78CA
:102C3000FA7B9A42D7D31748FEF72CFC164B1B7829
:102C4000DBB2002B01D1FEF7DDFD114B00221A7023
:102C500011E00F4B1B78FF2B0AD00D4B1B785A1C31
:102C6000D1B20B4A117019460A4ABB7B535402E099
:102C7000074B00221A7001220449084807F067FB3D
:102C800000BF1037BD4680BD00480040D50700207A
:102C9000D8080020D8070020D60700204C070020C5
:102CA00080B485B000AF78607B681B68354A93427A
:102CB00061D1354B1B889BB21A4640F6E44302FBB8
:102CC00003F303F2FF72314BA3FB0213D21A520833
:102CD0001344DB0AFB812C4B5B889BB21A4640F6FF
:102CE000E44302FB03F303F2FF72284BA3FB02133E
:102CF000D21A52081344DB0ABB81254B1B889BB2B6
:102D00009A00FB891344234AA2FB03239B089AB22F
:102D10001F4B1A80204B1B889BB29A00BB8913441F
:102D20001C4AA2FB03239B089AB21B4B1A80164B2A
:102D30001B889AB2194B1A80134B5B889AB2184BB6
:102D40001A80134B1B889BB240F21F3293428CBFF8
:102D500001230023DBB21A46124B1A700E4B1B885C
:102D60009BB240F21F3293428CBF01230023DBB29F
:102D70001A460D4B1A7000BF1437BD465DF8047B30
:102D8000704700BF002001402C0A00200101100004
:102D90003E0A0020CDCCCCCC400A0020300A0020D6
:102DA000320A00203C0A00203D0A002080B584B091
:102DB00000AF78604123FB734FF48071044804F046
:102DC000AAF84FF47A7008F0B4FA00BFF4E700BF35
:102DD0000010024080B58EB002AF786001216948D2
:102DE00004F068F8034687F82F30674B1B78012BF7
:102DF00011D197F82F30002B0DD1644B1B78013384
:102E0000002B03F00103B8BF5B42DAB25F4B1A70CC
:102E1000322008F08EFA5C4A97F82F3013705B4B23
:102E20001B78002B4DD15A4BD3E90023104619468D
:102E3000FDF7A2FE034607F10C00564A20210AF0D6
:102E400031FA07F10C031A460021002002F020FCA1
:102E5000514BD3E9002310461946FDF78DFE03467A
:102E600007F10C004D4A20210AF01CFA07F10C036F
:102E70001A461021002002F00BFC494B1A68494BFE
:102E80001B6807F10C0000931346474A20210AF003
:102E900009FA07F10C031A462021002002F0F8FB82
:102EA000FEF7B4FA034607F10C00404A20210AF06D
:102EB000F9F907F10C031A463021002002F0E8FB73
:102EC0005AE0324B1B78012B56D1394B1B6807F166
:102ED0000C00384A20210AF0E5F907F10C031A46E4
:102EE0000021002002F0D4FB334B1B889BB21A4612
:102EF000324B1B78DBB207F10C0000931346304ACB
:102F000020210AF0CFF907F10C031A461021002006
:102F100002F0BEFB2B4B1B889BB21A462A4B1B7838
:102F2000DBB207F10C0000931346284A20210AF077
:102F3000B9F907F10C031A462021002002F0A8FB82
:102F4000234BD3ED007ABDEEE77A224BD3ED007A26
:102F5000FDEEE77A17EE903A07F10C00009317EEBA
:102F6000103A1D4A20210AF09DF907F10C031A4678
:102F70003021002002F08CFB02F012FA642008F0ED
:102F8000D8F92BE7001002400D000020740A002041
:102F9000F80900201C010108F0090020280101089F
:102FA000CC070020D00700203401010840010108AF
:102FB000B00700204C0101083E0A00203C0A002016
:102FC00060010108400A00203D0A0020700101084C
:102FD0006C0A0020700A0020800101080000000037
:102FE000B0B5D0B004AF07F59873A3F5927318602D
:102FF0000421A34805F0CAFCFEF7A6F90821A14860
:1030000005F0C4FC0C219F4805F0C0FC00219E483F
:1030100005F0BCFC04219C4805F0B8FCFEF71CF947
:103020009A4B1B78DBB2002B4BD0984B00221A70C6
:10303000974B00221A70974B00221A60964B4FF064
:1030400000021A60954B00221A60954B4FF0000267
:103050001A60944B00221A70934B00221A70FEF7EC
:10306000FBF8924B00221A60FEF76EF9904B00229B
:103070001A60FDF7CBFF8F4B00221A708E4B002297
:103080001A608E4B00221A708D4A07F1340392E8C1
:1030900003001860043319808A4B1B78DBB2002BC5
:1030A00001D001F0B6B9874B01221A7007F1340341
:1030B00005221946844807F014F9052008F039F96B
:1030C000AEE77C4B1B78DBB2013B062B01F286811D
:1030D00001A252F823F000BFF5300008F5300008D7
:1030E000C3430008473D0008473D00085F40000813
:1030F0005F400008754BC7F8DC30744BC7F8D83018
:103100004FF00003C7F8D430714B1B685B6AA7F817
:10311000D230704B1B685B6AA7F8D0306E4B1B88AF
:103120009BB2B7F8D220D31A9BB21BB2C7F8CC30EF
:103130006A4B1B889BB2B7F8D020D31A9BB21BB244
:103140005B42C7F8C830D7F8CC20D7F8C830134452
:10315000DA0F13445B10C7F8C430002387F82F310F
:10316000534B1B68002B0ADB514B1B68D7F8C4205C
:103170009A42ACBF0123002387F82F3109E04C4B62
:103180001B68D7F8C4209A42D4BF0123002387F8D4
:103190002F31002387F82E31464B1B78DBB2012BF1
:1031A00040F024813A4B1B78DBB2002B00F01E81EB
:1031B000374B1B78DBB2013B062B00F2128101A2D8
:1031C00052F823F00933000893330008A7330008AE
:1031D000E3330008BB330008CF330008E1310008B7
:1031E0003F4B1B889BB21A463E4B1B689A422CBF32
:1031F0000123002387F82E313A4B1B68142B00F271
:10320000F280394B1B78DBB2002B00F0EC802D4BA9
:103210001B78DBB2002B15D1324B1B6807F1140071
:10322000324A20210AF03EF8C7F8C000254B01229F
:103230001A70D7F8C0309AB207F114031946224821
:1032400007F04FF82A4BD3E900232A49C1E90023AC
:10325000FEF77AF80E4B04221A70154B264A1A60B4
:10326000264B00221A60264B00221A60002387F8A2
:103270002E31244B01221A700E4B02221A70B2E03A
:10328000BC060020E405002074060020D4070020BE
:10329000420A0020440A0020480A00204C0A00206C
:1032A000500A0020550A0020560A0020DC080020A1
:1032B000E8090020D6070020240A0020280A002060
:1032C000B4010108E20900204C070020A69B443B02
:1032D000540500209C050020E4090020E609002098
:1032E0000A000020B00700200C0000209401010813
:1032F000F0090020000A002001000080780A002068
:103300007C0A0020540A00208E4B1B681A2B94BFA5
:103310000123002387F82E318A4B1B68142B64D8B5
:10332000894B1B78DBB2002B15D1864B1B6807F14C
:103330001400864A202109F0B5FFC7F8BC00824B73
:1033400001221A70D7F8BC309AB207F1140319465B
:103350007F4806F0C6FF7F4BD3E900237E49C1E9D1
:103360000023FDF7F1FF7D4B04221A707C4B7D4A50
:103370001A607D4B00221A607C4B00221A600023E9
:1033800087F82E317A4B01221A707A4B02221A707A
:103390002BE0794B1B78DBB2002B0CBF0123002301
:1033A00087F82E3122E0754B1B78DBB2002B0CBF67
:1033B0000123002387F82E3118E06F4B1B78DBB216
:1033C000012B0CBF0123002387F82E310EE06B4B3D
:1033D0001B78DBB2012B0CBF0123002387F82E31B1
:1033E00004E000BF02E000BF00E000BF614B1B78BB
:1033F000DBB2022B0CD1594B1B78DBB2042B07D16B
:10340000504B1B68132B8CBF0123002387F82E31F0
:1034100097F82E31002B3BD0504B1B78DBB2012BA1
:1034200004D04E4B1B78DBB2072B31D1544B1B68B9
:1034300007EE903AB8EEE77ADFED526AC7EE267AE9
:10344000514BC3ED007A404B1B78DBB2002B1FD1F0
:103450004D4B1B681846FDF787F802460B46394965
:10346000096807F114000291CDE90023474A2021A1
:1034700009F018FFC7F8B800334B01221A70D7F8CB
:10348000B8309AB207F114031946314806F029FF03
:1034900097F82E31002B38D0304B1B78DBB2022B43
:1034A00004D02E4B1B78DBB2032B2ED1384B1B687C
:1034B00007EE903AB8EEE77ADFED326AC7EE267A89
:1034C000344BC3ED007A204B1B78DBB2002B1CD1B0
:1034D000304B1B681846FDF747F802460B4607F1CC
:1034E0001400CDE900232C4A202109F0DBFEC7F8A7
:1034F000B400154B01221A70D7F8B4309AB207F114
:1035000014031946124806F0ECFE97F82F31002BF1
:1035100003D197F82E31002B42D0FDF79DFE0F4BC3
:1035200000221A70104B00221A60104B00221A6001
:10353000104B00221A7002F0D1F90346174A1360AB
:1035400000F062BFB0070020E209002094010108EA
:103550004C070020F0090020000A0020420A002049
:10356000E809002001000080780A00207C0A002081
:10357000540A0020D60700203D0A00203C0A002003
:10358000440A0020896D9342480A0020A0010108E6
:103590004C0A0020500A0020AC010108DC08002081
:1035A00002F09CF9C7F8B000C54B1B68002B0BD18B
:1035B000C34AD7F8B0301360C24AB7F8D23013808C
:1035C000C14AB7F8D0301380C04B1B78DBB2002B58
:1035D00014D0BC4AB7F8D2301380BB4AB7F8D03009
:1035E0001380B74AD7F8B0301360B84B00221A7076
:1035F000B74B00221A60B74B00221A60B14B1B88F0
:10360000B7F8D220D31A9BB2A7F8AE30AE4B1B88C6
:10361000B7F8D020D31A9BB2A7F8AC30B7F8AC30CB
:103620005B429BB2A7F8AC30AB4B1B78DBB2012BF3
:103630001AD1AA4B1B78DBB2012B04D0A74B1B7805
:10364000DBB2072B10D1B7F9AE20B7F9AC30134479
:10365000DA0F13445B10C7F8A830A14B1A68D7F8EB
:10366000A83013449E4A13609B4B1B78DBB2012B9E
:103670001AD19A4B1B78DBB2022B04D0974B1B78E4
:10368000DBB2032B10D1B7F9AE20B7F9AC3013443D
:10369000DA0F13445B10C7F8A430924B1A68D7F8BE
:1036A000A43013448F4A1360854B1B68D7F8B020B1
:1036B000D31AC7F82831D7F82831002B02D10123BB
:1036C000C7F82831B7F9AE304FF47A7203FB02F233
:1036D000D7F8283192FBF3F3C7F8A030B7F9AC3034
:1036E0004FF47A7203FB02F2D7F8283192FBF3F31E
:1036F000C7F89C30D7F8283107EE903AB8EE677AD1
:10370000DFED796AC7EE267AC7ED267AD7ED267AFD
:103710009FED767A37EE877AD7ED266AC6EE877AFE
:10372000C7ED257AD7F8A03007EE903AB8EEE77AE1
:103730006F4BD3ED007A37EE677AD7ED257A27EE17
:10374000277A6B4BD3ED007A77EE277A684BC3ED7F
:10375000007AD7F89C3007EE903AB8EEE77A654BDE
:10376000D3ED007A37EE677AD7ED257A27EE277A00
:10377000604BD3ED007A77EE277A5E4BC3ED007A8B
:10378000504AB7F8D23013804F4AB7F8D030138080
:103790004B4AD7F8B0301360554B93ED007A554B38
:1037A000D3ED007A77EE677AFDEEE77A17EE903A7E
:1037B000C7F89030504BD3E90001504BD3E90023B8
:1037C000FCF772FD02460B464D49C1E900234D4B03
:1037D000C7F88C30D7F88C00FCF7C6FE484BD3E90D
:1037E0000023FCF719FF02460B4610461946FDF769
:1037F000C3F90346C7F88830D7F89020D7F8883047
:103800001344C7F88430324B1A68D7F88430134415
:103810002F4A13602F4B1B68D7F88420D31AC7F8A0
:1038200080302C4AD7F884301360D7F8843007EE04
:10383000903AB8EEE77AD7ED377A27EE277A244B1D
:103840001B6807EE903AF8EEE76AD7ED367A66EE37
:10385000A77A37EE277AD7F8803007EE903AF8EE5D
:10386000E76AD7ED357A66EEA77A77EE277AC7ED65
:103870001F7AD7ED1F7AFDEEE77A17EE903ABB6715
:1038800040F6D8637B674FF07E533B674FF07E5323
:10389000FB66786FFCF756FE07A3D3E90023FCF71D
:1038A000BBFE02460B4610461946FDF765F9034676
:1038B000BB6629E0AFF30080713D0AD7A370ED3FEE
:1038C000800A0020840A0020860A0020540A002072
:1038D000780A00207C0A0020D6070020420A002037
:1038E000440A00204C0A002000007A44CDCC4C3D14
:1038F000880A00208C0A0020000A0020F809002015
:10390000080A0020000070417B6F7B66A94B1B7882
:10391000DBB2012B22D1BA6EBB6F134407EE903A93
:10392000B8EEE77AD7ED1C7A67EE277AFDEEE77AF4
:1039300017EE903AC7F824317A6EBB6FD31A07EEB0
:10394000903AB8EEE77AD7ED1B7A67EE277AFDEE6C
:10395000E77A17EE903AC7F8203121E0BA6EBB6FD4
:10396000D31A07EE903AB8EEE77AD7ED1C7A67EEF5
:10397000277AFDEEE77A17EE903AC7F824317A6E8F
:10398000BB6F134407EE903AB8EEE77AD7ED1B7A97
:1039900067EE277AFDEEE77A17EE903AC7F8203106
:1039A000854BD3E90001854BD3E90023FCF77CFC70
:1039B00002460B468249C1E900234FF07E533B6625
:1039C000386EFCF7D1FD7E4BD3E90023FCF724FED3
:1039D00002460B4610461946FDF7CEF80346FB6536
:1039E0009A23C7F81C31734B1B78DBB2012B1FD114
:1039F000734BD3E900014FF000024FF00003FDF7D5
:103A00009BF80346002B03D09A23C7F81C3133E000
:103A10006B4BD3E900014FF000024FF00003FDF7BC
:103A20006DF80346002B27D09A23C7F81C3123E0FA
:103A3000604B1B78DBB2022B1ED1614BD3E9000136
:103A40004FF000024FF00003FDF758F80346002B3B
:103A500003D09A23C7F81C310EE0594BD3E900017B
:103A60004FF000024FF00003FDF766F80346002B0D
:103A700002D09A23C7F81C314E4B1B78DBB2012BC6
:103A800006D1D7F81C21FB6DD31AC7F81C3105E00D
:103A9000D7F81C21FB6D1344C7F81C31D7F81C3133
:103AA0006A2B02DC6B23C7F81C31D7F81C31FA2BC8
:103AB00002DDFA23C7F81C31424B1B78DBB2002B26
:103AC00000F00381404B1B78DBB2012B4ED13D4B04
:103AD0001B78DBB2012B01D1F52200E064223B4BC5
:103AE0001B689A63374B1B78DBB2012B0CD141F278
:103AF00088333B6441F66413FB63386CFDF7CCFB01
:103B0000F86BFDF7DFFB0BE041F28833BB6441F655
:103B100064137B64B86CFDF7D5FB786CFDF7BCFBD8
:103B2000284B1B78DBB2012B0AD1244BD3E90001CF
:103B3000214BD3E90023FCF7EBFF0346002B11D107
:103B4000204B1B78DBB2022B40F0C3801B4BD3E928
:103B50000001194BD3E90023FCF7E4FF0346002BD7
:103B600000F0B780184B02221A70B2E0164B1B7897
:103B7000DBB2022B40F0A380124B1B78DBB2012B8F
:103B800001D1642200E0F522104B1B689A630D4BB3
:103B90001B78DBB2012B1BD141F288333B6541F628
:103BA0006413FB64386DFDF78DFBF86CFDF774FB57
:103BB0001AE000BFD6070020F0090020F809002015
:103BC000080A0020550A0020560A0020BC060020E2
:103BD00041F28833BB6541F664137B65B86DFDF730
:103BE0005BFB786DFDF76EFB854BD3E900238549C0
:103BF000C1E90023844B1B78DBB2012B13D1814B2D
:103C0000D3E900014FF00002804BFCF74DFB024668
:103C10000B46104619467E4BD3E90023FCF778FF8C
:103C20000346002B18D1784B1B78DBB2022B50D106
:103C3000744BD3E900014FF00002744BFCF736FBE4
:103C400002460B4610461946714BD3E90023FCF798
:103C500069FF0346002B3CD06B4B00221A706D4B62
:103C600000221A70664BD3E900236649C1E900239C
:103C7000694B1B68D7F81C219A63634B1B78DBB236
:103C8000012B01D1FDF7B4FB5F4B1B78DBB2022B9C
:103C900001D1FDF79FFBFDF7DFFA604B00221A70A0
:103CA0005F4B00221A605F4B00221A605E4B0022BD
:103CB0001A7001F013FE03465C4A136009E0564B8C
:103CC0001B68D7F81C219A6303E0534B1B689A22A8
:103CD0009A63554B1B78DBB2012B19D14A4B1B78E9
:103CE000DBB2002B14D1524B1B68D7F82421DA63C6
:103CF0004F4B1B6841F61F421A644E4B1B68D7F8A6
:103D000020215A634B4B1B6841F61F429A6378E3AC
:103D1000454B1B78DBB2022B40F07383444B1B688E
:103D200041F61F42DA63424B1B68D7F824211A641C
:103D3000404B1B6841F61F425A633E4B1B68D7F845
:103D400020219A635DE33C4B1B68002B09D001F0F6
:103D5000C5FD0246384B1B689A4202D2FDF77CFA39
:103D600052E3354B00221A60264BD3E90001284B61
:103D7000D3E90023FCF798FA02460B46C7E93C2337
:103D80004FF000024FF00003D7E93C01FCF7CAFEF8
:103D90000346002B02D0D7E93C4505E0D7F8F040B8
:103DA000D7F8F43083F00045C7E93A451E4B1B783D
:103DB000DBB2042B0AD1164BD3E90001114BD3E936
:103DC0000023FCF7A5FE0346002B0FD1164B1B78F2
:103DD000DBB2052B7CD10E4BD3E90001094BD3E9B3
:103DE0000023FCF79FFE0346002B71D0FDF734FA49
:103DF0000D4B1B78DBB2042B20D1FDF7F9FA1FE045
:103E0000580A0020F0090020550A00200000144044
:103E1000F8090020560A0020BC060020420A0020B3
:103E2000780A00207C0A0020D6070020DC08002049
:103E3000E405002074060020240A0020FDF7CAFAD9
:103E40004FF4967007F075FAB94B1B78DBB2002B74
:103E500035D0B84B1B78DBB2042B30D1B64B1B6886
:103E60005B6A9AB2B54B1A80B54B1B685B6A9AB213
:103E7000B44B1A80AE4B1B78DBB207EE903AF8EEEB
:103E8000E77A9FEDB17A67EE877AB6EE007A77EE41
:103E9000877AFDEEE77A17EE902AAC4B1A60AC4BAE
:103EA000D3E90023AB49C1E90023AB4B00221A70D0
:103EB000A04B01221A709E4B00221A70A4E29D4B67
:103EC00000221A7001F00AFD0346A44A13609BE227
:103ED000984B1B78DBB2042B60D14FF49653C7F894
:103EE00018314FF000029E4BD7E93A01FCF706FE6D
:103EF0000346002B03D04FF49653C7F818314FF008
:103F00000002984BD7E93A01FCF7F8FD0346002B75
:103F100003D04FF49653C7F81831D7F8183141F24F
:103F20007072934203DD41F27073C7F81831D7F80D
:103F30001801FCF707FB7CA3D3E90023FCF76CFB1B
:103F400002460B4610461946FCF716FE0346184675
:103F5000FDF7A2F9D7F8183107EE903AF8EEE77AB4
:103F60009FED817A67EE877AFDEEE77A17EE903A59
:103F7000C7F8E030D7F8E000FCF7E4FA4FF033324E
:103F80007A4BFCF749FB02460B4610461946FCF7F4
:103F9000F3FD03461846FDF795F935E24FF49653C5
:103FA000C7F814314FF000026D4BD7E93A01FCF726
:103FB000A5FD0346002B03D04FF49653C7F81431E8
:103FC0004FF00002674BD7E93A01FCF797FD034633
:103FD000002B03D04FF49653C7F81431D7F814319F
:103FE00041F27072934203DD41F27073C7F81431ED
:103FF000D7F81401FCF7A6FA4BA3D3E90023FCF78A
:104000000BFB02460B4610461946FCF7B5FD03466E
:104010001846FDF757F9D7F8143107EE903AF8EE45
:10402000E77A9FED517A67EE877AFDEEE77A17EE31
:10403000903AC7F8E430D7F8E400FCF783FA4FF081
:1040400033324A4BFCF7E8FA02460B461046194653
:10405000FCF792FD03461846FDF71EF9D4E1444BE8
:104060001B68002B09D001F039FC0246404B1B684D
:104070009A4202D2FDF7F0F8C6E13D4B00221A60E9
:104080003C4BD3E90001324BD3E90023FCF70CF998
:1040900002460B46C7E942234FF000024FF00003EF
:1040A000D7E94201FCF73EFD0346002B04D097ED13
:1040B000427B87ED007B07E0D7F808313B60D7F8FB
:1040C0000C3183F000437B6097ED007B87ED407BF4
:1040D000184B1B78DBB2062B0AD11D4BD3E900012C
:1040E000244BD3E90023FCF71DFD0346002B11D11F
:1040F000104B1B78DBB2072B40F0C680144BD3E982
:1041000000011C4BD3E90023FCF702FD0346002B02
:1041100000F0BA80FDF7A0F8064B1B78DBB2062B47
:104120002AD1FDF765F929E01F85EB51B81EF13F53
:10413000280A0020D607002054050020E4090020AA
:104140009C050020E6090020896D9342E8090020C3
:10415000F8090020000A0020420A0020DC080020A4
:104160000080464000003440CDCC8C3F3333F33FD9
:10417000240A0020F0090020FDF72CF94FF4967076
:1041800007F0D7F8A84B1B78DBB2002B36D0A74B33
:104190001B78DBB2062B31D1A54B1B685B6A9AB248
:1041A000A44B1A80A44B1B685B6A9AB2A34B1A807B
:1041B0009D4B1B78DBB207EE903AF8EEE77A9FED65
:1041C000A07A67EE877AB6EE007A77EE877AFDEE10
:1041D000E77A17EE903A5B429A4A13609A4BD3E91A
:1041E00000239A49C1E90023994B00221A708F4B92
:1041F00002221A708C4B00221A7044E08A4B1B7802
:10420000DBB2002B36D0894B1B78DBB2072B31D1C8
:10421000874B1B685B6A9AB2864B1A80864B1B6879
:104220005B6A9AB2854B1A807F4B1B78DBB207EE34
:10423000903AF8EEE77A9FED827A67EE877AB6EEEB
:10424000007A77EE877AFDEEE77A17EE903A5B42D6
:104250007C4A13607C4BD3E900237C49C1E90023ED
:104260007B4B00221A70714B02221A706E4B002297
:104270001A7008E06D4B00221A7001F02FFB034604
:10428000744A1360C0E0BFE04FF49653C7F8103192
:104290004FF00002704BD7E94001FCF72FFC0346BA
:1042A000002B03D04FF49653C7F810314FF00002A3
:1042B0006A4BD7E94001FCF721FC0346002B03D0F1
:1042C0004FF49653C7F81031D7F8103141F270729D
:1042D000934203DD41F27073C7F81031534B1B78E2
:1042E000DBB2062B36D1D7F81001FCF72BF94CA323
:1042F000D3E90023FCF790F902460B461046194615
:10430000FCF73AFC03461846FCF7F2FFD7F81031E9
:1043100007EE903AF8EEE77A9FED517A67EE877AEA
:10432000FDEEE77A17EE903AC7F8F830D7F8F800C4
:10433000FCF708F94FF033324A4BFCF76DF90246AF
:104340000B4610461946FCF717FC03461846FCF7C7
:10435000E5FF59E0D7F81001FCF7F4F830A3D3E9F2
:104360000023FCF759F902460B4610461946FCF7A4
:1043700003FC03461846FCF7D1FFD7F8103107EECF
:10438000903AF8EEE77A9FED367A67EE877AFDEE9F
:10439000E77A17EE903AC7F8FC30D7F8FC00FCF744
:1043A000D1F84FF033322F4BFCF736F902460B466B
:1043B00010461946FCF7E0FB03461846FCF798FF49
:1043C00022E0FCF749FF194B00221A7001F086FA2F
:1043D000034603F5AF731F4A136015E0FCF7A4FD15
:1043E0000346002B09D101F079FA0246194B1B68EC
:1043F0009A4208D3FDF706FA05E0164B00221A6030
:1044000001E000BF00E000BF052006F092FFFEF7CC
:1044100007BE07F59877BD46B0BD00BFAFF300807B
:104420001F85EB51B81EF13F280A0020D607002057
:1044300054050020E40900209C050020E609002026
:10444000896D9342E8090020F8090020000A002045
:10445000420A0020DC080020008046400000344072
:10446000CDCC8C3F3333F33F80B596B002AF78604C
:104470003C21394804F07AFD3C21384804F076FDAF
:10448000354B1B685B6AA7F84E30344B1B685B6A80
:10449000A7F84C3001F022FAB86401F01FFA024686
:1044A000BB6CD31A132B53D92B4B1B685B6AA7F831
:1044B0004630B7F84620B7F84E30D31A9BB21BB23D
:1044C0001A46274B1A60B7F84630A7F84E30234BF0
:1044D0001B685B6AA7F84430B7F84420B7F84C3043
:1044E000D31A9BB21BB21A461E4B1A601D4B1B6897
:1044F0005B421C4A1360B7F84430A7F84C30BB6CE1
:104500001433BB64164B1B6818B2164B1B6819B2E8
:10451000154B1B78DBB2002B01D0012300E00023F8
:104520001A4600F067FE0E4B1A680E4B1B6807F127
:104530000C00009313460D4A202108F0B3FE3864A6
:104540003B6C9AB207F10C010523094805F03EFEC9
:10455000012006F0EEFEA0E7540500209C05002097
:10456000CC070020D0070020D6070020BC0101089E
:104570004C070020000000002DE9B0438CB000AFD4
:104580007860FCF7D7FD0023BB8100237B830023E9
:10459000FB624FF000024FF00003C7E9082300233D
:1045A000FB6122E0142006F0C4FE07F10C0319465B
:1045B0003720FCF771FD3B7B1BB21B021AB27B7BE1
:1045C0001BB213437B83B7F91A301846FBF7BAFFC7
:1045D00002460B46D7E90801FBF768FE02460B4688
:1045E000C7E90823FB690133FB61FB69632BD9DD54
:1045F0004FF00002364BD7E90801FCF737F90246C5
:104600000B46C7E9082301F069F9F862142006F0A7
:1046100090FE07F10C0319463720FCF73DFD3B7B6C
:104620001BB21B021AB27B7B1BB213437B83B7F90D
:104630001A301846FBF786FFD7E90823FBF734FE4C
:1046400002460B46C7E904233C697B6923F0004519
:104650004FF000021F4B20462946FCF76DFA034637
:10466000002B2DD0B7F91A301846FBF76BFFD7E9AE
:104670000823FBF719FE02460B469046994601F0C7
:104680002DF90246FB6AD31A1846FBF74BFF0EA31F
:10469000D3E90023FCF7EAF802460B4640464946B8
:1046A000FBF7BAFF02460B46104619460A4BD3E900
:1046B0000023FBF7FBFD02460B460749C1E9002337
:1046C00001F00CF9F862A1E7000000000004D040FE
:1046D0000000594000002040F809002080B582B059
:1046E00000AF786004210C4804F072FAFEF764F918
:1046F0000A4B00221A7002E0012006F01AFE074B56
:104700001B78DBB283F00103DBB2002BF4D13C2039
:1047100006F00FFEEAE700BF2C060020B8070020D5
:1047200080B588B000AF78604A4B7B614FF00003E2
:10473000FB614FF00003BB61474B1B887B82464BFC
:104740005B883B827B8A07EE903AF8EE677A9FEDB2
:10475000437A27EE877ADFED426AC7EE267AC7ED05
:10476000037A3B8A07EE903AF8EE677A9FED3B7A40
:1047700027EE877ADFED3A6AC7EE267AC7ED027A2E
:10478000B7EE007AD7ED057A37EE677AD7ED077A7C
:1047900027EE277AD7ED056AD7ED037A66EEA77A7A
:1047A00077EE277AC7ED077AB7EE007AD7ED057A6C
:1047B00037EE677AD7ED067A27EE277AD7ED056AC6
:1047C000D7ED027A66EEA77A77EE277AC7ED067AFA
:1047D000244A7B8A1380244A3B8A1380234AFB693C
:1047E0001360234ABB69136097ED070AFDF74AFB84
:1047F000F0EE407A1F4BC3ED007A97ED060AFDF705
:1048000041FBF0EE407A1C4BC3ED007AD7ED077AFE
:104810009FED1A7AF4EEC77AF1EE10FAACBF0123DD
:104820000023DBB21A46164B1A70D7ED067A9FEDBD
:10483000137AF4EEC77AF1EE10FAACBF012300232D
:10484000DBB21A460F4B1A700A2006F072FD00BF49
:1048500072E700BFCDCC4C3E2C0A002033335340CE
:1048600000F07F45300A0020320A0020340A002080
:10487000380A00206C0A0020700A0020CDCC4C3F82
:104880003C0A00203D0A002080B400AF72B600BF91
:1048900000BFFDE780B582B000AF00237B60124B04
:1048A0005B6C114A43F4804353640F4B5B6C03F41D
:1048B00080437B607B6800233B600B4B1B6C0A4A88
:1048C00043F080531364084B1B6C03F080533B6030
:1048D0003B6800220F216FF0010001F016FD00BFC0
:1048E0000837BD4680BD00BF0038024080B58AB0A1
:1048F00000AF786007F1140300221A605A609A60D2
:10490000DA601A617B681B682F4A934257D10023F3
:104910003B612E4B5B6C2D4A43F4807353642B4BED
:104920005B6C03F480733B613B690023FB60274BA6
:104930001B6B264A43F004031363244B1B6B03F0E9
:104940000403FB60FB6803237B610323BB6100233B
:10495000FB6107F1140319461D4802F00FF91D4BC6
:104960001D4A1A601B4B00225A601A4B00229A60A3
:10497000184B0022DA60174B4FF480621A61154B16
:104980004FF400625A61134B4FF400529A61114B7D
:104990004FF48072DA610F4B00221A620D4B002235
:1049A0005A620C4801F0E8FC0346002B01D0FFF7E7
:1049B0006BFF7B68074A9A63064A7B68936300BF74
:1049C0002837BD4680BD00BF0020014000380240AE
:1049D00000080240A00400201064024080B58AB0A4
:1049E00000AF786007F1140300221A605A609A60E1
:1049F000DA601A617B681B68194A93422CD1002344
:104A00003B61184B1B6B174A43F002031363154BB2
:104A10001B6B03F002033B613B694FF440637B6116
:104A20001223BB610023FB6103233B6204237B62EF
:104A300007F1140319460C4802F0A0F80023FB60AC
:104A4000084B1B6C074A43F480031364054B1B6C33
:104A500003F48003FB60FB6800BF2837BD4680BDC0
:104A600000580040003802400004024080B58CB07D
:104A700000AF786007F11C0300221A605A609A6048
:104A8000DA601A617B681B68B3F1804F4BD1002359
:104A9000BB613F4B1B6C3E4A43F0010313643C4B2C
:104AA0001B6C03F00103BB61BB6900237B61384BC6
:104AB0001B6B374A43F001031363354B1B6B03F049
:104AC00001037B617B6900233B61314B1B6B304AE7
:104AD00043F0020313632E4B1B6B03F002033B6195
:104AE0003B694FF40043FB6102233B6200237B627E
:104AF0000023BB620123FB6207F11C031946254812
:104B000002F03CF80823FB6102233B6200237B6236
:104B10000023BB620123FB6207F11C0319461E48F8
:104B200002F02CF830E07B681B681C4A93422BD1C2
:104B30000023FB60164B1B6C154A43F00203136401
:104B4000134B1B6C03F00203FB60FB680023BB608C
:104B50000F4B1B6B0E4A43F0020313630C4B1B6B92
:104B600003F00203BB60BB683023FB6102233B629E
:104B700000237B620023BB620223FB6207F11C035C
:104B80001946054801F0FAFF00BF3037BD4680BD29
:104B900000380240000002400004024000040040CF
:104BA00080B58CB000AF786007F11C0300221A605A
:104BB0005A609A60DA601A617B681B683B4A9342CC
:104BC0000ED10023BB613A4B1B6C394A43F00403FE
:104BD0001364374B1B6C03F00403BB61BB6960E0DB
:104BE0007B681B68334A934234D100237B61304B8E
:104BF0005B6C2F4A43F0020353642D4B5B6C03F054
:104C000002037B617B6900233B61294B1B6B284AB4
:104C100043F004031363264B1B6B03F004033B6157
:104C20003B698023FB6102233B6200237B620023FC
:104C3000BB620323FB6207F11C0319461E4801F007
:104C40009DFF002205212E2001F05FFB2E2001F0A8
:104C500078FB26E07B681B68184A93420ED100233C
:104C6000FB60134B5B6C124A43F480335364104B6C
:104C70005B6C03F48033FB60FB6812E07B681B68AD
:104C80000F4A93420DD10023BB60094B1B6C084AAD
:104C900043F040031364064B1B6C03F04003BB60FE
:104CA000BB6800BF3037BD4680BD00BF0008004074
:104CB000003802400004014000080240004001406A
:104CC0000018004080B58AB000AF786007F1140387
:104CD00000221A605A609A60DA601A617B681B6869
:104CE000374A93421FD100233B61364B1B6B354A39
:104CF00043F002031363334B1B6B03F002033B616E
:104D00003B694FF440737B610223BB610023FB616D
:104D100000233B6202237B6207F1140319462A48F1
:104D200001F02CFF47E07B681B68284A93421ED1A4
:104D30000023FB60234B1B6B224A43F010031363D9
:104D4000204B1B6B03F01003FB60FB6860237B614F
:104D50000223BB610023FB6100233B6203237B62D0
:104D600007F1140319461A4801F008FF23E07B6895
:104D70001B68184A93421ED10023BB60114B1B6B6A
:104D8000104A43F0020313630E4B1B6B03F0020344
:104D9000BB60BB684FF400437B610223BB6100230F
:104DA000FB6100233B6209237B6207F11403194670
:104DB000054801F0E3FE00BF2837BD4680BD00BFB7
:104DC000000800400038024000040240004001405A
:104DD000001002400018004080B58CB000AF786031
:104DE00007F11C0300221A605A609A60DA601A61A7
:104DF0007B681B68364A93422CD10023BB61354B3C
:104E00001B6C344A43F400331364324B1B6C03F4C1
:104E10000033BB61BB6900237B612E4B1B6B2D4AAA
:104E200043F0010313632B4B1B6B03F001037B6106
:104E30007B690C23FB6102233B6200237B6203231B
:104E4000BB620723FB6207F11C031946224801F0ED
:104E500095FE39E07B681B68204A934234D10023D9
:104E60003B611C4B1B6C1B4A43F480231364194B9E
:104E70001B6C03F480233B613B690023FB60154BF3
:104E80001B6B144A43F008031363124B1B6B03F0B4
:104E90000803FB60FB684FF44073FB6102233B6235
:104EA00000237B620323BB620723FB6207F11C0321
:104EB00019460B4801F062FE00220521272001F06F
:104EC00024FA272001F03DFA00BF3037BD4680BDEF
:104ED000004400400038024000000240004800400A
:104EE000000C024080B400AF00BFFDE780B400AF0B
:104EF00000BFFDE780B400AF00BFFDE780B400AFA6
:104F000000BFFDE780B400AF00BFFDE780B400AF95
:104F100000BFBD465DF8047B704780B500AF00F070
:104F2000C9FC06F095FF0346012B01D007F0D4F928
:104F300000BF80BD80B500AF024805F02DFA00BF6C
:104F400080BD00BF4C07002080B500AF024804F0D0
:104F50009BF800BF80BD00BF2C06002080B500AFCD
:104F6000024801F0A1FB00BF80BD00BFA0040020EB
:104F700080B400AF01231846BD465DF8047B70473E
:104F800080B582B000AF7860396008F0D1FA03468E
:104F900016221A604FF0FF3318460837BD4680BD11
:104FA00080B582B000AF78604FF0FF317868FFF7CE
:104FB000E7FF00BFFDE780B586B000AFF860B960DD
:104FC0007A6000237B610AE0AFF300800146BB6892
:104FD0005A1CBA60CAB21A707B6901337B617A6964
:104FE0007B689A42F0DB7B6818461837BD4680BD67
:104FF00080B586B000AFF860B9607A6000237B614D
:1050000009E0BB685A1CBA601B781846AFF30080F1
:105010007B6901337B617A697B689A42F1DB7B684B
:1050200018461837BD4680BD80B483B000AF7860A5
:105030004FF0FF3318460C37BD465DF8047B7047D0
:1050400080B483B000AF786039603B684FF40052A1
:105050005A60002318460C37BD465DF8047B704744
:1050600080B483B000AF7860012318460C37BD468A
:105070005DF8047B704780B485B000AFF860B9601C
:105080007A60002318461437BD465DF8047B7047EC
:1050900080B586B000AF7860144A154BD31A7B6197
:1050A0007B693B61134B1B68002B02D1114B124AE9
:1050B0001A60104B1A687B6813443A699A4207D207
:1050C00008F036FA03460C221A604FF0FF3309E06D
:1050D000084B1B68FB60074B1A687B681344054A42
:1050E0001360FB6818461837BD4680BD00000220DB
:1050F00000040000900A0020604D002080B400AF42
:10510000064BD3F88830054A43F47003C2F8883060
:1051100000BFBD465DF8047B704700BF00ED00E0B6
:1051200080B483B000AF78600B4A7B6813600B4B90
:1051300000221A600A4B00221A700A4B00221A70D1
:10514000094B00221A60094B00221A6000BF0C377D
:10515000BD465DF8047B7047940A0020980A002041
:105160009C0A0020A00A0020B00A0020B40A0020F7
:1051700090B589B000AF786039607B68002B2BD088
:1051800007F108030F227968184608F00DF900238B
:10519000FB75EFF31083BB61BB69FB6172B600BFA7
:1051A0000F4B1B6801330E4A136000F097FB034658
:1051B0000C4A13600C4A3B6813600C4B1C4607F109
:1051C00008030FCB84E80F00094B01221A70FB691A
:1051D000002B02D162B600E000BF2437BD4690BD6F
:1051E000980A0020B40A0020B00A0020A00A00207B
:1051F0009C0A002090B5B5B004AF0346FB800B4677
:10520000BB801346FB70494B1B68002B00F08A8063
:10521000002387F8BF300023C7F8B8300023C7F851
:10522000B430EFF31083C7F89C30D7F89C30C7F840
:10523000AC3072B600BF3E4B1B68C7F8A8303D4B80
:105240001B78DBB2002B13D0012387F8BF303A4B19
:105250001B68C7F8B830394B1B68C7F8B430384BF7
:1052600007F18C040FCB84E80F00324B00221A7038
:10527000D7F8AC30002B01D162B600BF97F8BF3031
:10528000002B20D007F10C00D7F8B430029307F1BF
:105290008C030193D7F8B8300093D7F8A830294A87
:1052A000402107F0FFFFC7F8A400D7F8A430002B77
:1052B00009DD1E4B1868D7F8A4309AB207F10C012B
:1052C0000A2304F083FFFB78002B04D0D7F8A83022
:1052D000C7F8B03002E00023C7F8B03000F0FEFAA3
:1052E0000146B7F90630B7F9042007F14C000292E5
:1052F0000193D7F8B03000930B46134A402107F0D2
:10530000D1FFC7F8A000D7F8A030002B0BDD074B6A
:105310001868D7F8A0309AB207F14C010A2304F0BC
:1053200055FF00E000BFC437BD4690BD940A002081
:10533000980A00209C0A0020B40A0020B00A00202D
:10534000A00A0020C4010108D8010108DFF834D008
:10535000FFF7D4FE0C480D490D4A002302E0D45853
:10536000C4500433C4188C42F9D30A4A0A4C0023AF
:1053700001E013600432A242FBD308F0DFF8FCF72F
:10538000C9FD70470000022000000020E801002055
:1053900058100108E80100205C4D0020FEE70000E5
:1053A00080B582B000AF0023FB7126E0FB79503B53
:1053B000DBB20021184600F02BF80021002000F09D
:1053C00027F80021102000F023F80023BB710DE026
:1053D000BA79FB790D49D2000A4413441B780121A4
:1053E000184600F015F8BB790133BB7197F9063008
:1053F000002BEDDAFB790133FB71FB79072BD5D953
:1054000000BF00BF0837BD4680BD00BFB80A0020FE
:1054100080B584B000AF03460A46FB711346BB71EA
:10542000BB79002B06D001224FF400611E4801F029
:1054300059FD05E000224FF400611B4801F052FDC8
:105440000023FB7322E000224FF48041164801F054
:1054500049FD97F90730002B06DA01224FF400517D
:10546000114801F03FFD05E000224FF400510E48C5
:1054700001F038FD01224FF480410B4801F032FD6C
:10548000FB795B00FB71FB7B0133FB73FB7B072B21
:10549000D9D901224FF40061034801F023FD00BF78
:1054A0001037BD4680BD00BF000C024080B582B001
:1054B00000AF0023FB7114E00023BB710AE0BA794E
:1054C000FB790C49D2000A44134400221A70BB79BC
:1054D0000133BB7197F90630002BF0DAFB79013309
:1054E000FB71FB79072BE7D9FFF75AFF00BF08379D
:1054F000BD4680BDB80A002080B485B000AF034629
:10550000FB710B46BB7113467B710023FB7397F94C
:105510000730002B41DBBB793F2B3ED8BB79DB0842
:10552000DBB2C3F10703BB73BB7903F007037B73E3
:105530007B7BC3F10703012202FA03F3FB737B7940
:10554000002B12D0FA79BB7B1749D2000A441344CE
:105550001878FA79BB7BF97B0143C8B21249D200B3
:105560000A44134402461A7018E0FA79BB7B0E49CC
:10557000D2000A4413441B785AB297F90F30DB4328
:105580005BB2134059B2FA79BB7BC8B20649D2006C
:105590000A44134402461A7000E000BF1437BD46A7
:1055A0005DF8047B704700BFB80A002090B585B055
:1055B00000AF0446084611461A462346FB710346CF
:1055C000BB710B467B7113463B71BB793B737B7997
:1055D000203B7B710023BB734DE03B790C2B0BD13F
:1055E0007A79B97B284813465B0013449B00034437
:1055F0000B441B78FB7307E07A79BB7B23491201CC
:105600000A4413441B78FB7300237B732DE097F946
:105610000F30002B07DA97F82020B979FB7918466C
:10562000FFF76AFF0CE097F82030002B0CBF012336
:105630000023DBB21A46B979FB791846FFF75CFF05
:10564000FB7B5B00FB73BB790133BB71BA793B7B9E
:10565000D21A3B799A4205D13B7BBB71FB7901336E
:10566000FB7105E07B7B01337B737B7B072BCED902
:10567000BB7B0133BB73BA7B3B799A42ADD300BF8E
:1056800000BF1437BD4690BD100201088406010812
:1056900080B584B002AF03463A60FB710B46BB7124
:1056A0001FE0FB797A2B04D90023FB71BB791033FF
:1056B000BB71BB793A2B05D90023FB71FB79BB7118
:1056C000FFF7F4FE3B681A78B979F8790123009363
:1056D0000C23FFF76BFFFB790833FB713B68013349
:1056E0003B603B681B78002BDBD100BF00BF083755
:1056F000BD4680BD80B500AF02F022FC424B1B6F5F
:10570000414A23F0010313673F4B1B6F3E4A23F0CE
:105710000403136702F028FC00224FF480513B4839
:1057200001F0E0FB642000F0E5F801224FF4805125
:10573000364801F0D7FB0021AE20FFF769FE0021BB
:10574000D520FFF765FE00215020FFF761FE002104
:10575000A820FFF75DFE00213F20FFF759FE002142
:10576000D320FFF755FE00210020FFF751FE002156
:105770004020FFF74DFE00218D20FFF749FE00215C
:105780001420FFF745FE00212020FFF741FE0021F5
:105790000220FFF73DFE0021A120FFF739FE002186
:1057A000C020FFF735FE0021DA20FFF731FE00218F
:1057B0001220FFF72DFE00218120FFF729FE002196
:1057C000EF20FFF725FE0021D920FFF721FE002161
:1057D000F120FFF71DFE0021DB20FFF719FE00215D
:1057E0003020FFF715FE0021A420FFF711FE002155
:1057F000A620FFF70DFE0021AF20FFF709FEFFF7FF
:1058000055FE00BF80BD00BF00380240000C0240C2
:1058100080B500AF0E4B1B680D4A43F40073136054
:105820000B4B1B680A4A43F480631360084B1B68E8
:10583000074A43F480731360032000F05BFD0F20E0
:1058400000F008F8FFF726F80023184680BD00BFD7
:10585000003C024080B582B000AF7860124B1A68FD
:10586000124B1B7819464FF47A73B3FBF1F3B2FB7A
:10587000F3F3184600F073FD0346002B01D001231B
:105880000EE07B680F2B0AD8002279684FF0FF30BA
:1058900000F03BFD064A7B681360002300E0012313
:1058A00018460837BD4680BD1000002018000020B3
:1058B0001400002080B400AF064B1B781A46064B3C
:1058C0001B681344044A136000BFBD465DF8047BA7
:1058D000704700BF18000020B80E002080B400AF51
:1058E000034B1B681846BD465DF8047B704700BF3C
:1058F000B80E002080B584B000AF7860FFF7EEFFEF
:10590000B8607B68FB60FB68B3F1FF3F05D00A4BD2
:105910001B781A46FB681344FB6000BFFFF7DEFFED
:105920000246BB68D31AFA689A42F7D800BF00BF94
:105930001037BD4680BD00BF1800002080B584B080
:1059400000AF78600023FB737B68002B01D101233B
:1059500033E07B681B6C002B09D17868FEF7C6FF2B
:105960007B6800225A647B68002283F83C207B68B5
:105970001B6C03F01003002B18D17B681B6C23F405
:10598000885323F0020343F002027B681A647868AC
:1059900000F062FA7B6800225A647B681B6C23F07B
:1059A000030343F001027B681A6401E00123FB73E7
:1059B0007B68002283F83C20FB7B18461037BD46ED
:1059C00080BD000080B588B000AFF860B9607A6033
:1059D00000237B610023FB77FB6893F83C30012BAD
:1059E00001D10223EBE0FB68012283F83C20FB6835
:1059F0001B689B6803F00103012B18D0FB681B6830
:105A00009A68FB681B6842F001029A606E4B1B6843
:105A10006E4AA2FB03239A0C13465B0013447B617E
:105A200002E07B69013B7B617B69002BF9D1FB685C
:105A30001B689B6803F48073B3F5807F07D1FB6814
:105A40001B689A68FB681B6822F480729A60FB6886
:105A50001B689B6803F00103012B40F0A380FB68E7
:105A60001B6C23F4E06323F0010343F48072FB68B2
:105A70001A64FB681B685B6803F48063002B07D023
:105A8000FB681B6C23F4405343F48052FB681A6498
:105A9000FB681B6C03F48053B3F5805F06D1FB6891
:105AA0005B6C23F00602FB685A6402E0FB6800228C
:105AB0005A64FB68002283F83C20454BBB61FB68BD
:105AC0009B6B444ADA63FB689B6B434A1A64FB682E
:105AD0009B6B424ADA64FB681B686FF022021A6013
:105AE000FB681B685A68FB681B6842F080625A605A
:105AF000FB681B689A68FB681B6842F480729A60B6
:105B0000FB68986BFB681B684C331946BA687B6866
:105B100000F0E0FC0346FB77BB695B6803F01F0302
:105B2000002B2AD1FB681B682D4A934215D0FB68D5
:105B30001B682C4A934205D1254B5B6803F01F0379
:105B4000002B0AD0FB681B68274A934236D1204BB2
:105B50005B6803F01003002B30D1FB681B689B6867
:105B600003F04053002B29D1FB681B689A68FB683F
:105B70001B6842F080429A6020E0FB681B68184A6C
:105B800093421BD1FB681B689B6803F04053002BBA
:105B900014D1FB681B689A68FB681B6842F080425E
:105BA0009A600BE0FB681B6C43F01002FB681A6400
:105BB000FB685B6C43F00102FB685A64FB7F18468C
:105BC0002037BD4680BD00BF1000002083DE1B4390
:105BD00000230140516000080B61000827610008A4
:105BE00000200140002101400022014080B483B028
:105BF00000AF786000BF0C37BD465DF8047B70478E
:105C000080B483B000AF786000BF0C37BD465DF84C
:105C1000047B704780B485B000AF786039600023A2
:105C2000BB607B6893F83C30012B01D1022305E176
:105C30007B68012283F83C203B681B68092B25D92F
:105C40007B681B68D9683B681B689BB21A46134681
:105C50005B0013441E3B072202FA03F3DA437B681E
:105C60001B680A40DA607B681B68D9683B689A68E1
:105C70003B681B689BB2184603465B0003441E3B0F
:105C80009A407B681B680A43DA6022E07B681B68E5
:105C900019693B681B689BB21A4613465B001344A4
:105CA000072202FA03F3DA437B681B680A401A6191
:105CB0007B681B6819693B689A683B681B689BB2E4
:105CC000184603465B0003449A407B681B680A43FE
:105CD0001A613B685B68062B24D87B681B68596B8C
:105CE0003B685A6813469B001344053B1F2202FA87
:105CF00003F3DA437B681B680A405A637B681B68BE
:105D0000596B3B681B689BB218463B685A68134640
:105D10009B001344053B00FA03F27B681B680A43AF
:105D20005A634CE03B685B680C2B24D87B681B688B
:105D3000196B3B685A6813469B001344233B1F2290
:105D400002FA03F3DA437B681B680A401A637B6834
:105D50001B68196B3B681B689BB218463B685A6806
:105D600013469B001344233B00FA03F27B681B6835
:105D70000A431A6323E07B681B68D96A3B685A6848
:105D800013469B001344413B1F2202FA03F3DA43FC
:105D90007B681B680A40DA627B681B68D96A3B68CB
:105DA0001B689BB218463B685A6813469B00134415
:105DB000413B00FA03F27B681B680A43DA62224B1C
:105DC000FB607B681B68214A934209D13B681B68D2
:105DD000122B05D1FB685B6843F48002FB685A60B4
:105DE0007B681B68194A934223D13B681B68102BC0
:105DF00003D03B681B68112B1BD1FB685B6843F425
:105E00000002FB685A603B681B68102B11D1104BD5
:105E10001B68104AA2FB03239A0C13469B001344F1
:105E20005B00BB6002E0BB68013BBB60BB68002B52
:105E3000F9D17B68002283F83C20002318461437F0
:105E4000BD465DF8047B70470023014000200140FF
:105E50001000002083DE1B4380B485B000AF786063
:105E6000794BFB60FB685B6823F44032FB685A6047
:105E7000FB685A687B685B681A43FB685A607B68FA
:105E80001B685A687B681B6822F480725A607B68C2
:105E90001B6859687B681B691A027B681B680A4388
:105EA0005A607B681B685A687B681B6822F04072E6
:105EB0005A607B681B6859687B689A687B681B68B6
:105EC0000A435A607B681B689A687B681B6822F4E7
:105ED00000629A607B681B6899687B68DA687B68F7
:105EE0001B680A439A607B689B6A584A934222D097
:105EF0007B681B689A687B681B6822F070629A60F6
:105F00007B681B6899687B689A6A7B681B680A4390
:105F10009A607B681B689A687B681B6822F0405215
:105F20009A607B681B6899687B68DA6A7B681B6883
:105F30000A439A600FE07B681B689A687B681B685D
:105F400022F070629A607B681B689A687B681B68A5
:105F500022F040529A607B681B689A687B681B68D5
:105F600022F002029A607B681B6899687B681B7E3E
:105F70005A007B681B680A439A607B6893F820305C
:105F8000002B1BD07B681B685A687B681B6842F437
:105F900000625A607B681B685A687B681B6822F441
:105FA00060425A607B681B6859687B685B6A013B8A
:105FB0005A037B681B680A435A6007E07B681B68CA
:105FC0005A687B681B6822F400625A607B681B6811
:105FD000DA6A7B681B6822F47002DA627B681B68ED
:105FE000D96A7B68DB69013B1A057B681B680A4339
:105FF000DA627B681B689A687B681B6822F400720F
:106000009A607B681B6899687B6893F830305A0205
:106010007B681B680A439A607B681B689A687B6888
:106020001B6822F480629A607B681B6899687B68B1
:106030005B699A027B681B680A439A6000BF143749
:10604000BD465DF8047B7047002301400100000F4E
:1060500080B584B000AF78607B689B6BFB60FB68A9
:106060001B6C03F05003002B3CD1FB681B6C43F40A
:106070000072FB681A64FB681B689B6803F040535E
:10608000002B2BD1FB681B7E002B27D1FB681B68E4
:10609000DB6A03F47003002B06D0FB681B689B6867
:1060A00003F48063002B19D1FB681B685A68FB68F6
:1060B0001B6822F020025A60FB681B6C23F480727C
:1060C000FB681A64FB681B6C03F48053002B05D13A
:1060D000FB681B6C43F00102FB681A64F868FCF76C
:1060E000DFFD0EE0FB681B6C03F01003002B03D0F8
:1060F000F868FFF785FD04E0FB689B6BDB6C786854
:10610000984700BF1037BD4680BD80B584B000AF52
:1061100078607B689B6BFB60F868FFF767FD00BFEA
:106120001037BD4680BD80B584B000AF78607B6815
:106130009B6BFB60FB6840221A64FB685B6C43F05E
:106140000402FB685A64F868FFF75AFD00BF103775
:10615000BD4680BD80B485B000AF78607B6803F039
:106160000703FB600C4BDB68BB60BA684FF6FF03AC
:106170001340BB60FB681A02BB68134343F0BF6364
:1061800043F40033BB60044ABB68D36000BF1437DC
:10619000BD465DF8047B704700ED00E080B400AFC1
:1061A000044BDB681B0A03F007031846BD465DF885
:1061B000047B704700ED00E080B483B000AF03467D
:1061C000FB7197F90730002B0BDBFB7903F01F0203
:1061D000074997F907305B09012000FA02F241F8FC
:1061E000232000BF0C37BD465DF8047B704700BF1D
:1061F00000E100E080B483B000AF03463960FB717A
:1062000097F90730002B0ADB3B68DAB20C4997F9A3
:1062100007301201D2B20B4483F800230AE03B6836
:10622000DAB20849FB7903F00F03043B1201D2B242
:106230000B441A7600BF0C37BD465DF8047B7047EF
:1062400000E100E000ED00E080B489B000AFF8604C
:10625000B9607A60FB6803F00703FB61FB69C3F177
:106260000703042B28BF0423BB61FB690433062BFF
:1062700002D9FB69033B00E000237B614FF0FF3252
:10628000BB6902FA03F3DA43BB681A407B699A40A0
:106290004FF0FF317B6901FA03F3D9437B680B4070
:1062A000134318462437BD465DF8047B7047000051
:1062B00080B582B000AF78607B68013BB3F1807F2E
:1062C00001D301230FE00A4A7B68013B53600F2191
:1062D0004FF0FF30FFF78EFF054B00229A60044B12
:1062E00007221A60002318460837BD4680BD00BF4C
:1062F00010E000E080B582B000AF78607868FFF70A
:1063000029FF00BF0837BD4680BD80B586B000AF0D
:106310000346B9607A60FB7300237B61FFF73EFFA1
:1063200078617A68B9687869FFF78EFF024697F955
:106330000F3011461846FFF75DFF00BF1837BD4606
:1063400080BD80B582B000AF0346FB7197F907307E
:106350001846FFF731FF00BF0837BD4680BD80B546
:1063600082B000AF78607868FFF7A2FF0346184656
:106370000837BD4680BD000080B586B000AF7860AC
:1063800000237B61FFF7AAFA38617B68002B01D1FB
:10639000012399E07B68022283F835207B68002284
:1063A00083F834207B681B681A687B681B6822F0BE
:1063B00001021A600FE0FFF791FA02463B69D31A17
:1063C000052B08D97B6820225A657B68032283F855
:1063D0003520032378E07B681B681B6803F001030A
:1063E000002BE8D17B681B681B687B617A69384B9E
:1063F00013407B617B685A687B689B681A437B68A3
:10640000DB681A437B681B691A437B685B691A4324
:106410007B689B691A437B68DB691A437B681B6A4C
:1064200013437A6913437B617B685B6A042B07D152
:106430007B68DA6A7B681B6B13437A6913437B6161
:106440007B681B687A691A607B681B685B697B6183
:106450007B6923F007037B617B685B6A7A6913437E
:106460007B617B685B6A042B17D17B689B6A7A69C6
:1064700013437B617B68DB6A002B0ED0786800F0E9
:1064800001FB0346002B08D07B6840225A657B68DD
:10649000012283F83520012316E07B681B687A69A6
:1064A0005A61786800F0B8FA0346FB607B68DB6DE0
:1064B0003F229A40FB689A607B6800225A657B689D
:1064C000012283F83520002318461837BD4680BDC9
:1064D0003F8010F080B586B000AFF860B9607A6098
:1064E0003B600023FB75FB689B6D3B61FB6893F889
:1064F0003430012B01D1022340E0FB68012283F8F4
:106500003420FB6893F83530DBB2012B2FD1FB68C8
:10651000022283F83520FB6800225A653B687A68BE
:10652000B968F86800F04AFAFB68DB6D3F229A40D0
:106530003B699A60FB681B681A68FB681B6842F03D
:1065400016021A60FB681B6C002B07D0FB681B68E7
:106550001A68FB681B6842F008021A60FB681B6837
:106560001A68FB681B6842F001021A6005E0FB68CC
:10657000002283F834200223FB75FB7D1846183770
:10658000BD4680BD80B584B000AF78607B689B6DF0
:10659000FB60FFF7A3F9B8607B6893F83530DBB296
:1065A000022B08D07B6880225A657B68002283F822
:1065B0003420012352E07B681B681A687B681B68E3
:1065C00022F016021A607B681B685A697B681B6898
:1065D00022F080025A617B681B6C002B03D17B6820
:1065E0009B6C002B07D07B681B681A687B681B6854
:1065F00022F008021A607B681B681A687B681B68B7
:1066000022F001021A6013E0FFF768F90246BB6846
:10661000D31A052B0CD97B6820225A657B6803228C
:1066200083F835207B68002283F83420032315E0AB
:106630007B681B681B6803F00103002BE4D17B68B7
:10664000DB6D3F229A40FB689A607B68012283F8E9
:1066500035207B68002283F8342000231846103749
:10666000BD4680BD80B483B000AF78607B6893F88E
:106670003530DBB2022B04D07B6880225A650123BF
:106680000CE07B68052283F835207B681B681A685C
:106690007B681B6822F001021A60002318460C3741
:1066A000BD465DF8047B704780B586B000AF78606A
:1066B0000023BB608E4B1B688E4AA2FB03239B0A00
:1066C0007B617B689B6D3B613B691B68FB607B6802
:1066D000DB6D08229A40FB681340002B1AD07B68C0
:1066E0001B681B6803F00403002B13D07B681B6836
:1066F0001A687B681B6822F004021A607B68DB6DF5
:1067000008229A403B699A607B685B6D43F0010206
:106710007B685A657B68DB6D01229A40FB681340F9
:10672000002B12D07B681B685B6903F08003002B91
:106730000BD07B68DB6D01229A403B699A607B68D5
:106740005B6D43F002027B685A657B68DB6D042257
:106750009A40FB681340002B12D07B681B681B68B3
:1067600003F00203002B0BD07B68DB6D04229A4000
:106770003B699A607B685B6D43F004027B685A65F5
:106780007B68DB6D10229A40FB681340002B43D0DE
:106790007B681B681B6803F00803002B3CD07B68F8
:1067A000DB6D10229A403B699A607B681B681B680E
:1067B00003F48023002B18D07B681B681B6803F44C
:1067C0000023002B08D17B681B6C002B24D07B6836
:1067D0001B6C786898471FE07B689B6C002B1BD074
:1067E0007B689B6C7868984716E07B681B681B6821
:1067F00003F48073002B07D17B681B681A687B68E1
:106800001B6822F008021A607B681B6C002B03D007
:106810007B681B6C786898477B68DB6D20229A4008
:10682000FB681340002B00F08F807B681B681B689F
:1068300003F01003002B00F087807B68DB6D2022C3
:106840009A403B699A607B6893F83530DBB2052B40
:1068500036D17B681B681A687B681B6822F01602B9
:106860001A607B681B685A697B681B6822F080028B
:106870005A617B681B6C002B03D17B689B6C002BDF
:1068800007D07B681B681A687B681B6822F00802C7
:106890001A607B68DB6D3F229A403B699A607B6897
:1068A000012283F835207B68002283F834207B683E
:1068B0001B6D002B7ED07B681B6D7868984779E054
:1068C0007B681B681B6803F48023002B1DD07B684A
:1068D0001B681B6803F40023002B0DD17B685B6CE5
:1068E000002B31D07B685B6C786898472CE000BF48
:1068F00010000020B5814E1B7B68DB6B002B23D082
:106900007B68DB6B786898471EE07B681B681B68B8
:1069100003F48073002B0FD17B681B681A687B68B7
:106920001B6822F010021A607B68012283F8352070
:106930007B68002283F834207B68DB6B002B03D05C
:106940007B68DB6B786898477B685B6D002B32D087
:106950007B685B6D03F00103002B22D07B6805226E
:1069600083F835207B681B681A687B681B6822F0F7
:1069700001021A60BB680133BB607A699A4207D38F
:106980007B681B681B6803F00103002BF2D100E059
:1069900000BF7B68012283F835207B68002283F8E2
:1069A00034207B68DB6C002B05D07B68DB6C78685F
:1069B000984700E000BF1837BD4680BD80B485B061
:1069C00000AFF860B9607A603B60FB681B681A68CA
:1069D000FB681B6822F480221A60FB681B683A6817
:1069E0005A60FB689B68402B08D1FB681B687A687B
:1069F0009A60FB681B68BA68DA6007E0FB681B688E
:106A0000BA689A60FB681B687A68DA6000BF14375E
:106A1000BD465DF8047B704780B485B000AF7860F8
:106A20007B681B68DBB2103B144AA2FB03231B09E3
:106A3000FB60134AFB6813441B781A467B68DA65CF
:106A4000FB68032B09D97B681B6823F47F7323F051
:106A500003031A1D7B689A6507E07B681B6823F4B3
:106A60007F7323F003037A6893657B689B6D1846F8
:106A70001437BD465DF8047B704700BFABAAAAAAD5
:106A8000740C010880B485B000AF78600023FB73FC
:106A90007B689B6ABB607B689B69002B1FD1BB68CE
:106AA000032B56D801A252F823F000BFBD6A00089C
:106AB000CF6A0008BD6A0008536B00087B68DB6A78
:106AC00003F08073002B46D00123FB7343E07B6807
:106AD000DB6AB3F1C07F40D10123FB733DE07B68EB
:106AE0009B69B3F5005F21D1BB68032B37D801A2A6
:106AF00052F823F0056B00080B6B0008056B0008CB
:106B00001D6B00080123FB7330E07B68DB6A03F038
:106B10008073002B25D00123FB7322E07B68DB6AA6
:106B2000B3F1C07F1FD10123FB731CE0BB68022BB4
:106B300003D9BB68032B03D018E00123FB7315E0D6
:106B40007B68DB6A03F08073002B0ED00123FB739C
:106B50000BE000BF0AE000BF08E000BF06E000BF96
:106B600004E000BF02E000BF00E000BFFB7B18466E
:106B70001437BD465DF8047B704700BF80B489B010
:106B800000AF7860396000237B6100233B61002304
:106B9000BB610023FB616BE10122FB6902FA03F395
:106BA0007B613B681B687A6913403B613A697B698A
:106BB0009A4240F05A813B685B6803F00303012B63
:106BC00005D03B685B6803F00303022B30D17B6880
:106BD0009B68BB61FB695B00032202FA03F3DB43A2
:106BE000BA691340BB613B68DA68FB695B0002FA73
:106BF00003F3BA691343BB617B68BA699A607B6827
:106C00005B68BB610122FB6902FA03F3DB43BA69EB
:106C10001340BB613B685B681B0903F00102FB6921
:106C200002FA03F3BA691343BB617B68BA695A601D
:106C30003B685B6803F00303032B17D07B68DB68BA
:106C4000BB61FB695B00032202FA03F3DB43BA6911
:106C50001340BB613B689A68FB695B0002FA03F36F
:106C6000BA691343BB617B68BA69DA603B685B68E9
:106C700003F00303022B23D1FB69DA087B68083297
:106C800053F82230BB61FB6903F007039B000F221E
:106C900002FA03F3DB43BA691340BB613B681A692C
:106CA000FB6903F007039B0002FA03F3BA6913437D
:106CB000BB61FB69DA087B680832B96943F82210C6
:106CC0007B681B68BB61FB695B00032202FA03F36C
:106CD000DB43BA691340BB613B685B6803F00302A6
:106CE000FB695B0002FA03F3BA691343BB617B687B
:106CF000BA691A603B685B6803F44033002B00F00C
:106D0000B4800023FB60604B5B6C5F4A43F48043BC
:106D100053645D4B5B6C03F48043FB60FB685B4A30
:106D2000FB699B08023352F82330BB61FB6903F017
:106D300003039B000F2202FA03F3DB43BA691340FB
:106D4000BB617B68524A93422BD07B68514A934285
:106D500025D07B68504A93421FD07B684F4A9342AC
:106D600019D07B684E4A934213D07B684D4A9342B8
:106D70000DD07B684C4A934207D07B684B4A9342C4
:106D800001D107230EE008230CE006230AE00523C7
:106D900008E0042306E0032304E0022302E00123C9
:106DA00000E00023FA6902F0030292009340BA69FE
:106DB0001343BB613549FB699B080233BA6941F84B
:106DC00023203B4B9B68BB613B69DB43BA691340A3
:106DD000BB613B685B6803F48013002B03D0BA6986
:106DE0003B691343BB61324ABB699360304BDB683C
:106DF000BB613B69DB43BA691340BB613B685B68BD
:106E000003F40013002B03D0BA693B691343BB6141
:106E1000274ABB69D360264B5B68BB613B69DB4398
:106E2000BA691340BB613B685B6803F40033002B15
:106E300003D0BA693B691343BB611D4ABB69536008
:106E40001B4B1B68BB613B69DB43BA691340BB61E9
:106E50003B685B6803F48033002B03D0BA693B695D
:106E60001343BB61124ABB691360FB690133FB61C9
:106E7000FB690F2B7FF690AE00BF00BF2437BD46E5
:106E80005DF8047B704700BF0038024000380140C5
:106E9000000002400004024000080240000C0240D2
:106EA000001002400014024000180240001C024082
:106EB000003C014080B485B000AF78600B467B8019
:106EC0007B681A697B881340002B02D00123FB7377
:106ED00001E00023FB73FB7B18461437BD465DF8C9
:106EE000047B704780B483B000AF78600B467B8032
:106EF00013467B707B78002B03D07A887B689A617D
:106F000003E07B881A047B689A6100BF0C37BD469A
:106F10005DF8047B704780B485B000AF78600B46A5
:106F20007B807B685B69FB607A88FB6813401A048E
:106F3000FB68D9437B880B401A437B689A6100BF8A
:106F40001437BD465DF8047B7047000080B584B0FF
:106F500000AF78607B68002B01D101232BE17B68B7
:106F600093F83D30DBB2002B06D17B68002283F81A
:106F70003C207868FDF732FD7B68242283F83D20B1
:106F80007B681B681A687B681B6822F001021A6024
:106F90007B681B681A687B681B6842F400421A60B1
:106FA0007B681B681A687B681B6822F400421A60C1
:106FB00001F01CFCF8607B685B68814A934207D84B
:106FC000FB68804A934294BF01230023DBB206E0B2
:106FD000FB687D4A934294BF01230023DBB2002B60
:106FE00001D00123E7E0FB68784AA2FB03239B0C56
:106FF000BB607B681B685B6823F03F017B681B6894
:10700000BA680A435A607B681B681B6A23F03F0119
:107010007B685B686A4A934202D8BB68013309E027
:10702000BB684FF4967202FB03F3694AA2FB032389
:107030009B0901337A6812680B4313627B681B68F3
:10704000DB6923F44F4222F0FF027B685B685C49F6
:107050008B4219D8FB68591E7B685B685B00B1FBEB
:10706000F3F3591C40F6FC730B40002B0AD0FB686D
:10707000591E7B685B685B00B1FBF3F30133C3F31C
:107080000B0351E004234FE07B689B68002B11D178
:10709000FB68581E7B6859680B465B000B44B0FBCD
:1070A000F3F30133C3F30B03002B0CBF01230023C5
:1070B000DBB212E0FB68581E7B6859680B469B00E8
:1070C0000B4499000B44B0FBF3F30133C3F30B0300
:1070D000002B0CBF01230023DBB2002B01D00123C6
:1070E00022E07B689B68002B0ED1FB68581E7B68F2
:1070F00059680B465B000B44B0FBF3F30133C3F359
:107100000B0343F400430FE0FB68581E7B6859688B
:107110000B469B000B4499000B44B0FBF3F3013387
:10712000C3F30B0343F44043796809681343CB610D
:107130007B681B681B6823F0C0017B68DA697B6889
:107140001B6A1A437B681B680A431A607B681B68CA
:107150009B6823F4034323F0FF037A6811697A687C
:10716000D26811437A6812680B4393607B681B688E
:10717000DB6823F0FF017B685A697B689B691A43CF
:107180007B681B680A43DA607B681B681A687B6847
:107190001B6842F001021A607B6800221A647B6857
:1071A000202283F83D207B6800221A637B6800223E
:1071B00083F83E20002318461037BD4680BD00BF2F
:1071C000A08601007F841E00FF083D0083DE1B4374
:1071D000D34D621080B588B002AFF8607A601A466D
:1071E0000B467B8113463B81FEF778FB7861FB6899
:1071F00093F83D30DBB2202B40F0E0807B690093B8
:10720000192301227049F86800F064FC0346002B42
:1072100001D00223D3E0FB6893F83C30012B01D16D
:107220000223CCE0FB68012283F83C20FB681B684A
:107230001B6803F00103012B07D0FB681B681A6869
:10724000FB681B6842F001021A60FB681B681A6841
:10725000FB681B6822F400621A60FB68212283F835
:107260003D20FB68102283F83E20FB6800221A6450
:10727000FB687A685A62FB683A895A85FB685B8DBD
:107280009AB2FB681A85FB68504ADA6279897B6991
:107290003A6AF86800F0CEFA0346002B01D00123C9
:1072A0008DE000233B61FB681B685B693B61FB6809
:1072B0001B689B693B613B6966E07A69396AF868DB
:1072C00000F022FD0346002B0DD0FB681B6C042B45
:1072D00007D1FB681B681A68FB681B6842F40072E0
:1072E0001A6001236BE0FB685B6A1A78FB681B6815
:1072F0001A61FB685B6A5A1CFB685A62FB685B8D0B
:107300009BB2013B9AB2FB685A85FB681B8D013B1F
:107310009AB2FB681A85FB681B685B6903F004037B
:10732000042B1BD1FB681B8D002B17D0FB685B6AFD
:107330001A78FB681B681A61FB685B6A5A1CFB6859
:107340005A62FB685B8D9BB2013B9AB2FB685A851F
:10735000FB681B8D013B9AB2FB681A857A69396A12
:10736000F86800F019FD0346002B0DD0FB681B6C7C
:10737000042B07D1FB681B681A68FB681B6842F482
:1073800000721A6001231AE0FB681B8D002B94D158
:10739000FB681B681A68FB681B6842F400721A607D
:1073A000FB68202283F83D20FB68002283F83E2002
:1073B000FB68002283F83C20002300E002231846EB
:1073C0001837BD4680BD00BF020010000000FFFF5F
:1073D00080B58CB002AFF8607A601A460B467B81AC
:1073E00013463B81FEF77AFA7862FB6893F83D30EA
:1073F000DBB2202B40F017827B6A00931923012215
:107400007C49F86800F066FB0346002B01D002239C
:107410000AE2FB6893F83C30012B01D1022303E21E
:10742000FB68012283F83C20FB681B681B6803F0A3
:107430000103012B07D0FB681B681A68FB681B68F7
:1074400042F001021A60FB681B681A68FB681B683F
:1074500022F400621A60FB68222283F83D20FB6858
:10746000102283F83E20FB6800221A64FB687A68C9
:107470005A62FB683A895A85FB685B8D9AB2FB6851
:107480001A85FB685C4ADA6279897B6A3A6BF8682C
:1074900000F052FA0346002B01D00123C4E1FB683F
:1074A0001B8D002B13D100233B62FB681B685B69BB
:1074B0003B62FB681B689B693B623B6AFB681B681D
:1074C0001A68FB681B6842F400721A6098E1FB6856
:1074D0001B8D012B1BD1FB681B681A68FB681B689E
:1074E00022F480621A600023FB61FB681B685B6901
:1074F000FB61FB681B689B69FB61FB69FB681B68A0
:107500001A68FB681B6842F400721A6078E1FB6835
:107510001B8D022B1BD1FB681B681A68FB681B685C
:1075200022F480621A60FB681B681A68FB681B689B
:1075300042F400621A600023BB61FB681B685B6950
:10754000BB61FB681B689B69BB61BB6958E1FB6859
:107550001B681A68FB681B6842F480621A6000238B
:107560007B61FB681B685B697B61FB681B689B69CF
:107570007B617B6944E1FB681B8D032B00F2F1808A
:10758000FB681B8D012B23D17A6A396BF86800F0F8
:107590004BFC0346002B01D0012345E1FB681B682F
:1075A0001A69FB685B6AD2B21A70FB685B6A5A1C84
:1075B000FB685A62FB681B8D013B9AB2FB681A8517
:1075C000FB685B8D9BB2013B9AB2FB685A8517E161
:1075D000FB681B8D022B4ED17B6A00933B6B002214
:1075E0000649F86800F076FA0346002B08D001231C
:1075F0001AE100BF020010000000FFFF04000100BC
:10760000FB681B681A68FB681B6842F400721A600A
:10761000FB681B681A69FB685B6AD2B21A70FB6868
:107620005B6A5A1CFB685A62FB681B8D013B9AB26D
:10763000FB681A85FB685B8D9BB2013B9AB2FB68C5
:107640005A85FB681B681A69FB685B6AD2B21A70BC
:10765000FB685B6A5A1CFB685A62FB681B8D013B26
:107660009AB2FB681A85FB685B8D9BB2013B9AB2AC
:10767000FB685A85C4E07B6A00933B6B00226C492F
:10768000F86800F027FA0346002B01D00123CBE075
:10769000FB681B681A68FB681B6822F480621A602A
:1076A000FB681B681A69FB685B6AD2B21A70FB68D8
:1076B0005B6A5A1CFB685A62FB681B8D013B9AB2DD
:1076C000FB681A85FB685B8D9BB2013B9AB2FB6835
:1076D0005A857B6A00933B6B00225549F86800F09D
:1076E000F9F90346002B01D001239DE0FB681B68DC
:1076F0001A68FB681B6842F400721A60FB681B681A
:107700001A69FB685B6AD2B21A70FB685B6A5A1C22
:10771000FB685A62FB681B8D013B9AB2FB681A85B5
:10772000FB685B8D9BB2013B9AB2FB685A85FB6894
:107730001B681A69FB685B6AD2B21A70FB685B6AE5
:107740005A1CFB685A62FB681B8D013B9AB2FB68AE
:107750001A85FB685B8D9BB2013B9AB2FB685A8528
:107760004EE07A6A396BF86800F05EFB0346002B46
:1077700001D0012358E0FB681B681A69FB685B6A4B
:10778000D2B21A70FB685B6A5A1CFB685A62FB68CB
:107790001B8D013B9AB2FB681A85FB685B8D9BB21F
:1077A000013B9AB2FB685A85FB681B685B6903F072
:1077B0000403042B24D1FB681B8D032B07D1FB682A
:1077C0001B681A68FB681B6822F480621A60FB68F9
:1077D0001B681A69FB685B6AD2B21A70FB685B6A45
:1077E0005A1CFB685A62FB681B8D013B9AB2FB680E
:1077F0001A85FB685B8D9BB2013B9AB2FB685A8588
:10780000FB681B8D002B7FF4B6AEFB68202283F84B
:107810003D20FB68002283F83E20FB68002283F8AD
:107820003C20002300E0022318462837BD4680BDD7
:107830000400010080B588B002AFF8607A603B6058
:107840000B467B81FB68DB6A7B617B69082B06D07A
:107850007B69012B03D07B6913F5803F08D1FB685E
:107860001B681A68FB681B6842F480721A600BE0A0
:10787000FB681B6B122B07D1FB681B681A68FB683F
:107880001B6842F480721A603B6800937B68002298
:107890004FF00111F86800F01DF90346002B0DD0E0
:1078A000FB681B681B6803F48073B3F5807F03D10A
:1078B000FB684FF400721A64032335E0FB681B6910
:1078C000B3F5804F08D17B89DBB21A46FB681B6891
:1078D00002F0FE021A611BE07B89DB11DBB203F0D0
:1078E0000603DBB263F00F03DAB2FB681B681A61B0
:1078F0003B687A680E49F86800F066F90346002B89
:1079000001D0012310E07B89DAB2FB681B681A61A1
:107910003B687A680749F86800F056F90346002B7F
:1079200001D0012300E0002318461837BD4680BD72
:10793000080001000200010080B588B002AFF860C5
:107940007A603B600B467B81FB68DB6A7B61FB688E
:107950001B681A68FB681B6842F480621A607B69C6
:10796000082B06D07B69012B03D07B6913F5803F80
:1079700008D1FB681B681A68FB681B6842F48072B8
:107980001A600BE0FB681B6B112B07D1FB681B68AF
:107990001A68FB681B6842F480721A603B680093A7
:1079A0007B6800224FF00111F86800F093F803465D
:1079B000002B0DD0FB681B681B6803F48073B3F5C4
:1079C000807F03D1FB684FF400721A64032379E0CF
:1079D000FB681B69B3F5804F08D17B89DBB243F0AC
:1079E0000103DAB2FB681B681A615FE07B89DB1177
:1079F000DBB203F00603DBB263F00F03DAB2FB681D
:107A00001B681A613B687A683049F86800F0DCF856
:107A10000346002B01D0012354E07B89DAB2FB68D6
:107A20001B681A613B687A682949F86800F0CCF84D
:107A30000346002B01D0012344E000233B61FB6897
:107A40001B685B693B61FB681B689B693B613B6929
:107A5000FB681B681A68FB681B6842F480721A6036
:107A60003B6800937B6800224FF00111F86800F03A
:107A700031F80346002B0DD0FB681B681B6803F42C
:107A80008073B3F5807F03D1FB684FF400721A64F2
:107A9000032317E07B89DB11DBB203F00603DBB2C3
:107AA00063F00E03DAB2FB681B681A613B687A6800
:107AB0000749F86800F088F80346002B01D001233D
:107AC00000E0002318461837BD4680BD08000100BD
:107AD0000200010080B584B000AFF860B9603B607F
:107AE0001346FB7148E03B68B3F1FF3F44D0FDF71C
:107AF000F5FE0246BB69D31A3A689A4202D33B6844
:107B0000002B39D1BB681B0CDBB2012B0DD1FB68FC
:107B10001B685B69DA43BB6813409BB2002B0CBF48
:107B200001230023DBB21A460CE0FB681B689B694B
:107B3000DA43BB6813409BB2002B0CBF0123002328
:107B4000DBB21A46FB799A4216D1FB6800221A630F
:107B5000FB68202283F83D20FB68002283F83E204A
:107B6000FB681B6C43F02002FB681A64FB68002270
:107B700083F83C20012323E0BB681B0CDBB2012B04
:107B80000DD1FB681B685B69DA43BB6813409BB28D
:107B9000002B0CBF01230023DBB21A460CE0FB686C
:107BA0001B689B69DA43BB6813409BB2002B0CBF78
:107BB00001230023DBB21A46FB799A4293D00023BB
:107BC00018461037BD4680BD80B584B000AFF86060
:107BD000B9607A603B6071E0FB681B685B6903F425
:107BE0008063B3F5806F23D1FB681B681A68FB685C
:107BF0001B6842F400721A60FB681B686FF48062B5
:107C00005A61FB6800221A63FB68202283F83D203A
:107C1000FB68002283F83E20FB681B6C43F00402E3
:107C2000FB681A64FB68002283F83C20012367E0AC
:107C30007B68B3F1FF3F41D0FDF750FE02463B6841
:107C4000D31A7A689A4202D37B68002B36D1BB687C
:107C50001B0CDBB2012B0CD1FB681B685B69DA43A0
:107C6000BB6813409BB2002B14BF01230023DBB27F
:107C70000BE0FB681B689B69DA43BB6813409BB24F
:107C8000002B14BF01230023DBB2002B16D0FB68AE
:107C900000221A63FB68202283F83D20FB68002243
:107CA00083F83E20FB681B6C43F02002FB681A64DB
:107CB000FB68002283F83C20012321E0BB681B0CF9
:107CC000DBB2012B0CD1FB681B685B69DA43BB6834
:107CD00013409BB2002B14BF01230023DBB20BE047
:107CE000FB681B689B69DA43BB6813409BB2002B9F
:107CF00014BF01230023DBB2002B7FF46DAF002300
:107D000018461037BD4680BD80B584B000AFF8601E
:107D1000B9607A6034E0F86800F0E3F80346002BBD
:107D200001D0012334E0BB68B3F1FF3F28D0FDF759
:107D3000D5FD02467B68D31ABA689A4202D3BB6863
:107D4000002B1DD1FB681B685B6903F08003802B4F
:107D500016D0FB6800221A63FB68202283F83D20BE
:107D6000FB68002283F83E20FB681B6C43F0200276
:107D7000FB681A64FB68002283F83C20012307E0BB
:107D8000FB681B685B6903F08003802BC3D1002371
:107D900018461037BD4680BD80B584B000AFF8608E
:107DA000B9607A6034E0F86800F09BF80346002B75
:107DB00001D0012334E0BB68B3F1FF3F28D0FDF7C9
:107DC0008DFD02467B68D31ABA689A4202D3BB681B
:107DD000002B1DD1FB681B685B6903F00403042BB7
:107DE00016D0FB6800221A63FB68202283F83D202E
:107DF000FB68002283F83E20FB681B6C43F02002E6
:107E0000FB681A64FB68002283F83C20012307E02A
:107E1000FB681B685B6903F00403042BC3D10023D8
:107E200018461037BD4680BD80B584B000AFF860FD
:107E3000B9607A6049E0FB681B685B6903F0100376
:107E4000102B19D1FB681B686FF010025A61FB6898
:107E500000221A63FB68202283F83D20FB68002281
:107E600083F83E20FB681A6CFB681A64FB680022EA
:107E700083F83C20012330E0FDF730FD02467B68AB
:107E8000D31ABA689A4202D3BB68002B1DD1FB6893
:107E90001B685B6903F04003402B16D0FB6800228F
:107EA0001A63FB68202283F83D20FB68002283F8D8
:107EB0003E20FB681B6C43F02002FB681A64FB68E1
:107EC000002283F83C20012307E0FB681B685B6904
:107ED00003F04003402BAED1002318461037BD46B7
:107EE00080BD80B483B000AF78607B681B685B693D
:107EF00003F48063B3F5806F1BD17B681B686FF45C
:107F000080625A617B6800221A637B68202283F8B2
:107F10003D207B68002283F83E207B681B6C43F089
:107F200004027B681A647B68002283F83C200123EA
:107F300000E0002318460C37BD465DF8047B70470F
:107F400080B483B000AF064B01221A60054B1B685A
:107F50007B607B6800BF0C37BD465DF8047B7047D3
:107F600020000E420070004080B483B000AF064B8A
:107F700000221A60054B1B687B607B6800BF0C37D2
:107F8000BD465DF8047B704720000E420070004043
:107F900080B586B000AF78607B68002B01D10123EB
:107FA00067E27B681B6803F00103002B75D0884BE8
:107FB0009B6803F00C03042B0CD0854B9B6803F0EB
:107FC0000C03082B12D1824B5B6803F48003B3F5DA
:107FD000800F0BD17E4B1B6803F40033002B5BD06A
:107FE0007B685B68002B57D1012342E27B685B68AA
:107FF000B3F5803F06D1764B1B68754A43F4803356
:1080000013601DE07B685B68B3F5A02F0CD1704B4B
:108010001B686F4A43F4802313606D4B1B686C4AE6
:1080200043F4803313600BE0694B1B68684A23F408
:1080300080331360664B1B68654A23F4802313600A
:108040007B685B68002B13D0FDF748FC386108E0C3
:10805000FDF744FC02463B69D31A642B01D9032384
:1080600007E25B4B1B6803F40033002BF0D014E0F5
:10807000FDF734FC386108E0FDF730FC02463B694F
:10808000D31A642B01D90323F3E1514B1B6803F48A
:108090000033002BF0D100E000BF7B681B6803F0C9
:1080A0000203002B63D04A4B9B6803F00C03002BA8
:1080B0000BD0474B9B6803F00C03082B1CD1444B9F
:1080C0005B6803F48003002B16D1414B1B6803F05F
:1080D0000203002B05D07B68DB68012B01D0012354
:1080E000C7E13B4B1B6823F0F8027B681B69DB0090
:1080F000374913430B603AE07B68DB68002B20D0E4
:10810000344B01221A60FDF7E9FB386108E0FDF706
:10811000E5FB02463B69D31A022B01D90323A8E1F0
:108120002B4B1B6803F00203002BF0D0284B1B687D
:1081300023F0F8027B681B69DB00254913430B60C1
:1081400015E0244B00221A60FDF7C8FB386108E0F7
:10815000FDF7C4FB02463B69D31A022B01D9032366
:1081600087E11B4B1B6803F00203002BF0D17B68F7
:108170001B6803F00803002B36D07B685B69002B7B
:1081800016D0154B01221A60FDF7A8FB386108E0F4
:10819000FDF7A4FB02463B69D31A022B01D9032346
:1081A00067E10B4B5B6F03F00203002BF0D01BE089
:1081B000094B00221A60FDF791FB38610EE0FDF7D4
:1081C0008DFB02463B69D31A022B07D9032350E1EA
:1081D0000038024000004742800E4742884B5B6FE8
:1081E00003F00203002BEAD17B681B6803F0040351
:1081F000002B00F097800023FB75814B1B6C03F074
:108200008053002B0FD10023BB607D4B1B6C7C4A3D
:1082100043F0805313647A4B1B6C03F08053BB60B4
:10822000BB680123FB75774B1B6803F48073002B3D
:1082300018D1744B1B68734A43F480731360FDF7C5
:108240004DFB386108E0FDF749FB02463B69D31A54
:10825000022B01D903230CE16A4B1B6803F48073E2
:10826000002BF0D07B689B68012B06D1644B1B6F01
:10827000634A43F0010313671CE07B689B68052B8E
:108280000CD15F4B1B6F5E4A43F0040313675C4BDA
:108290001B6F5B4A43F0010313670BE0584B1B6FE6
:1082A000574A23F001031367554B1B6F544A23F0C1
:1082B000040313677B689B68002B15D0FDF70EFB4A
:1082C00038610AE0FDF70AFB02463B69D31A41F226
:1082D0008832934201D90323CBE0494B1B6F03F053
:1082E0000203002BEED014E0FDF7F8FA38610AE043
:1082F000FDF7F4FA02463B69D31A41F28832934201
:1083000001D90323B5E03E4B1B6F03F00203002BA2
:10831000EED1FB7D012B05D1394B1B6C384A23F084
:10832000805313647B689B69002B00F0A180344B61
:108330009B6803F00C03082B5CD07B689B69022BC5
:1083400041D1314B00221A60FDF7C8FA386108E0CC
:10835000FDF7C4FA02463B69D31A022B01D9032365
:1083600087E0274B1B6803F00073002BF0D17B687C
:10837000DA697B681B6A1A437B685B6A9B011A4354
:108380007B689B6A5B08013B1B041A437B68DB6AC2
:108390001B061B4913434B601B4B01221A60FDF760
:1083A0009DFA386108E0FDF799FA02463B69D31A55
:1083B000022B01D903235CE0114B1B6803F000730F
:1083C000002BF0D054E0104B00221A60FDF786FA23
:1083D000386108E0FDF782FA02463B69D31A022BA6
:1083E00001D9032345E0064B1B6803F00073002B03
:1083F000F0D13DE07B689B69012B07D1012338E078
:108400000038024000700040600047421B4B5B6830
:10841000FB607B689B69012B28D0FB6803F480021A
:108420007B68DB699A4221D1FB6803F03F027B68DD
:108430001B6A9A421AD1FA6847F6C07313407A68E9
:10844000526A9201934211D1FB6803F440327B6877
:108450009B6A5B08013B1B049A4207D1FB6803F04F
:1084600070627B68DB6A1B069A4201D0012300E040
:10847000002318461837BD4680BD00BF00380240B3
:1084800080B584B000AF786039607B68002B01D183
:108490000123CCE0684B1B6803F007033A689A425B
:1084A0000CD9654B3A68D2B21A70634B1B6803F063
:1084B00007033A689A4201D00123B8E07B681B6841
:1084C00003F00203002B20D07B681B6803F0040339
:1084D000002B05D0594B9B68584A43F4E0539360F6
:1084E0007B681B6803F00803002B05D0534B9B6887
:1084F000524A43F460439360504B9B6823F0F00270
:108500007B689B684D4913438B607B681B6803F055
:108510000103002B44D07B685B68012B07D1474BDC
:108520001B6803F40033002B19D101237FE07B6823
:108530005B68022B03D07B685B68032B07D13F4B42
:108540001B6803F00073002B09D101236FE03B4B44
:108550001B6803F00203002B01D1012367E0374BB6
:108560009B6823F003027B685B68344913438B608C
:10857000FDF7B4F9F8600AE0FDF7B0F90246FB68D0
:10858000D31A41F28832934201D903234FE02B4B97
:108590009B6803F00C027B685B689B009A42EBD1FE
:1085A000254B1B6803F007033A689A420CD2224B12
:1085B0003A68D2B21A70204B1B6803F007033A687E
:1085C0009A4201D0012332E07B681B6803F0040368
:1085D000002B08D0194B9B6823F4E0527B68DB68C2
:1085E000164913438B607B681B6803F00803002B5C
:1085F00009D0124B9B6823F460427B681B69DB0047
:108600000E4913438B6000F021F802460B4B9B6828
:108610001B0903F00F030A49CB5C22FA03F3094A52
:108620001360094B1B681846FDF714F90023184620
:108630001037BD4680BD00BF003C024000380240FC
:10864000F801010810000020140000202DE9B04FAF
:1086500090B000AF00237B630023FB6300233B63E8
:108660000023BB63584B9B6803F00C03082B0DD011
:10867000082B00F2A080002B02D0042B03D09AE03C
:10868000524BBB639AE0524BBB6397E04E4B5B6827
:1086900003F03F037B634C4B5B6803F48003002BC8
:1086A00027D0494B5B689B0900223B627A623B6A98
:1086B000C3F308000021464B03FB01F2002300FB3B
:1086C00003F31344424AA0FB0221F962BA62FA6A38
:1086D0001344FB627B6B0022BB61FA61D7E906237E
:1086E000D7E90A01F8F770FA02460B461346FB6316
:1086F00053E0354B5B689B0900223B617A613B6923
:10870000C3F3080A4FF0000B52465B464FF00000DF
:108710004FF00001590141EAD261500102460B4677
:10872000B2EB0A0863EB0B094FF000024FF00003B5
:108730004FEA891343EA98634FEA8812B2EB0804C0
:1087400063EB09054FF000024FF00003EB0043EA32
:108750005473E20014461D4614EB0A033B6045EBDC
:108760000B037B604FF000024FF00003D7E9004598
:1087700029468B02214643EA915321468A0210463C
:1087800019467B6B0022BB60FA60D7E90223F8F739
:108790001BFA02460B461346FB630B4B5B681B0C34
:1087A00003F0030301335B003B63FA6B3B6BB2FBEB
:1087B000F3F3BB6302E0054BBB6300BFBB6B184622
:1087C0004037BD46BDE8B08F003802400024F400B9
:1087D00040787D0180B400AF034B1B681846BD464E
:1087E0005DF8047B704700BF1000002080B500AF2B
:1087F000FFF7F0FF0246054B9B689B0A03F0070357
:108800000349CB5C22FA03F3184680BD00380240CE
:108810000802010880B500AFFFF7DCFF0246054BF8
:108820009B685B0B03F007030349CB5C22FA03F35D
:10883000184680BD003802400802010880B582B0A9
:1088400000AF78607B68002B01D1012341E07B6899
:1088500093F83D30DBB2002B06D17B68002283F811
:108860003C207868FCF79CF97B68022283F83D2065
:108870007B681A687B6804331946104600F086FF4F
:108880007B68012283F846207B68012283F83E2022
:108890007B68012283F83F207B68012283F8402017
:1088A0007B68012283F841207B68012283F8422003
:1088B0007B68012283F843207B68012283F84420EF
:1088C0007B68012283F845207B68012283F83D20E4
:1088D000002318460837BD4680BD80B582B000AF82
:1088E00078607B68002B01D1012341E07B6893F81D
:1088F0003D30DBB2002B06D17B68002283F83C20A0
:10890000786800F039F87B68022283F83D207B68A4
:108910001A687B6804331946104600F037FF7B68FD
:10892000012283F846207B68012283F83E207B6881
:10893000012283F83F207B68012283F840207B6876
:10894000012283F841207B68012283F842207B6862
:10895000012283F843207B68012283F844207B684E
:10896000012283F845207B68012283F83D20002303
:1089700018460837BD4680BD80B483B000AF78602C
:1089800000BF0C37BD465DF8047B704780B584B0EE
:1089900000AF786039603B68002B09D17B6893F8A1
:1089A0003E30DBB2012B14BF01230023DBB222E0F7
:1089B0003B68042B09D17B6893F83F30DBB2012B75
:1089C00014BF01230023DBB215E03B68082B09D15B
:1089D0007B6893F84030DBB2012B14BF01230023E6
:1089E000DBB208E07B6893F84130DBB2012B14BFA7
:1089F00001230023DBB2002B01D001237CE03B6884
:108A0000002B04D17B68022283F83E2013E03B68F0
:108A1000042B04D17B68022283F83F200BE03B68E3
:108A2000082B04D17B68022283F8402003E07B6896
:108A3000022283F841207B681B68012239681846AE
:108A400001F0BEFA7B681B682D4A934204D07B6814
:108A50001B682C4A934201D1012300E00023002B24
:108A600007D07B681B685A6C7B681B6842F4004225
:108A70005A647B681B68224A934222D07B681B6839
:108A8000B3F1804F1DD07B681B681F4A934218D0FA
:108A90007B681B681D4A934213D07B681B681C4A85
:108AA00093420ED07B681B68164A934209D07B68BC
:108AB0001B68184A934204D07B681B68164A93428D
:108AC00011D17B681B689B6803F00703FB60FB68A0
:108AD000062B10D07B681B681A687B681B6842F005
:108AE00001021A6007E07B681B681A687B681B68D4
:108AF00042F001021A60002318461037BD4680BDBF
:108B00000000014000040140000400400008004053
:108B1000000C0040004001400018004080B582B0C9
:108B200000AF78607B68002B01D1012341E07B68B6
:108B300093F83D30DBB2002B06D17B68002283F82E
:108B40003C20786800F039F87B68022283F83D20E9
:108B50007B681A687B6804331946104600F016FEDD
:108B60007B68012283F846207B68012283F83E203F
:108B70007B68012283F83F207B68012283F8402034
:108B80007B68012283F841207B68012283F8422020
:108B90007B68012283F843207B68012283F844200C
:108BA0007B68012283F845207B68012283F83D2001
:108BB000002318460837BD4680BD80B483B000AF9F
:108BC000786000BF0C37BD465DF8047B704700003D
:108BD00080B584B000AF786039600023FB733B68D8
:108BE000002B04D17B6893F83E30DBB213E03B6886
:108BF000042B04D17B6893F83F30DBB20BE03B6879
:108C0000082B04D17B6893F84030DBB203E07B682B
:108C100093F84130DBB2BB733B68002B04D17B6817
:108C200093F84230DBB213E03B68042B04D17B683D
:108C300093F84330DBB20BE03B68082B04D17B6830
:108C400093F84430DBB203E07B6893F84530DBB245
:108C50007B73BB7B012B02D17B7B012B01D00123DA
:108C6000CCE03B68002B04D17B68022283F83E20D5
:108C700013E03B68042B04D17B68022283F83F2079
:108C80000BE03B68082B04D17B68022283F840206C
:108C900003E07B68022283F841203B68002B04D16B
:108CA0007B68022283F8422013E03B68042B04D146
:108CB0007B68022283F843200BE03B68082B04D139
:108CC0007B68022283F8442003E07B68022283F859
:108CD00045203B680C2B41D801A252F823F000BF7D
:108CE000158D00085D8D00085D8D00085D8D000804
:108CF000278D00085D8D00085D8D00085D8D0008E2
:108D0000398D00085D8D00085D8D00085D8D0008BF
:108D10004B8D00087B681B68DA687B681B6842F033
:108D20000202DA601DE07B681B68DA687B681B68FA
:108D300042F00402DA6014E07B681B68DA687B6842
:108D40001B6842F00802DA600BE07B681B68DA6897
:108D50007B681B6842F01002DA6002E00123FB73BB
:108D600000BFFB7B002B48D17B681B680122396860
:108D7000184601F025F97B681B68224A934222D0ED
:108D80007B681B68B3F1804F1DD07B681B681E4A4F
:108D9000934218D07B681B681C4A934213D07B68AF
:108DA0001B681B4A93420ED07B681B68194A93428A
:108DB00009D07B681B68184A934204D07B681B6803
:108DC000164A934211D17B681B689B6803F0070326
:108DD000BB60BB68062B10D07B681B681A687B6879
:108DE0001B6842F001021A6007E07B681B681A6882
:108DF0007B681B6842F001021A60FB7B1846103743
:108E0000BD4680BD00000140000400400008004055
:108E1000000C0040000401400040014000180040E8
:108E200080B586B000AF786039607B68002B01D1D7
:108E3000012397E07B6893F83D30DBB2002B06D12D
:108E40007B68002283F83C207868FBF70FFE7B6884
:108E5000022283F83D207B681B689B687A68126851
:108E600023F4804323F0070393607B681A687B68D0
:108E700004331946104600F089FC7B681B689B6828
:108E80007B617B681B689B693B617B681B681B6A15
:108E9000FB603B681B687A6913437B613B6923F481
:108EA000407323F003033B613B689A683B689B690E
:108EB0001B0213433A6913433B613B6923F440634C
:108EC00023F00C033B613B6923F4704323F0F00370
:108ED0003B613B68DA683B68DB691B0213433A6914
:108EE00013433B613B681B691A013B681B6A1B0308
:108EF00013433A6913433B61FB6823F02203FB6091
:108F0000FB6823F08803FB603B685A683B685B6939
:108F10001B011343FA681343FB607B681B687A6983
:108F20009A607B681B683A699A617B681B68FA687B
:108F30001A627B68012283F846207B68012283F84D
:108F40003E207B68012283F83F207B68012283F862
:108F500042207B68012283F843207B68012283F84A
:108F60003D20002318461837BD4680BD80B584B02B
:108F700000AF786039607B6893F83E30FB737B68A4
:108F800093F83F30BB737B6893F842307B737B6808
:108F900093F843303B733B68002B10D1FB7B012BD4
:108FA00002D17B7B012B01D0012369E07B68022287
:108FB00083F83E207B68022283F8422031E03B6840
:108FC000042B10D1BB7B012B02D13B7B012B01D0A9
:108FD000012355E07B68022283F83F207B68022250
:108FE00083F843201DE0FB7B012B08D1BB7B012BC9
:108FF00005D17B7B012B02D13B7B012B01D00123CF
:109000003EE07B68022283F83E207B68022283F8E0
:109010003F207B68022283F842207B68022283F88B
:1090200043203B68002B03D03B68042B08D00FE0A3
:109030007B681B6801220021184600F0C1FF16E082
:109040007B681B6801220421184600F0B9FF0EE07E
:109050007B681B6801220021184600F0B1FF7B6885
:109060001B6801220421184600F0AAFF00BF7B689C
:109070001B681A687B681B6842F001021A600023B3
:1090800018461037BD4680BD80B584B000AF78600B
:109090007B681B68DB68FB607B681B681B69BB60C7
:1090A000BB6803F00203002B20D0FB6803F002032F
:1090B000002B1BD07B681B686FF002021A617B6873
:1090C00001221A777B681B689B6903F00303002B5E
:1090D00003D07868F9F7B6FC05E0786800F038FB53
:1090E000786800F03FFB7B6800221A77BB6803F0CA
:1090F0000403002B20D0FB6803F00403002B1BD0DB
:109100007B681B686FF004021A617B6802221A7781
:109110007B681B689B6903F44073002B03D078685D
:10912000F9F790FC05E0786800F012FB786800F031
:1091300019FB7B6800221A77BB6803F00803002B39
:1091400020D0FB6803F00803002B1BD07B681B6852
:109150006FF008021A617B6804221A777B681B682B
:10916000DB6903F00303002B03D07868F9F76AFC8E
:1091700005E0786800F0ECFA786800F0F3FA7B68B4
:1091800000221A77BB6803F01003002B20D0FB6885
:1091900003F01003002B1BD07B681B686FF01002DC
:1091A0001A617B6808221A777B681B68DB6903F405
:1091B0004073002B03D07868F9F744FC05E0786829
:1091C00000F0C6FA786800F0CDFA7B6800221A77C2
:1091D000BB6803F00103002B0CD0FB6803F0010314
:1091E000002B07D07B681B686FF001021A6178685A
:1091F00000F0A4FABB6803F08003002B0CD0FB68DE
:1092000003F08003002B07D07B681B686FF080029F
:109210001A61786800F080FFBB6803F04003002B00
:109220000CD0FB6803F04003002B07D07B681B6861
:109230006FF040021A61786800F09EFABB6803F094
:109240002003002B0CD0FB6803F02003002B07D079
:109250007B681B686FF020021A61786800F052FF8B
:1092600000BF1037BD4680BD80B586B000AFF86046
:10927000B9607A600023FB75FB6893F83C30012BE2
:1092800001D1022388E0FB68012283F83C207B683F
:10929000002B1BD1FB681868BB681968BB685A684B
:1092A000BB68DB6800F0C8FCFB681B689A69FB6858
:1092B0001B6822F00C029A61FB681B689969BB6805
:1092C0009A68FB681B680A439A6160E07B68042B1C
:1092D0001CD1FB681868BB681968BB685A68BB6812
:1092E000DB6800F04CFDFB681B689A69FB681B6833
:1092F00022F440629A61FB681B689969BB689B68AD
:109300001A02FB681B680A439A6140E07B68082BDD
:109310001BD1FB681868BB681968BB685A68BB68D2
:10932000DB6800F099FDFB681B68DA69FB681B6865
:1093300022F00C02DA61FB681B68D969BB689A6885
:10934000FB681B680A43DA6121E07B680C2B1CD1A7
:10935000FB681868BB681968BB685A68BB68DB683B
:1093600000F0B6FDFB681B68DA69FB681B6822F435
:109370004062DA61FB681B68D969BB689B681A02A6
:10938000FB681B680A43DA6101E00123FB75FB6897
:10939000002283F83C20FB7D18461837BD4680BD6F
:1093A00080B586B000AFF860B9607A600023FB75C5
:1093B000FB6893F83C30012B01D10223AEE0FB683F
:1093C000012283F83C207B680C2B00F29F8001A2D5
:1093D00052F823F0099400080D9500080D95000837
:1093E0000D950008499400080D9500080D9500089A
:1093F0000D9500088B9400080D9500080D95000848
:109400000D950008CB940008FB681B68B9681846E6
:1094100000F062FAFB681B689A69FB681B6842F0FF
:1094200008029A61FB681B689A69FB681B6822F056
:1094300004029A61FB681B689969BB681A69FB683A
:109440001B680A439A6164E0FB681B68B9681846A8
:1094500000F0B2FAFB681B689A69FB681B6842F46B
:1094600000629A61FB681B689A69FB681B6822F4BA
:1094700080629A61FB681B689969BB681B691A0264
:10948000FB681B680A439A6143E0FB681B68B96884
:10949000184600F007FBFB681B68DA69FB681B686D
:1094A00042F00802DA61FB681B68DA69FB681B6836
:1094B00022F00402DA61FB681B68D969BB681A698B
:1094C000FB681B680A43DA6123E0FB681B68B96824
:1094D000184600F05BFBFB681B68DA69FB681B68D9
:1094E00042F40062DA61FB681B68DA69FB681B689A
:1094F00022F48062DA61FB681B68D969BB681B696A
:109500001A02FB681B680A43DA6102E00123FB755B
:1095100000BFFB68002283F83C20FB7D184618370B
:10952000BD4680BD80B584B000AF7860396000234F
:10953000FB737B6893F83C30012B01D10223B4E02C
:109540007B68012283F83C207B68022283F83D205F
:109550007B681B689B68BB60BB6823F07703BB60BC
:10956000BB6823F47F43BB607B681B68BA689A6062
:109570003B681B68B3F5005F3ED0B3F5005F00F2B7
:109580008780B3F5805F00F08680B3F5805F7FD879
:10959000702B1AD0702B7BD8602B50D0602B77D8D3
:1095A000502B3CD0502B73D8402B58D0402B6FD829
:1095B000302B64D0302B6BD8202B60D0202B67D879
:1095C000002B5CD0102B5AD062E07B6818683B6897
:1095D00099683B685A683B68DB6800F0D1FC7B689F
:1095E0001B689B68BB60BB6843F07703BB607B680C
:1095F0001B68BA689A604FE07B6818683B68996896
:109600003B685A683B68DB6800F0BAFC7B681B6803
:109610009A687B681B6842F480429A603CE07B68F1
:1096200018683B6859683B68DB681A4600F078FBAD
:109630007B681B685021184600F087FC2CE07B6893
:1096400018683B6859683B68DB681A4600F0D4FB31
:109650007B681B686021184600F077FC1CE07B6883
:1096600018683B6859683B68DB681A4600F058FB8D
:109670007B681B684021184600F067FC0CE07B68A3
:109680001A683B681B681946104600F05EFC03E050
:109690000123FB7300E000BF7B68012283F83D20BB
:1096A0007B68002283F83C20FB7B18461037BD46C0
:1096B00080BD000080B485B000AF786039600023C1
:1096C000FB603B680C2B31D801A252F823F000BF9D
:1096D000059700082D9700082D9700082D97000882
:1096E0000F9700082D9700082D9700082D97000868
:1096F000199700082D9700082D9700082D9700084E
:10970000239700087B681B685B6BFB600FE07B683E
:109710001B689B6BFB600AE07B681B68DB6BFB6074
:1097200005E07B681B681B6CFB6000E000BFFB680A
:1097300018461437BD465DF8047B704780B483B08B
:1097400000AF786000BF0C37BD465DF8047B704702
:1097500080B483B000AF786000BF0C37BD465DF8C1
:10976000047B704780B483B000AF786000BF0C37D3
:10977000BD465DF8047B704780B483B000AF78606D
:1097800000BF0C37BD465DF8047B704780B485B0E0
:1097900000AF786039607B681B68FB607B68434A78
:1097A000934213D07B68B3F1804F0FD07B68404A5F
:1097B00093420BD07B683F4A934207D07B683E4A76
:1097C000934203D07B683D4A934208D1FB6823F063
:1097D0007003FB603B685B68FA681343FB607B685F
:1097E000324A93422BD07B68B3F1804F27D07B68FD
:1097F0002F4A934223D07B682E4A93421FD07B6826
:109800002D4A93421BD07B682C4A934217D07B6829
:109810002B4A934213D07B682A4A93420FD07B682D
:10982000294A93420BD07B68284A934207D07B6831
:10983000274A934203D07B68264A934208D1FB68AB
:1098400023F44073FB603B68DB68FA681343FB60FA
:10985000FB6823F080023B685B691343FB603B6855
:109860009A687B68DA623B681A687B689A627B68F0
:109870000E4A934203D07B68104A934203D13B685F
:109880001A697B681A637B681B6843F004027B6873
:109890001A607B6801225A617B68FA681A6000BF0F
:1098A0001437BD465DF8047B704700BF00000140DF
:1098B0000004004000080040000C0040000401408B
:1098C00000400140004401400048014000180040B1
:1098D000001C00400020004080B487B000AF7860DA
:1098E00039607B681B6A7B617B681B6A23F001021D
:1098F0007B681A627B685B683B617B689B69FB6085
:10990000FB6823F07003FB60FB6823F00303FB603C
:109910003B681B68FA681343FB607B6923F0020312
:109920007B613B689B687A6913437B617B68204A53
:10993000934203D07B681F4A93420CD17B6923F08A
:1099400008037B613B68DB687A6913437B617B6951
:1099500023F004037B617B68154A934203D07B6844
:10996000144A934211D13B6923F480733B613B69F4
:1099700023F400733B613B685B693A6913433B61C5
:109980003B689B693A6913433B617B683A695A605B
:109990007B68FA689A613B685A687B685A637B689F
:1099A0007A691A6200BF1C37BD465DF8047B7047B8
:1099B000000001400004014080B487B000AF78602F
:1099C00039607B681B6A7B617B681B6A23F010022D
:1099D0007B681A627B685B683B617B689B69FB60A4
:1099E000FB6823F4E043FB60FB6823F44073FB60F7
:1099F0003B681B681B02FA681343FB607B6923F01A
:109A000020037B613B689B681B017A6913437B6180
:109A10007B68224A934203D07B68214A93420DD14E
:109A20007B6923F080037B613B68DB681B017A69FB
:109A300013437B617B6923F040037B617B68174A9A
:109A4000934203D07B68164A934213D13B6923F4B7
:109A500080633B613B6923F400633B613B685B6966
:109A60009B003A6913433B613B689B699B003A69E1
:109A700013433B617B683A695A607B68FA689A6174
:109A80003B685A687B689A637B687A691A6200BF90
:109A90001C37BD465DF8047B704700BF00000140E5
:109AA0000004014080B487B000AF786039607B6803
:109AB0001B6A7B617B681B6A23F480727B681A6275
:109AC0007B685B683B617B68DB69FB60FB6823F05C
:109AD0007003FB60FB6823F00303FB603B681B68BB
:109AE000FA681343FB607B6923F400737B613B6876
:109AF0009B681B027A6913437B617B68214A93420E
:109B000003D07B68204A93420DD17B6923F4006324
:109B10007B613B68DB681B027A6913437B617B696D
:109B200023F480637B617B68164A934203D07B6891
:109B3000154A934213D13B6923F480533B613B693F
:109B400023F400533B613B685B691B013A69134393
:109B50003B613B689B691B013A6913433B617B682E
:109B60003A695A607B68FA68DA613B685A687B68D0
:109B7000DA637B687A691A6200BF1C37BD465DF8FC
:109B8000047B7047000001400004014080B487B0AE
:109B900000AF786039607B681B6A3B617B681B6A39
:109BA00023F480527B681A627B685B687B617B6808
:109BB000DB69FB60FB6823F4E043FB60FB6823F494
:109BC0004073FB603B681B681B02FA681343FB6031
:109BD0003B6923F400533B613B689B681B033A6974
:109BE00013433B617B68124A934203D07B68114A5E
:109BF000934209D17B6923F480437B613B685B69B5
:109C00009B017A6913437B617B687A695A607B6840
:109C1000FA68DA613B685A687B681A647B683A695B
:109C20001A6200BF1C37BD465DF8047B704700BF59
:109C3000000001400004014080B487B000AFF8602C
:109C4000B9607A603B60FB681B6A3B61FB681B6A1A
:109C500023F00102FB681A62FB689B697B61FB6869
:109C6000284A93421BD0FB68B3F1804F17D0FB68A2
:109C7000254A934213D0FB68244A93420FD0FB68D5
:109C8000234A93420BD0FB68224A934207D0FB68D9
:109C9000214A934203D0FB68204A934201D1012319
:109CA00000E00023002B08D07B6923F003037B61D5
:109CB0007A697B6813437B6103E07B6943F00103AE
:109CC0007B617B6923F0F0037B613B681B01DBB2A6
:109CD0007A6913437B613B6923F00A033B61BB68EC
:109CE00003F00A033A6913433B61FB687A699A619E
:109CF000FB683A691A6200BF1C37BD465DF8047BF9
:109D0000704700BF00000140000400400008004010
:109D1000000C0040000401400040014000180040D9
:109D200080B487B000AFF860B9607A60FB681B6AE6
:109D30007B61FB681B6A23F00102FB681A62FB6807
:109D40009B693B613B6923F0F0033B617B681B012E
:109D50003A6913433B617B6923F00A037B617A69AB
:109D6000BB6813437B61FB683A699A61FB687A6957
:109D70001A6200BF1C37BD465DF8047B704780B493
:109D800087B000AFF860B9607A603B60FB681B6A1F
:109D90007B61FB681B6A23F01002FB681A62FB6898
:109DA0009B693B613B6923F440733B617B681B0209
:109DB0003A6913433B613B6923F470433B613B6861
:109DC0001B039BB23A6913433B617B6923F0A003F9
:109DD0007B61BB681B0103F0A0037A6913437B61BD
:109DE000FB683A699A61FB687A691A6200BF1C379E
:109DF000BD465DF8047B704780B487B000AFF86063
:109E0000B9607A60FB681B6A7B61FB681B6A23F0A0
:109E10001002FB681A62FB689B693B613B6923F493
:109E200070433B617B681B033A6913433B617B6969
:109E300023F0A0037B61BB681B017A6913437B613C
:109E4000FB683A699A61FB687A691A6200BF1C373D
:109E5000BD465DF8047B704780B487B000AFF86002
:109E6000B9607A603B60FB681B6A7B61FB681B6AB8
:109E700023F48072FB681A62FB68DB693B613B6913
:109E800023F003033B613A697B6813433B613B6901
:109E900023F0F0033B613B681B01DBB23A691343DB
:109EA0003B617B6923F420637B61BB681B0203F485
:109EB00020637A6913437B61FB683A69DA61FB6866
:109EC0007A691A6200BF1C37BD465DF8047B704793
:109ED00080B487B000AFF860B9607A603B60FB681F
:109EE0001B6A7B61FB681B6A23F48052FB681A6261
:109EF000FB68DB693B613B6923F440733B617B6832
:109F00001B023A6913433B613B6923F470433B6195
:109F10003B681B039BB23A6913433B617B6923F4A3
:109F200020437B61BB681B0303F420437A6913431E
:109F30007B61FB683A69DA61FB687A691A6200BF83
:109F40001C37BD465DF8047B704780B485B000AF18
:109F5000786039607B689B68FB60FB6823F0700366
:109F6000FB603A68FB68134343F00703FB607B68C0
:109F7000FA689A6000BF1437BD465DF8047B7047ED
:109F800080B487B000AFF860B9607A603B60FB686E
:109F90009B687B617B6923F47F437B613B681A028A
:109FA0007B681A43BB6813437A6913437B61FB6880
:109FB0007A699A6000BF1C37BD465DF8047B704724
:109FC00080B487B000AFF860B9607A60BB6803F016
:109FD0001F03012202FA03F37B61FB681A6A7B69A3
:109FE000DB431A40FB681A62FB681A6ABB6803F01D
:109FF0001F03796801FA03F31A43FB681A6200BF72
:10A000001C37BD465DF8047B7047000080B485B006
:10A0100000AF786039607B6893F83C30012B01D148
:10A0200002235AE07B68012283F83C207B680222ED
:10A0300083F83D207B681B685B68FB607B681B685E
:10A040009B68BB60FB6823F07003FB603B681B6888
:10A05000FA681343FB607B681B68FA685A607B6888
:10A060001B68214A934222D07B681B68B3F1804F62
:10A070001DD07B681B681D4A934218D07B681B6803
:10A080001B4A934213D07B681B681A4A93420ED036
:10A090007B681B68184A934209D07B681B68174A83
:10A0A000934204D07B681B68154A93420CD1BB686D
:10A0B00023F08003BB603B685B68BA681343BB60F6
:10A0C0007B681B68BA689A607B68012283F83D2030
:10A0D0007B68002283F83C20002318461437BD46D5
:10A0E0005DF8047B704700BF0000014000040040A1
:10A0F00000080040000C0040000401400040014006
:10A100000018004080B483B000AF786000BF0C3707
:10A11000BD465DF8047B704780B483B000AF7860C3
:10A1200000BF0C37BD465DF8047B704780B582B038
:10A1300000AF78607B68002B01D1012342E07B688F
:10A1400093F84130DBB2002B06D17B68002283F804
:10A1500040207868FAF740FE7B68242283F841208B
:10A160007B681B68DA687B681B6822F40052DA603F
:10A17000786800F0FFFD7B681B681A697B681B68C4
:10A1800022F490421A617B681B685A697B681B68DD
:10A1900022F02A025A617B681B68DA687B681B68B8
:10A1A00042F40052DA607B6800225A647B68202205
:10A1B00083F841207B68202283F842207B680022BC
:10A1C0005A63002318460837BD4680BD80B58AB063
:10A1D00002AFF860B9603B601346FB8000237B61EF
:10A1E000FB6893F84130DBB2202B75D1BB68002BA4
:10A1F00002D0FB88002B01D101236EE0FB68002216
:10A200005A64FB68212283F84120FBF767FB7861E1
:10A21000FB68FA889A84FB68FA88DA84FB689B6892
:10A22000B3F5805F08D1FB681B69002B04D10023C4
:10A23000FB61BB68BB6103E0BB68FB610023BB61E2
:10A240002EE03B6800937B6900228021F86800F0D3
:10A2500063FB0346002B05D0FB68202283F84120D6
:10A2600003233AE0FB69002B0BD1BB691B881A461C
:10A27000FB681B68C2F308025A60BB690233BB610A
:10A2800007E0FB691A78FB681B685A60FB690133B9
:10A29000FB61FB68DB8C9BB2013B9AB2FB68DA8402
:10A2A000FB68DB8C9BB2002BCBD13B6800937B69B6
:10A2B00000224021F86800F02FFB0346002B05D058
:10A2C000FB68202283F84120032306E0FB6820225C
:10A2D00083F84120002300E0022318462037BD46C2
:10A2E00080BD80B485B000AFF860B9601346FB80D4
:10A2F000FB6893F84130DBB2202B21D1BB68002BE7
:10A3000002D0FB88002B01D101231AE0FB68BA6858
:10A310001A62FB68FA889A84FB68FA88DA84FB6818
:10A3200000225A64FB68212283F84120FB681B68E5
:10A33000DA68FB681B6842F08002DA60002300E004
:10A34000022318461437BD465DF8047B704780B57C
:10A3500084B000AFF860B9601346FB80FB6893F8E7
:10A360004230DBB2202B12D1BB68002B02D0FB881D
:10A37000002B01D101230BE0FB6800221A63FB884C
:10A380001A46B968F86800F020FB034600E0022393
:10A3900018461037BD4680BD80B5BAB000AF7860B2
:10A3A0007B681B681B68C7F8E4307B681B68DB6848
:10A3B000C7F8E0307B681B685B69C7F8DC300023B6
:10A3C000C7F8D8300023C7F8D430D7F8E43003F00A
:10A3D0000F03C7F8D830D7F8D830002B0FD1D7F8F3
:10A3E000E43003F02003002B09D0D7F8E03003F06D
:10A3F0002003002B03D0786800F0FDFB73E2D7F850
:10A40000D830002B00F0DE80D7F8DC3003F00103F9
:10A41000002B06D1D7F8E03003F49073002B00F046
:10A42000D180D7F8E43003F00103002B0BD0D7F82C
:10A43000E03003F48073002B05D07B685B6C43F045
:10A4400001027B685A64D7F8E43003F00403002B60
:10A450000BD0D7F8DC3003F00103002B05D07B686C
:10A460005B6C43F002027B685A64D7F8E43003F077
:10A470000203002B0BD0D7F8DC3003F00103002BD4
:10A4800005D07B685B6C43F004027B685A64D7F8A4
:10A49000E43003F00803002B11D0D7F8E03003F0CC
:10A4A0002003002B05D1D7F8DC3003F00103002B8B
:10A4B00005D07B685B6C43F008027B685A647B685C
:10A4C0005B6C002B00F00A82D7F8E43003F0200325
:10A4D000002B08D0D7F8E03003F02003002B02D087
:10A4E000786800F088FB7B681B685B6903F04003B9
:10A4F000402B0CBF01230023DBB2C7F8D4307B68AC
:10A500005B6C03F00803002B03D1D7F8D430002B89
:10A510004FD0786800F093FA7B681B685B6903F0A2
:10A520004003402B41D17B681B681433C7F89C3033
:10A53000D7F89C3053E8003FC7F89830D7F89830E8
:10A5400023F04003C7F8D0307B681B681433D7F87A
:10A55000D020C7F8A820C7F8A430D7F8A410D7F89F
:10A56000A82041E80023C7F8A030D7F8A030002B7E
:10A57000D9D17B68DB6B002B13D07B68DB6B8A4AFD
:10A580001A657B68DB6B1846FCF76CF80346002BFA
:10A5900016D07B68DB6B1B6D7A68D26B10469847D0
:10A5A0000EE0786800F0A2F90AE0786800F09EF901
:10A5B00006E0786800F09AF97B6800225A648DE121
:10A5C00000BF8BE17B681B6B012B40F06781D7F8E4
:10A5D000E43003F01003002B00F06081D7F8E03086
:10A5E00003F01003002B00F059810023BB607B684F
:10A5F0001B681B68BB607B681B685B68BB60BB68D3
:10A600007B681B685B6903F04003402B40F0CE8001
:10A610007B68DB6B1B685B68A7F8BE30B7F8BE30A1
:10A62000002B00F0A9807B689B8DB7F8BE209A4272
:10A6300080F0A2807B68B7F8BE20DA857B68DB6B90
:10A64000DB69B3F5807F00F088807B681B680C3382
:10A65000C7F88830D7F8883053E8003FC7F884300F
:10A66000D7F8843023F48073C7F8B8307B681B6850
:10A670000C33D7F8B820C7F89420C7F89030D7F833
:10A680009010D7F8942041E80023C7F88C30D7F811
:10A690008C30002BD9D17B681B6814337B677B6FB0
:10A6A00053E8003F3B673B6F23F00103C7F8B4302A
:10A6B0007B681B681433D7F8B420C7F88020FB6789
:10A6C000F96FD7F8802041E80023BB67BB6F002BF0
:10A6D000E1D17B681B6814333B663B6E53E8003F57
:10A6E000FB65FB6D23F04003C7F8B0307B681B6847
:10A6F0001433D7F8B020FA66BB66B96EFA6E41E83B
:10A7000000237B667B6E002BE3D17B68202283F8DD
:10A7100042207B6800221A637B681B680C33FB6451
:10A72000FB6C53E8003FBB64BB6C23F01003C7F81D
:10A73000AC307B681B680C33D7F8AC20BA657B65FE
:10A74000796DBA6D41E800233B653B6D002BE3D189
:10A750007B68DB6B1846FBF715FF7B6802225A63A8
:10A760007B689A8D7B68DB8D9BB2D31A9BB21946AE
:10A77000786800F0C5F8B3E07B689B8DB7F8BE2021
:10A780009A4240F0AD807B68DB6BDB69B3F5807F7C
:10A7900040F0A6807B6802225A637B689B8D194635
:10A7A000786800F0ADF89BE005AB00087B689A8DF7
:10A7B0007B68DB8D9BB2D31AA7F8CE307B68DB8D2C
:10A7C0009BB2002B00F08E80B7F8CE30002B00F04B
:10A7D00089807B681B680C33BB63BB6B53E8003F0D
:10A7E0007B637B6B23F49073C7F8C8307B681B686E
:10A7F0000C33D7F8C8207A643B64396C7A6C41E832
:10A800000023FB63FB6B002BE3D17B681B681433D5
:10A810007B627B6A53E8003F3B623B6A23F00103A3
:10A82000C7F8C4307B681B681433D7F8C4203A6378
:10A83000FB62F96A3A6B41E80023BB62BB6A002BFA
:10A84000E3D17B68202283F842207B6800221A63D0
:10A850007B681B680C333B613B6953E8003FFB603E
:10A86000FB6823F01003C7F8C0307B681B680C330B
:10A87000D7F8C020FA61BB61B969FA6941E80023E1
:10A880007B617B69002BE3D17B6802225A63B7F8B6
:10A89000CE301946786800F033F823E0D7F8E4307A
:10A8A00003F08003002B09D0D7F8E03003F08003D9
:10A8B000002B03D0786800F036F914E0D7F8E430C4
:10A8C00003F04003002B0ED0D7F8E03003F0400334
:10A8D000002B08D0786800F076F904E000BF02E0B1
:10A8E00000BF00E000BFE837BD4680BD80B483B044
:10A8F00000AF786000BF0C37BD465DF8047B704741
:10A9000080B483B000AF78600B467B8000BF0C370B
:10A91000BD465DF8047B704780B586B000AFF86037
:10A92000B9603B601346FB713BE03B6AB3F1FF3F0C
:10A9300037D0FAF7D3FF02463B68D31A3A6A9A42F5
:10A9400002D33B6A002B01D103233AE0FB681B686A
:10A95000DB6803F00403002B23D0BB68802B20D0DE
:10A96000BB68402B1DD0FB681B681B6803F0080305
:10A97000082B16D100237B61FB681B681B687B6179
:10A98000FB681B685B687B617B69F86800F057F8BF
:10A99000FB6808225A64FB68002283F840200123E8
:10A9A0000FE0FB681B681A68BB681340BA689A42DC
:10A9B0000CBF01230023DBB21A46FB799A42B4D0C4
:10A9C000002318461837BD4680BD80B485B000AF5F
:10A9D000F860B9601346FB80FB68BA689A62FB684E
:10A9E000FA889A85FB68FA88DA85FB6800225A643F
:10A9F000FB68222283F84220FB681B69002B07D0EA
:10AA0000FB681B68DA68FB681B6842F48072DA60D6
:10AA1000FB681B685A69FB681B6842F001025A61B7
:10AA2000FB681B68DA68FB681B6842F02002DA608A
:10AA3000002318461437BD465DF8047B704780B488
:10AA400095B000AF78607B681B680C337B637B6BD1
:10AA500053E8003F3B633B6B23F49073FB647B68DC
:10AA60001B680C33FA6C3A64FB63F96B3A6C41E88F
:10AA70000023BB63BB6B002BE5D17B681B681433E1
:10AA80003B623B6A53E8003FFB61FB6923F0010333
:10AA9000BB647B681B681433BA6CFA62BB62B96A28
:10AAA000FA6A41E800237B627B6A002BE5D17B6870
:10AAB0001B6B012B19D17B681B680C33FB60FB6897
:10AAC00053E8003FBB60BB6823F010037B647B68E6
:10AAD0001B680C337A6CBA617B617969BA6941E8A9
:10AAE00000233B613B69002BE5D17B68202283F882
:10AAF00042207B6800221A6300BF5437BD465DF8D0
:10AB0000047B704780B584B000AF78607B689B6B36
:10AB1000FB60FB680022DA85F868FFF7E7FE00BFFC
:10AB20001037BD4680BD80B485B000AF78607B68CB
:10AB300093F84130DBB2212B3ED17B689B68B3F5A3
:10AB4000805F14D17B681B69002B10D17B681B6A66
:10AB5000FB60FB681B881A467B681B68C2F308020F
:10AB60005A607B681B6A9A1C7B681A6208E07B68E3
:10AB70001B6A591C7A6811621A787B681B685A60D4
:10AB80007B68DB8C9BB2013B9BB27A681946D1840F
:10AB9000002B0FD17B681B68DA687B681B6822F08A
:10ABA0008002DA607B681B68DA687B681B6842F0A9
:10ABB0004002DA60002300E0022318461437BD4645
:10ABC0005DF8047B704780B582B000AF78607B6829
:10ABD0001B68DA687B681B6822F04002DA607B68D9
:10ABE000202283F841207868F6F726FA00231846D9
:10ABF0000837BD4680BD80B58CB000AF78600023BB
:10AC0000FB620023BB627B6893F84230DBB2222BED
:10AC100040F0AA807B689B68B3F5805F15D17B68A4
:10AC20001B69002B11D17B689B6ABB627B681B6828
:10AC30005B689BB2C3F308039AB2BB6A1A807B6855
:10AC40009B6A9A1C7B689A6224E07B689B6AFB6221
:10AC50007B689B68B3F5805F07D07B689B68002B9F
:10AC60000AD17B681B69002B06D17B681B685B6877
:10AC7000DAB2FB6A1A7008E07B681B685B68DBB2BB
:10AC800003F07F03DAB2FB6A1A707B689B6A5A1C76
:10AC90007B689A627B68DB8D9BB2013B9BB27A68D2
:10ACA0001946D185002B5DD17B681B68DA687B680B
:10ACB0001B6822F02002DA607B681B68DA687B6818
:10ACC0001B6822F48072DA607B681B685A697B68B3
:10ACD0001B6822F001025A617B68202283F842201F
:10ACE0007B6800225A637B681B6B012B35D17B6824
:10ACF00000221A637B681B680C337B617B6953E815
:10AD0000003F3B613B6923F010037B627B681B685B
:10AD10000C337A6A3A62FB61F9693A6A41E80023C6
:10AD2000BB61BB69002BE5D17B681B681B6803F026
:10AD30001003102B0AD10023FB607B681B681B6883
:10AD4000FB607B681B685B68FB60FB687B689B8DB6
:10AD500019467868FFF7D4FD02E07868F7F724FF1A
:10AD6000002302E0002300E0022318463037BD46EE
:10AD700080BD00002DE9B04FC0B000AFC7F8F400AF
:10AD8000D7F8F4301B681B6923F44050D7F8F4302F
:10AD9000D968D7F8F4301A6840EA01031361D7F88C
:10ADA000F4309A68D7F8F4301B691A43D7F8F430B6
:10ADB0005B691A43D7F8F430DB691343C7F8F830FE
:10ADC000D7F8F4301B68DB6823F4164121F00C013E
:10ADD000D7F8F4301A68D7F8F8300B43D360D7F8B7
:10ADE000F4301B685B6923F44070D7F8F43099693C
:10ADF000D7F8F4301A6840EA01035361D7F8F43009
:10AE00001A688F4B9A4205D0D7F8F4301A688D4BE8
:10AE10009A4204D1FDF7FEFCC7F8FC0003E0FDF701
:10AE2000E5FCC7F8FC00D7F8F430DB69B3F5004F58
:10AE300040F00C81D7F8FC300022C7F8E830C7F8A2
:10AE4000EC20D7E93A4522462B469118B9655B417B
:10AE5000FB65D7E91623214612EB0108294643EB8F
:10AE600001094FF000024FF000034FEAC90343EA23
:10AE700058734FEAC80290469946234618EB0303DD
:10AE8000C7F8E0302B4649EB0303C7F8E430D7F8A6
:10AE9000F4305B680022C7F8D830C7F8DC20D7E967
:10AEA00036120B46DB183B65134642EB03037B650A
:10AEB000D7E91423D7E93801F5F786FE02460B4699
:10AEC000614BA3FB02235B091C01D7F8FC30002275
:10AED000C7F8D030C7F8D420D7E9348942464B466A
:10AEE0009118B9645B41FB64D7E91223414612EB28
:10AEF000010A494643EB010B4FF000024FF00003FB
:10AF00004FEACB0343EA5A734FEACA0292469B4682
:10AF100043461AEB0303C7F8C8304B464BEB030319
:10AF2000C7F8CC30D7F8F4305B680022C7F8C030DF
:10AF3000C7F8C420D7E930120B46DB183B64134630
:10AF400042EB03037B64D7E91023D7E93201F5F71D
:10AF50003BFE02460B4611463B4BA3FB01235B091C
:10AF6000642202FB03F3CB1ADB0003F13202364BFF
:10AF7000A3FB02235B095B0003F4F8731C44D7F8BE
:10AF8000FC300022C7F8B830C7F8BC20D7E92E89BA
:10AF900042464B469118B9635B41FB63D7E90E23E8
:10AFA00041465118396349464B417B634FF00002DB
:10AFB0004FF00003D7E90CAB5946CB00514643EAAA
:10AFC00051735146CA0010461946034642469B1823
:10AFD000C7F8B0304B460A4642EB0303C7F8B4301B
:10AFE000D7F8F4305B680022C7F8A830C7F8AC2067
:10AFF000D7E92A120B46DB18BB62134642EB030368
:10B00000FB62D7E90A23D7E92C01F5F7DDFD0246FB
:10B010000B460D4BA3FB02135B09642101FB03F3F9
:10B02000D31ADB003233084AA2FB03235B0903F087
:10B030000702D7F8F4301B6822449A6006E100BF8B
:10B0400000100140001401401F85EB51D7F8FC307F
:10B050000022C7F8A030C7F8A420D7E928894246C3
:10B060004B46911839625B417B62D7E90823414620
:10B070005418494643EB01054FF000024FF000031E
:10B08000EB0043EA5473E20014461D464346E318BE
:10B09000C7F898304B4645EB0303C7F89C30D7F808
:10B0A000F4305B680022C7F89030C7F894204FF066
:10B0B00000024FF00003D7E9244529468B002146C2
:10B0C00043EA917321468A00D7E92601F5F77CFD12
:10B0D00002460B46604BA3FB02235B091C01D7F819
:10B0E000FC300022C7F88830C7F88C20D7E92289C5
:10B0F00042464B469118B9615B41FB61D7E9062393
:10B1000041465118396149464B417B614FF000027D
:10B110004FF00003D7E904AB5946CB00514643EA50
:10B1200051735146CA0010461946034642469B18C1
:10B13000C7F880304B460A4642EB0303C7F8843019
:10B14000D7F8F4305B680022BB67FA674FF0000263
:10B150004FF00003D7E91E8949468B00414643EA78
:10B16000917341468A00D7E92001F5F72DFD02468B
:10B170000B461146384BA3FB01235B09642202FBFB
:10B1800003F3CB1A1B013233334AA2FB03235B09BF
:10B1900003F0F0031C44D7F8FC3000223B677A67C9
:10B1A000D7E91C8942464B469118B9605B41FB6068
:10B1B000D7E9022341465118396049464B417B602B
:10B1C0004FF000024FF00003D7E900AB5946CB0027
:10B1D000514643EA51735146CA0010461946034688
:10B1E00042469B18BB664B460A4642EB0303FB668E
:10B1F000D7F8F4305B6800223B667A664FF00002B5
:10B200004FF00003D7E9188949468B00414643EACD
:10B21000917341468A00D7E91A01F5F7D5FC024639
:10B220000B460D4BA3FB02135B09642101FB03F3E7
:10B23000D31A1B013233084AA2FB03235B0903F034
:10B240000F02D7F8F4301B6822449A6000BF07F55C
:10B250008077BD46BDE8B08F1F85EB5180B485B0C7
:10B2600000AF0346FB800023FB60B7F90630842B58
:10B2700005D0B7F90620FB6813440333FB60FB6875
:10B2800018461437BD465DF8047B704780B500AFA3
:10B2900000F0E4FA0023184680BDF0B589B004AF91
:10B2A000786039607B685B69002B20D07B689B6984
:10B2B000002B1CD07B685C687B681D687B681E69FE
:10B2C0007B68B3F908301846FFF7C8FF01467B6872
:10B2D0005B697A6892690292019300913B683246F9
:10B2E0002946204600F0EDF80346FB601CE07B6831
:10B2F0005C687B681D687B681B699EB27B68B3F9DC
:10B3000008301846FFF7AAFF024607F10C03019325
:10B3100000923B6832462946204600F032F9034647
:10B32000012B01D0002300E0FB6818461437BD460E
:10B33000F0BD80B584B000AF78607B68FB60FB68CF
:10B34000002B01D0FB6800E00123184600F050FA02
:10B35000002318461037BD4680BD80B483B000AFCF
:10B3600078607B6803F108027B685A607B684FF065
:10B37000FF329A607B6803F108027B68DA607B68C1
:10B3800003F108027B681A617B6800221A6000BF23
:10B390000C37BD465DF8047B704780B483B000AFC6
:10B3A00078607B6800221A6100BF0C37BD465DF8EB
:10B3B000047B704780B485B000AF786039607B68EB
:10B3C0005B68FB603B68FA685A60FB689A683B6898
:10B3D0009A60FB689B683A685A60FB683A689A60B2
:10B3E0003B687A681A617B681B685A1C7B681A6024
:10B3F00000BF1437BD465DF8047B704780B485B04C
:10B4000000AF786039603B681B68BB60BB68B3F114
:10B41000FF3F03D17B681B69FB600CE07B6808334E
:10B42000FB6002E0FB685B68FB60FB685B681B68B5
:10B43000BA689A42F6D2FB685A683B685A603B6821
:10B440005B683A689A603B68FA689A60FB683A6899
:10B450005A603B687A681A617B681B685A1C7B6873
:10B460001A6000BF1437BD465DF8047B704780B496
:10B4700085B000AF78607B681B69FB607B685B68A8
:10B480007A6892689A607B689B687A6852685A60AA
:10B49000FB685B687A689A4203D17B689A68FB68AC
:10B4A0005A607B6800221A61FB681B685A1EFB68A1
:10B4B0001A60FB681B6818461437BD465DF8047BAC
:10B4C000704780B58EB004AFF860B9607A603B60B9
:10B4D0007B6B002B0BD14FF0500383F31188BFF32C
:10B4E0006F8FBFF34F8F3B6200BF00BFFDE7BB6BA9
:10B4F000002B0BD14FF0500383F31188BFF36F8FF4
:10B50000BFF34F8FFB6100BF00BFFDE754233B61DA
:10B510003B69542B0BD04FF0500383F31188BFF3DA
:10B520006F8FBFF34F8FBB6100BF00BFFDE73B696B
:10B53000BB6B002B1ED07B6B002B1BD0BB6B7B62CD
:10B540007B6A7A6B1A637B6A022283F8512000239C
:10B5500003937B6A029307F1140301933B6B0093FF
:10B560003B687A68B968F86800F050F8786A00F0CB
:10B57000D5F801E000237B617B6918462837BD467A
:10B5800080BD80B58CB004AFF860B9603B601346F5
:10B59000FB80FB889B00184600F0EEFE78617B691B
:10B5A000002B0ED0542000F0E7FEF861FB69002B61
:10B5B00003D0FB697A691A6305E0786900F0AAFF95
:10B5C00001E00023FB61FB69002B17D0FB6900221F
:10B5D00083F85120FA8800230393FB690293FB6AE6
:10B5E0000193BB6A00933B68B968F86800F00EF8F5
:10B5F000F86900F093F80123BB6102E04FF0FF33DC
:10B60000BB61BB6918462037BD4680BD80B588B098
:10B6100000AFF860B9607A603B603B6B1A6B7B6887
:10B6200003F18043013B9B001344BB61BB6923F0E2
:10B630000703BB61BB6903F00703002B0BD04FF07E
:10B64000500383F31188BFF36F8FBFF34F8F7B617C
:10B6500000BF00BFFDE7BB68002B1FD00023FB61CC
:10B6600012E0BA68FB69134419783A6BFB6913441A
:10B6700034330A461A70BA68FB6913441B78002BEE
:10B6800006D0FB690133FB61FB690F2BE9D900E0B0
:10B6900000BF3B6B002283F8432003E03B6B00229A
:10B6A00083F83420BB6A062B01D90623BB623B6BAF
:10B6B000BA6ADA623B6BBA6A5A643B6B00229A64DC
:10B6C0003B6B04331846FFF768FE3B6B1833184694
:10B6D000FFF763FE3B6B3A6B1A61BB6AC3F107026B
:10B6E0003B6B9A613B6B3A6B5A623B6B0022DA64AC
:10B6F0003B6B002283F850203A68F968B86900F083
:10B700002BFC02463B6B1A60FB6A002B02D0FB6AE3
:10B710003A6B1A6000BF2037BD4680BD80B582B04D
:10B7200000AF786000F048FD2A4B1B680133294ABE
:10B730001360294B1B68002B09D1274A7B681360D3
:10B74000244B1B68012B10D100F0C4FA0DE0234BF1
:10B750001B68002B09D1204B1B68DA6A7B68DB6A07
:10B760009A4202D81C4A7B6813601D4B1B68013348
:10B770001B4A13607B68DB6A01229A40194B1B68E5
:10B780001343184A13607B68DA6A13469B0013441C
:10B790009B00154A1A447B68043319461046FFF78C
:10B7A00009FE00F03BFD0D4B1B68002B0ED00A4B31
:10B7B0001B68DA6A7B68DB6A9A4207D20B4B4FF050
:10B7C00080521A60BFF34F8FBFF36F8F00BF0837EF
:10B7D000BD4680BDBC0F0020BC0E0020C80F00205D
:10B7E000D80F0020C40F0020C00E002004ED00E0A0
:10B7F00080B584B000AF78600023FB607B68002BCD
:10B8000018D0144B1B68002B0BD04FF0500383F360
:10B810001188BFF36F8FBFF34F8FBB6000BF00BFB6
:10B82000FDE700F07DF80021786800F02FFB00F0C4
:10B8300085F8F860FB68002B07D1074B4FF080526A
:10B840001A60BFF34F8FBFF36F8F00BF1037BD4635
:10B8500080BD00BFE40F002004ED00E080B58AB099
:10B8600004AF0023BB6000237B603A46391D07F11B
:10B8700008031846F5F73EFB39687B68BA68029200
:10B8800001930023009300230A461F491F48FFF736
:10B8900018FE03461E4A13601D4B1B68002B02D086
:10B8A00001237B6101E000237B617B69012B16D1C1
:10B8B0004FF0500383F31188BFF36F8FBFF34F8FA7
:10B8C0003B6100BF134B4FF0FF321A60124B012255
:10B8D0001A60124B00221A6000F0CAFB0FE07B696D
:10B8E000B3F1FF3F0BD14FF0500383F31188BFF347
:10B8F0006F8FBFF34F8FFB6000BF00BFFDE700BF3E
:10B900001837BD4680BD00BFEC010108A5BC00088A
:10B91000E00F0020DC0F0020C80F0020C00F002027
:10B9200080B400AF044B1B680133034A136000BFAF
:10B93000BD465DF8047B7047E40F002080B584B0FD
:10B9400000AF0023FB600023BB60424B1B68002B51
:10B950000BD14FF0500383F31188BFF36F8FBFF308
:10B960004F8F3B6000BF00BFFDE700F025FC394B67
:10B970001B68013B374A1360364B1B68002B61D1B3
:10B98000354B1B68002B5DD02EE0344BDB68DB6849
:10B99000FB60FB6818331846FFF769FDFB6804334A
:10B9A0001846FFF764FDFB68DB6A01229A402C4BC6
:10B9B0001B6813432A4A1360FB68DA6A13469B002C
:10B9C00013449B00274A1A44FB6804331946104667
:10B9D000FFF7F0FCFB68DA6A234B1B68DB6A9A42CC
:10B9E00002D3224B01221A601C4B1B68002BCCD1C6
:10B9F000FB68002B01D000F00BFA1D4B1B687B602D
:10BA00007B68002B10D000F037F80346002B02D0E3
:10BA1000164B01221A607B68013B7B607B68002B20
:10BA2000F1D1134B00221A60104B1B68002B09D078
:10BA30000123BB600F4B4FF080521A60BFF34F8F52
:10BA4000BFF36F8F00F0EAFBBB6818461037BD46A6
:10BA500080BD00BFE40F0020BC0F00207C0F002041
:10BA6000C40F0020C00E0020BC0E0020D00F00200C
:10BA7000CC0F002004ED00E080B586B000AF0023BD
:10BA80007B614F4B1B68002B40F08F804D4B1B6838
:10BA900001333B614B4A3B6913603B69002B21D169
:10BAA000494B1B681B68002B0BD04FF0500383F3EE
:10BAB0001188BFF36F8FBFF34F8F3B6000BF00BF94
:10BAC000FDE7414B1B68FB60404B1B683E4A13601F
:10BAD0003E4AFB6813603E4B1B6801333C4A1360CF
:10BAE00000F096F93B4B1B683A699A4248D3364BB3
:10BAF0001B681B68002B04D1364B4FF0FF321A60D5
:10BB00003EE0314B1B68DB68DB68BB60BB685B6891
:10BB10007B603A697B689A4203D22E4A7B68136045
:10BB20002EE0BB6804331846FFF7A1FCBB689B6A94
:10BB3000002B04D0BB6818331846FFF798FCBB688D
:10BB4000DB6A01229A40244B1B681343224A13608C
:10BB5000BB68DA6A13469B0013449B001F4A1A44D1
:10BB6000BB68043319461046FFF724FCBB68DA6A49
:10BB70001B4B1B68DB6A9A42B9D301237B61B6E792
:10BB8000174B1B68DA6A154913469B0013449B0048
:10BB90000B441B68012B01D901237B61114B1B68EE
:10BBA000002B07D001237B6104E00F4B1B6801339E
:10BBB0000D4A13607B6918461837BD4680BD00BF2B
:10BBC000E40F0020C00F0020740F0020780F002029
:10BBD000D40F0020DC0F0020C40F0020C00E002076
:10BBE000BC0E0020D00F0020CC0F002080B487B006
:10BBF00000AF274B1B68002B03D0264B01221A6095
:10BC000040E0244B00221A60234B1B68FB60FB685A
:10BC1000B3FA83F3FB72FB7AC3F11F037B611F4905
:10BC20007A6913469B0013449B000B441B68002B4E
:10BC30000BD14FF0500383F31188BFF36F8FBFF325
:10BC40004F8F7B6000BF00BFFDE77A6913469B0002
:10BC500013449B00114A13443B613B695B685A687B
:10BC60003B695A603B695A683B6908339A4204D180
:10BC70003B695B685A683B695A603B695B68DB6893
:10BC8000074A136000BF1C37BD465DF8047B704750
:10BC9000E40F0020D00F0020C40F0020C00E0020B1
:10BCA000BC0E002080B582B000AF786000F052F882
:10BCB000064B1B68012BF9D9054B4FF080521A60D7
:10BCC000BFF34F8FBFF36F8FF0E700BFC00E0020B0
:10BCD00004ED00E080B582B000AF00237B600CE093
:10BCE0007A6813469B0013449B00124A134418467B
:10BCF000FFF733FB7B6801337B607B68062BEFD952
:10BD00000D48FFF72AFB0D48FFF727FB0C48FFF70C
:10BD100024FB0C48FFF721FB0B48FFF71EFB0B4BE6
:10BD2000054A1A600A4B054A1A6000BF0837BD462B
:10BD300080BD00BFC00E00204C0F0020600F00200F
:10BD40007C0F0020900F0020A80F0020740F00200F
:10BD5000780F002080B582B000AF19E000F02CFA17
:10BD6000104BDB68DB687B607B6804331846FFF7A9
:10BD70007EFB0D4B1B68013B0B4A13600B4B1B6892
:10BD8000013B0A4A136000F049FA786800F010F8A5
:10BD9000064B1B68002BE1D100BF00BF0837BD4632
:10BDA00080BD00BF900F0020BC0F0020A40F00201A
:10BDB00080B584B000AF78607B6893F85130002B79
:10BDC00008D17B681B6B184600F0A4FB786800F074
:10BDD000A1FB19E07B6893F85130012B03D17868FF
:10BDE00000F098FB10E07B6893F85130022B0BD0E9
:10BDF0004FF0500383F31188BFF36F8FBFF34F8F62
:10BE0000FB6000BF00BFFDE700BF1037BD4680BD2F
:10BE100080B483B000AF0C4B1B681B68002B04D1AF
:10BE20000A4B4FF0FF321A6008E0074B1B68DB68D3
:10BE3000DB687B607B685B68044A136000BF0C377B
:10BE4000BD465DF8047B7047740F0020DC0F0020B6
:10BE500080B483B000AF0B4B1B68002B02D10123D1
:10BE60007B6008E0084B1B68002B02D102237B603B
:10BE700001E000237B607B6818460C37BD465DF807
:10BE8000047B7047C80F0020E40F002080B584B009
:10BE900000AF78603960294B1B68FB60284B1B683A
:10BEA00004331846FFF7E3FA0346002B0BD1244B6B
:10BEB0001B68DB6A012202FA03F3DA43214B1B6899
:10BEC0001340204A13607B68B3F1FF3F0AD13B68FF
:10BED000002B07D01A4B1B68043319461A48FFF78A
:10BEE00069FA26E0FA687B681344BB60144B1B6850
:10BEF000BA685A60BA68FB689A4209D2134B1A684A
:10BF00000F4B1B68043319461046FFF777FA10E011
:10BF10000F4B1A680A4B1B68043319461046FFF78B
:10BF20006DFA0C4B1B68BA689A4202D2094ABB6888
:10BF3000136000BF1037BD4680BD00BFC00F00209A
:10BF4000BC0E0020C40F0020A80F0020780F002096
:10BF5000740F0020DC0F002080B485B000AFF860C3
:10BF6000B9607A60FB68043BFB60FB684FF080724D
:10BF70001A60FB68043BFB60BB6823F00102FB68AE
:10BF80001A60FB68043BFB600C4AFB681A60FB68A4
:10BF9000143BFB607A68FB681A60FB68043BFB603B
:10BFA000FB686FF002021A60FB68203BFB60FB68D5
:10BFB00018461437BD465DF8047B7047C1BF0008C2
:10BFC00080B485B000AF00237B60134B1B68B3F1D6
:10BFD000FF3F0BD04FF0500383F31188BFF36F8FF7
:10BFE000BFF34F8FFB6000BF00BFFDE74FF0500372
:10BFF00083F31188BFF36F8FBFF34F8FBB6000BF18
:10C0000000BF7B68002BFCD000BF00BF1437BD46CB
:10C010005DF8047B704700BF1C000020000000009A
:10C02000074B19680868B0E8F04F80F30988BFF340
:10C030006F8F4FF0000080F311887047AFF30080DE
:10C04000BC0E002000BF00BF08480068006880F3F5
:10C0500008884FF0000080F3148862B661B6BFF321
:10C060004F8FBFF36F8F00DF00BF00BF08ED00E010
:10C0700080B586B000AF474B1B68474A93420BD14F
:10C080004FF0500383F31188BFF36F8FBFF34F8FCF
:10C09000FB6000BF00BFFDE73E4B1B683F4A934279
:10C0A0000BD14FF0500383F31188BFF36F8FBFF3B1
:10C0B0004F8F3B6100BF00BFFDE7394B7B617B6960
:10C0C0001B78DBB27B607B69FF221A707B691B786F
:10C0D000DBB2FB70FB78DBB203F05003DAB2314B1A
:10C0E0001A70314B07221A6009E02F4B1B68013B85
:10C0F0002D4A1360FB78DBB25B00DBB2FB70FB7890
:10C10000DBB203F08003802BEFD0274B1B68C3F119
:10C110000703042B0BD04FF0500383F31188BFF3B8
:10C120006F8FBFF34F8FBB6000BF00BFFDE71E4B9B
:10C130001B681B021C4A13601B4B1B6803F4E06363
:10C14000194A13607B68DAB27B691A70174B1B6857
:10C15000164A43F470031360144B1B68134A43F0F0
:10C160007043136000F0DAF8114B00221A6000F0FF
:10C17000F9F8104B1B680F4A43F040431360FFF778
:10C1800063FFFFF733FDFFF71BFF00231846183747
:10C19000BD4680BD00ED00E071C20F4170C20F418D
:10C1A00000E400E0E80F0020EC0F002020ED00E0AC
:10C1B0001C00002034EF00E080B483B000AF4FF0EB
:10C1C000500383F31188BFF36F8FBFF34F8F7B60F2
:10C1D00000BF104B1B6801330E4A13600D4B1B68E8
:10C1E000012B10D10C4B1B68DBB2002B0BD04FF096
:10C1F000500383F31188BFF36F8FBFF34F8F3B6002
:10C2000000BF00BFFDE700BF0C37BD465DF8047BF3
:10C21000704700BF1C00002004ED00E080B483B034
:10C2200000AF124B1B68002B0BD14FF0500383F370
:10C230001188BFF36F8FBFF34F8F7B6000BF00BFCC
:10C24000FDE70A4B1B68013B084A1360074B1B685C
:10C25000002B05D100233B603B6883F3118800BFAE
:10C2600000BF0C37BD465DF8047B70471C00002002
:10C27000EFF30980BFF36F8F154B1A681EF0100F94
:10C2800008BF20ED108A20E9F04F106009B44FF08C
:10C29000500080F31188BFF34F8FBFF36F8FFFF70C
:10C2A000A5FC4FF0000080F3118809BC19680868EC
:10C2B000B0E8F04F1EF0100F08BFB0EC108A80F30A
:10C2C0000988BFF36F8F7047AFF30080AFF3008032
:10C2D000BC0E002000BF00BF80B582B000AF4FF0A1
:10C2E000500383F31188BFF36F8FBFF34F8F7B60D1
:10C2F00000BFFFF7C1FB0346002B03D0064B4FF0F6
:10C3000080521A6000233B603B6883F3118800BFB2
:10C3100000BF0837BD4680BD04ED00E080B400AF2B
:10C320000B4B00221A600B4B00221A600A4B1B6851
:10C330000A4AA2FB03239B09094A013B1360044BF1
:10C3400007221A6000BFBD465DF8047B704700BF3E
:10C3500010E000E018E000E010000020D34D621073
:10C3600014E000E0DFF80C00016841F470010160A6
:10C37000704700BF88ED00E080B58AB000AF7860FC
:10C380000023FB61FFF7CCFA5C4B1B68002B01D14B
:10C3900000F024F95A4B1A687B681340002B40F0D8
:10C3A00095807B68002B1ED008227B6813447B603D
:10C3B0007B6803F00703002B15D07B6823F007038D
:10C3C00008337B607B6803F00703002B0BD04FF032
:10C3D000500383F31188BFF36F8FBFF34F8F7B61DF
:10C3E00000BF00BFFDE77B68002B6FD0454B1B688B
:10C3F0007A689A426AD8444B3B62434B1B687B6223
:10C4000004E07B6A3B627B6A1B687B627B6A5B68D9
:10C410007A689A4203D97B6A1B68002BF1D1374BAB
:10C420001B687A6A9A4251D03B6A1B6808221344FF
:10C43000FB617B6A1A683B6A1A607B6A5A687B6890
:10C44000D21A08235B009A4220D97A6A7B68134487
:10C45000BB61BB6903F00703002B0BD04FF0500307
:10C4600083F31188BFF36F8FBFF34F8F3B6100BF22
:10C4700000BFFDE77B6A5A687B68D21ABB695A60C5
:10C480007B6A7A685A60B86900F00AF91D4B1A682D
:10C490007B6A5B68D31A1B4A13601A4B1A681B4BE2
:10C4A0001B689A4203D2174B1B68184A13607B6AB9
:10C4B0005A68134B1B681A437B6A5A607B6A0022D6
:10C4C0001A60134B1B680133114A1360FFF736FAE9
:10C4D000FB6903F00703002B0BD04FF0500383F3ED
:10C4E0001188BFF36F8FBFF34F8FFB6000BF00BF9A
:10C4F000FDE7FB6918462837BD4680BDF84B002094
:10C500000C4C0020FC4B0020F04B0020004C002085
:10C51000044C002080B586B000AF78607B687B61FA
:10C520007B68002B4FD008235B427A6913447B6100
:10C530007B693B613B695A68254B1B681340002BA4
:10C540000BD14FF0500383F31188BFF36F8FBFF30C
:10C550004F8FFB6000BF00BFFDE73B691B68002BEE
:10C560000BD04FF0500383F31188BFF36F8FBFF3ED
:10C570004F8FBB6000BF00BFFDE73B695A68144B9B
:10C580001B681340002B1ED03B691B68002B1AD17F
:10C590003B695A680E4B1B68DB431A403B695A6083
:10C5A000FFF7BEF93B695A680A4B1B681344094AF6
:10C5B0001360386900F074F8074B1B680133064AB2
:10C5C0001360FFF7BBF900BF1837BD4680BD00BF41
:10C5D0000C4C0020FC4B0020084C002080B485B09F
:10C5E00000AF4FF47053BB60274BFB60FB6803F058
:10C5F0000703002B0CD0FB680733FB60FB6823F0BC
:10C600000703FB60BA68FB68D31A1F4A1344BB6078
:10C61000FB687B601D4A7B6813601C4B00225A60DC
:10C620007B68BA681344FB600822FB689B1AFB60B6
:10C63000FB6823F00703FB60FB68154A1360144B8B
:10C640001B6800225A60124B1B6800221A607B682C
:10C650003B603B68FA68D21A3B685A600C4B1A6818
:10C660003B681A603B685B680A4A13603B685B681A
:10C67000094A1360094B4FF000421A6000BF14379B
:10C68000BD465DF8047B7047F00F0020F04B0020A2
:10C69000F84B0020004C0020FC4B00200C4C0020EC
:10C6A00080B485B000AF7860284BFB6002E0FB6887
:10C6B0001B68FB60FB681B687A689A42F7D8FB68C6
:10C6C000BB60FB685B68BA6813447A689A4208D119
:10C6D000FB685A687B685B681A44FB685A60FB68B1
:10C6E0007B607B68BB607B685B68BA681A44FB68E8
:10C6F0001B689A4218D1FB681A68154B1B689A424E
:10C700000DD07B685A68FB681B685B681A447B68BD
:10C710005A60FB681B681A687B681A6008E00C4B5B
:10C720001A687B681A6003E0FB681A687B681A6005
:10C73000FA687B689A4202D0FB687A681A6000BF88
:10C740001437BD465DF8047B704700BFF04B0020F6
:10C75000F84B00200A22002100F07AB8242B2DE9A2
:10C76000F0478646904601D8012B06D100F0E0FE46
:10C77000162303600020BDE8F08734480D462A46A2
:10C7800015F8014B065D16F00806F8D12D2C10D1D6
:10C790002C780126951C33F0100215D1302C0DD1C8
:10C7A0002A7802F0DF02582A08D16C78023510236B
:10C7B0000AE02B2C04BF2C78951CECE7002BF6D15B
:10C7C000302C14BF0A23082306F1004C0CF1FF3C67
:10C7D0000022BCFBF3F9104603FB19CAA4F1300791
:10C7E000092F0FD83C46A3421BDD571C07D08145BB
:10C7F00014D301D1A24511DB00FB0340012215F83F
:10C80000014BEBE7A4F14107192F01D8373CEAE7C8
:10C81000A4F16107192F04D8573CE4E74FF0FF3229
:10C82000EDE7531C08D12223CEF800306046B8F162
:10C83000000FA0D0691E06E006B14042B8F1000F1B
:10C8400099D0002AF6D1C8F8001094E77D0C0108B1
:10C8500013460A46014602480068FFF77FBF00BF43
:10C860002C0000202DE9FF4757EC106B002F0C46E1
:10C8700019463B46BBBF07F100431F4600232D234B
:10C880000B700D9BDDF830A0914623F02008BCBF53
:10C8900032461646B8F1460F05D0B8F1450F00D123
:10C8A0000134022100E0032103AB019302AB0093AA
:10C8B00047EC106B5346224600F01EFFB8F1470FBD
:10C8C000054619D119F0010F0ED000EB0409002222
:10C8D000002330463946F4F707F908B1CDF80C903B
:10C8E0003022039B4B451ED3039B0E9A5B1B2846AD
:10C8F000136004B0BDE8F087B8F1460F00EB0409FF
:10C90000E5D10378302B0AD1002200233046394686
:10C91000F4F7EAF818B9C4F10104CAF80040DAF8EB
:10C9200000309944D3E7591C03911A70D9E7F7B541
:10C930000029BABF49422D232B23092902704370D5
:10C9400029DD0DF1070425460A272246B1FBF7F63B
:10C9500007FB1613303302F8013C0B46632B04F13E
:10C96000FF343146F1DC3031931E04F8011C411CC8
:10C970001C46AB420AD30DF109039B1AA54238BFEE
:10C980000023821C1344181A03B0F0BD13F8016B86
:10C9900001F8016FEDE7302330318370C170031D62
:10C9A000F1E700002DE9F04F8DB00C46DDF858801E
:10C9B00016461F46054600F071FD036806931846AB
:10C9C000F3F766FC00230A93D8F8003094F818A017
:10C9D000D4F800B00790073323F00703B3EC027BD1
:10C9E0008DED047BC8F80030DDE9048323F00049B5
:10C9F00084ED127B9C4B4FF0FF3240464946F4F7E2
:10CA0000A5F870BB984B4FF0FF3240464946F4F70B
:10CA10007FF830BBDDE9040100220023F4F76EF853
:10CA200010B12D2384F84330904A914BBAF1470F4F
:10CA30008CBF90469846032323612BF004032360A8
:10CA40004FF00009009733460BAA2146284600F014
:10CA5000D1F9013040F08C804FF0FF300DB0BDE8CF
:10CA6000F08FDDE9042310461946F4F76FF840B162
:10CA7000059B804A002BBCBF2D2384F843307E4B9E
:10CA8000D4E763685A1C0AF0DF093BD106236360D0
:10CA90004BF480620023226003930AABCDE901A32B
:10CAA00009AB009361689DED040B0DF1230328464B
:10CAB000FFF7D8FEB9F1470F0999804629D1C81C64
:10CAC00002DB63688B4241DAAAF1020A5FFA8AFA52
:10CAD0000139524604F150000991FFF728FF0A9AE4
:10CAE0001318012A8146236102DC2268D20701D58E
:10CAF000013323619DF82330002BA3D02D2384F82C
:10CB000043309FE7B9F1470FC2D1002BC0D10123B9
:10CB1000BDE7BAF1650FDBD9BAF1660F18D100296C
:10CB200063680BDD216113B92268D00702D5013398
:10CB30000B442361A1654FF00009DBE713B92268BC
:10CB4000D20701D50233F4E70123F2E74FF0670A79
:10CB50000A9B8B4205DC23682161D807EAD54B1C70
:10CB6000E7E70029D4BFC1F1020201221344E0E744
:10CB700023685A0507D42369424631462846B847F8
:10CB800001302BD168E7BAF1650F40F2DD80D4E9BE
:10CB9000120100220023F3F7A7FF002833D0374A01
:10CBA000012331462846B84701303FF455AFDDE94F
:10CBB0000938434502DB2368D8070FD5DDE9062392
:10CBC00031462846B84701303FF446AF4FF00009E0
:10CBD00008F1FF3804F11A0AC84509DC23689B07ED
:10CBE00000F10381E0680B9B9842B8BF184635E717
:10CBF0000123524631462846B84701303FF42CAF56
:10CC000009F10109E8E7099B002B39DC1B4A0123E4
:10CC100031462846B84701303FF41EAFDDE90939F7
:10CC200059EA030302D12368D907D7D5DDE90623E2
:10CC300031462846B84701303FF40EAF4FF0000AA6
:10CC400004F11A0B099B5B42534501DC4B4693E709
:10CC500001235A4631462846B84701303FF4FCAE1E
:10CC60000AF1010AEEE700BFFFFFEF7F810D010827
:10CC70007D0D0108890D0108850D01088D0D010844
:10CC8000A36DDDF828A05345A8BF5346002B994655
:10CC900036DC4FF0000B29EAE97904F11A02A36DA2
:10CCA0000493A3EB09035B4531DC099B9A453ADC0D
:10CCB0002368DA0737D4099BAAEB0309049BAAEB84
:10CCC00003039945A8BF9946B9F1000F33DC4FF033
:10CCD000000829EAE97904F11A0B099BAAEB03037E
:10CCE000A3EB090343457FF779AF01235A46314649
:10CCF0002846B84701303FF4AFAE08F10108ECE731
:10CD0000424631462846B8470130C2D1A4E6012345
:10CD1000314628460492B84701303FF49DAE049A4C
:10CD20000BF1010BBBE7DDE9062331462846B84786
:10CD30000130C0D190E6049A4B4642443146284621
:10CD4000B8470130C3D187E6DDF828A0BAF1010F5A
:10CD500001DCDB0736D50123424631462846B84779
:10CD600001303FF479AEDDE9062331462846B84765
:10CD700001303FF471AED4E91201002200230AF120
:10CD8000FF3AF3F7B1FEC0B9534608F1010231464C
:10CD90002846B84701300CD15EE601235A46314699
:10CDA0002846B84701303FF457AE08F10108D04596
:10CDB000F3DB4B4604F15002DFE64FF0000804F1CC
:10CDC0001A0BF4E701234246E1E701234A463146C4
:10CDD0002846B84701303FF43FAE08F10108E36848
:10CDE0000B995B1A4345F0DCFCE64FF0000804F1B8
:10CDF0001909F4E72DE9F047164698468A680B6949
:10CE0000DDF820909342B8BF1346336091F8432079
:10CE100007460C460AB1013333602368990642BFC6
:10CE2000336802333360256815F0060506D104F136
:10CE3000190AE36832689B1AAB4226DC94F8433047
:10CE40002268003B18BF012392062BD404F1430251
:10CE500041463846C84701301ED02368226903F096
:10CE60000603042B02BFE5683368ED1AA3680CBF04
:10CE700025EAE57500259342C4BF9B1AED180026EC
:10CE80001A34B5421AD1002008E001235246414627
:10CE90003846C847013003D14FF0FF30BDE8F08776
:10CEA0000135C6E7E1185A1C302081F843002244BE
:10CEB00094F8451082F843100233C7E70123224655
:10CEC00041463846C8470130E6D00136D9E7000070
:10CED0002DE9F0430D7E85B0782D90460C9E0746D7
:10CEE0000C46994601F1430207D8622D0AD8002D5D
:10CEF00000F0D780582D00F0BC8004F1420684F881
:10CF000042503BE0A5F16303152BF6D801A151F87F
:10CF100023F000BF6DCF000881CF0008FBCE0008D2
:10CF2000FBCE0008FBCE0008FBCE000881CF000836
:10CF3000FBCE0008FBCE0008FBCE0008FBCE0008AD
:10CF400089D00008ABCF00083BD00008FBCE00081A
:10CF5000FBCE0008ABD00008FBCE0008ABCF00082A
:10CF6000FBCE0008FBCE000843D0000833681A1D32
:10CF70001B68326004F1420684F842300123A1E0CC
:10CF800033682068191D3160060601D51D6803E06D
:10CF90004506FBD5B3F90050002D03DA2D236D4271
:10CFA00084F843305B480A2311E02168336808069F
:10CFB00053F8045B02D4490648BFADB23360237E08
:10CFC00054486F2B5CD10823002184F84310666815
:10CFD000A660002E05DB21682E4321F004012160AC
:10CFE00050D01646B5FBF3F103FB115C10F80CC0F2
:10CFF00006F801CDAC4663450D46F3D9082B0BD19D
:10D000002368DB0708D5236961689942DEBF3023B6
:10D0100006F8013C06F1FF36921B2261CDF8009024
:10D02000434603AA21463846FFF7E4FE01304ED1BD
:10D030004FF0FF3005B0BDE8F083236843F02003D4
:10D0400023603548782584F845502368316813F00B
:10D05000800F51F8045B03D113F0400F18BFADB23D
:10D060003160D90744BF43F0200323601DB1102372
:10D07000AAE72848E7E7236823F020032360F6E7C0
:10D080000A23A1E71646B9E7336825686169181DC8
:10D0900030602E061B6801D5196002E06806FBD5DA
:10D0A0001980002323611646B8E733681A1D3260E1
:10D0B0001E68626800213046F3F79AF808B1801BB9
:10D0C000606063682361002384F84330A6E7236926
:10D0D000324641463846C8470130A9D023689B07ED
:10D0E00013D4E068039B9842B8BF1846A2E7012317
:10D0F000324641463846C847013099D00135E36889
:10D1000003995B1AAB42F2DCEBE7002504F1190648
:10D11000F5E700BF8F0D0108A00D0108002310B531
:10D120000446C0E90033C0E904338360818143666B
:10D13000C2818361194608225C3000F02DF90D4B45
:10D1400063620D4BA3620D4BE3620D4B23630D4BEA
:10D1500024629C4206D003F16802944202D0D0338C
:10D160009C4205D104F15800BDE8104000F00ABA15
:10D1700010BD00BF11D3000833D300086BD30008E3
:10D1800091D30008104C0020024A0349034800F0E4
:10D190006BB800BF2000002075EF000830000020B1
:10D1A00041680C4B994210B5044601D001F0E2FEF3
:10D1B000A168094B994202D0204601F0DBFEE168EC
:10D1C000064B994204D02046BDE8104001F0D2BE83
:10D1D00010BD00BF104C0020784C0020E04C002017
:10D1E0000C4B0D4A0D4810B504211A600022FFF7C0
:10D1F00095FF0A4B01221C46092103F16800FFF745
:10D200008DFF04F1D0000222BDE810401221FFF78B
:10D2100085BF00BF484D002089D10008104C002078
:10D22000014800F0B0B900BF514D0020014800F0A6
:10D23000ABB900BF514D002010B50446FFF7F0FF19
:10D24000236A1BB1BDE81040FFF7F0BF044B236217
:10D25000044B1B68002BF5D1FFF7C2FFF2E700BFBC
:10D26000A1D10008484D00202DE9F8430746884623
:10D2700014460026D4E90195B9F1010905D52468C1
:10D28000002CF7D13046BDE8F883AB89012B07D9D4
:10D29000B5F90E30013303D029463846C04706435E
:10D2A0006835E9E70CB430B5184B0C1E1D689DB00D
:10D2B00008DA8B232B604FF0FF301DB0BDE8304003
:10D2C00002B070474FF40273ADF814304FF0000312
:10D2D0001B9314BF04F1FF332346049307934FF6C7
:10D2E000FF7302900690ADF81630209A21AB02A988
:10D2F0002846019301F0C4FC431CBCBF8B232B6068
:10D30000002CDAD0029B00221A70D6E72C000020F5
:10D3100010B50C46B1F90E1000F0E6F80028ABBFCE
:10D32000636DA3891B1823F48053ACBF6365A3818D
:10D3300010BD2DE9F0411F468B89DB0505460C46E3
:10D34000164605D5B1F90E100223002200F0BAF8F6
:10D35000A389B4F90E1023F48053A38132463B46CF
:10D360002846BDE8F04100F0D1B810B50C46B1F93F
:10D370000E1000F0A7F8B4F90C30421C0BBF23F4D8
:10D38000805343F48053A381A38118BF606510BD0F
:10D39000B1F90E1000F086B802440346934200D162
:10D3A000704703F8011BF9E710B50139034632B1A4
:10D3B00011F8014F03F8014B013A002CF7D11A4440
:10D3C0000021934200D110BD03F8011BF9E70000D2
:10D3D0001B4B2DE9F0411C68656C06460F463DBBB2
:10D3E000502000F0AFFF0246606420B9154B16488C
:10D3F0005B2100F0D9F88560626CC0E90055C2E994
:10D400000355626CC2E90555626CC2E90A55626C4B
:10D41000C2E90C55626CC2E90E55626CC2E9105546
:10D42000626CC2E91255626C15772B46656C6B62B3
:10D430002A46394630460123BDE8F04100F006B8DF
:10D440002C000020B10D0108C80D0108F0B50446FC
:10D4500008B9146844B1204614F8015B0F4617F868
:10D46000016B1EB965B91560002005E0B542F6D123
:10D47000002BF0D114600370F0BD1C460CE01DB908
:10D48000274614F8013B0E4616F8015BAB42F6D175
:10D49000002BF2D000233B701460EDE7004870478A
:10D4A0006C01002038B5064D0023044608462B6069
:10D4B000F7F7BAFD431C02D12B6803B1236038BDD6
:10D4C0004C4D002038B5074D044608461146002251
:10D4D0002A601A46F7F7CFFD431C02D12B6803B12F
:10D4E000236038BD4C4D002038B5074D0446084632
:10D4F000114600222A601A46F7F75DFD431C02D14F
:10D500002B6803B1236038BD4C4D002038B5074D62
:10D5100004460846114600222A601A46F7F768FDBD
:10D52000431C02D12B6803B1236038BD4C4D002051
:10D53000014B1868704700BF2C00002070B50D4BE0
:10D540000D4D5B1B9C100026A64209D102F0E2FCA7
:10D550000A4D0B4B5B1B9C100026A64205D170BDEB
:10D5600055F8043B98470136EEE755F8043B9847D9
:10D570000136F2E750100108501001085010010860
:10D58000541001087047704770470A44914200F1F7
:10D59000FF3300D1704710B511F8014B03F8014F6C
:10D5A0009142F9D110BD00001FB514461A46094B2F
:10D5B0001B680546D8684CB1074B0091CDE9013492
:10D5C00006492B4601F0FEFC01F038FD044B1C46D9
:10D5D000F3E700BF2C000020220E01082F0E0108E7
:10D5E0005D0E01082DE9F74F03690C69A342074658
:10D5F0007EDB013C01F11408A30000F11405009347
:10D6000005EB8403019358F8243055F824200133A6
:10D610009A4208EB8409B2FBF3F62ED34FF0000ACE
:10D62000C446AE46D3465CF8043B98B206FB00A065
:10D63000020C1B0C06FB0323DEF8002080B292B222
:10D64000121A5A44DEF800004FEA134A9BB2C3EBA9
:10D65000224303EB104392B242EA0342E1454EF803
:10D66000042B4FEA234BDED2009BEB582BB9019BD6
:10D67000043B9D421A462FD33C61384601F094F991
:10D68000002825DB2946002058F8042BD1F800C0DB
:10D690001FFA82FE1FFA8CF3A3EB0E030344120C55
:10D6A000C2EB234202EB1C429BB243EA0243C14558
:10D6B00041F8043B4FEA2240E6D255F8242005EB1E
:10D6C000840322B9043B9D421A460BD33C610136C8
:10D6D000304603B0BDE8F08F1268043B002ACBD17E
:10D6E000013CC6E71268043B002AEFD1013CEAE79F
:10D6F0000020EEE7000000002DE9F04F99B08DED1D
:10D700000E0B0C92C269229C0A9157EC106B814659
:10D71000139382B9102000F015FE0246C9F81C00D0
:10D7200020B9AB4BEF21AB48FFF73EFF0023C0E928
:10D7300001330360C360116859B152684A60012324
:10D7400093408B60484600F0F1FED9F81C3000226F
:10D750001A60B7F10008B5BF0123002323602360DE
:10D760009D4BBCBF28F00048CDF83C8033EA08034D
:10D770001AD1139AC8F3130842F20F7358EA060835
:10D78000136000F06885239B53B9944B21E0944BC0
:10D7900000930833239A1360009819B0BDE8F08F06
:10D7A0008E4B00930333F5E79DED0E7B002251EC89
:10D7B000170B00238DED067BF3F796F9824650B1E7
:10D7C000139A01231360239B13B1239A854B136093
:10D7D000854B0093E0E79DED060B16AA17A9484676
:10D7E00001F096F95FEA1854169D019079D0079BD5
:10D7F000CDF850A0C3F31303DDE9060143F07F53D6
:10D8000043F44013A4F2FF3419460022774BF2F799
:10D810004BFD69A3D3E90023F2F7FEFE68A3D3E929
:10D820000023F2F743FD064620460F46F2F78AFE34
:10D8300065A3D3E90023F2F7EFFE02460B4630461C
:10D840003946F2F733FD06460F46F3F795F9002205
:10D850008046002330463946F3F750F948B1404638
:10D86000F2F770FE32463B46F3F73EF908B908F18D
:10D87000FF38B8F1160F51D85D4B03EBC803D3E95D
:10D880000023DDE90601F3F739F9002848D008F153
:10D89000FF38002312932D1B6B1E089343BF0023F8
:10D8A000C5F1010708930027B8F1000F3ADB089B88
:10D8B000CDF8348043440893002309930A9B092B35
:10D8C00062D8052BC4BF043B0A930A9BA3F1020351
:10D8D000CCBF00240124032B62D8DFE803F05153AE
:10D8E000362B179C2C4404F23243202BC1BFC3F1CA
:10D8F000400308FA03F804F2124326FA03F3D6BFF2
:10D90000C3F1200348EA030006FA03F0F2F70AFE27
:10D910000122A1F1F873013C149275E70123B9E7E4
:10D920001290B8E7C8F1000309930023A7EB08079A
:10D930000D93C3E701230B930C9B434405930133E1
:10D94000012B0493B8BF012306E001230B930C9B2A
:10D95000002B28DDCDE90433D9F81C000021042276
:10D9600002F114059D4223D94160484600F0A0FD14
:10D970000090002840D11F4B024640F2AF11D2E682
:10D980000023E3E70023D6E701240023CDE90A348E
:10D990004FF0FF33CDE90433002212230C92DBE772
:10D9A00001230B93F4E70123CDE904331A46F5E78D
:10D9B00001315200D4E700BF61436F63A787D23FB4
:10D9C000B3C8608B288AC63FFB799F501344D33F6E
:10D9D000B10D01086B0E01080000F07F670E010811
:10D9E0005E0E01088E0D01088D0D01080000F83F44
:10D9F000800F0108C30E0108D9F81C30009A1A6084
:10DA0000049B0E2B00F2A180002C00F09E80B8F148
:10DA1000000F36DD9E4B08F00F0203EBC20318F433
:10DA2000807FD3E900AB4FEA281516D0994BDDE98A
:10DA30000601D3E90823F2F719FFCDE9020105F049
:10DA40000F050324934E75B9DDE9020152465B468A
:10DA5000F2F70CFF82468B462DE09DED067B0224FB
:10DA60008DED027BEEE7E90708D550465946D6E929
:10DA70000023F2F7D1FD013482468B466D10083643
:10DA8000E1E700F0AD80C8F10005814B814E05F063
:10DA90000F0203EBC203D3E90023DDE90601F2F72D
:10DAA000BBFD2D1182468B4600230224002D40F041
:10DAB0008C80002BCED1129B002B00F09580764BF2
:10DAC000002250465946F3F719F8002800F08C80E0
:10DAD000049B002B00F08880059B002B35DD08F1AE
:10DAE000FF330293504659466C4B0022F2F794FDE7
:10DAF000059E82468B4601342046F2F723FD5246AE
:10DB00005B46F2F789FD664B0022F2F7CFFB044635
:10DB1000A1F15075CDE91045002E69D1614B00226D
:10DB200050465946F2F7C0FB22462B4682468B46AA
:10DB3000F3F702F8002840F09482224605F10043F2
:10DB400050465946F2F7DAFF20BB179B002BC0F274
:10DB50006081B8F10E0F00F35C814D4B03EBC803FD
:10DB6000D3E900AB0C9B002B80F2EE80049B002BD2
:10DB700000F3EA800ED14B4B002250465946F2F793
:10DB80004BFD02460B46DDE90601F2F7C1FF002816
:10DB900000F06A8200252C460C9B009EDB4302931A
:10DBA000274600242946484600F0C0FC002F00F01C
:10DBB000C1802CB1BC4203D02146484600F0B6FCDF
:10DBC0003946484600F0B2FCB4E0EA0705D5D6E98C
:10DBD0000023F2F721FD013401236D10083665E7BB
:10DBE000DDE906AB022466E7049ECDF8088083E7F2
:10DBF000274B03EBC60353E902010B9B002B55D0C7
:10DC000002460B4600202849F2F730FEDDE91023DA
:10DC1000F2F74AFB009BCDE910019D191E465946BB
:10DC20005046F2F7A9FF0446F2F78CFC02460B4679
:10DC300050465946F2F738FB3034DDE9102306F838
:10DC4000014B82468B46F2F759FF002872D15246AB
:10DC50005B4611490020F2F727FBDDE91023F2F7BC
:10DC60004DFF002840F0B680AE423FF46EAFDDE9D4
:10DC700010010A4B0022F2F7CFFC084BCDE910014E
:10DC8000002250465946F2F7C7FC82468B46C6E74B
:10DC9000800F0108580F01080000F03F00002440E9
:10DCA00000001C40000014400000E03FDDE91023AC
:10DCB000F2F7B2FC009B009DCDE9100133441593AF
:10DCC00059465046F2F758FF0446F2F73BFC303411
:10DCD0000B46024659465046F2F7E6FA05F8014B64
:10DCE000159B9D4282468B4627D1009B0022DDE991
:10DCF00010011E44B34BF2F7D9FA02460B465046C8
:10DD00005946F2F719FF002864D1DDE91023AD4927
:10DD10000020F2F7C9FA02460B4650465946F2F780
:10DD2000EDFE00283FF411AF334616F8012D302ADE
:10DD3000FAD01E46DDF808803AE0A34B0022F2F745
:10DD40006BFC82468B46BBE7009E52465B46DDE994
:10DD50000601F2F78BFDF2F70FFF0746F2F7F2FB31
:10DD600052465B46F2F758FC02460B46DDE90601D7
:10DD7000F2F79AFA07F1300C009C06F801CBA6EBFB
:10DD8000040C049C644502460B4633D1F2F78EFA2C
:10DD900052465B4604460D46F2F7CEFEC0B95246E7
:10DDA0005B4620462946F2F79FFE08B1FB070FD4D9
:10DDB0000199484600F0BAFB0023139A337008F12A
:10DDC00001031360239B002B3FF4E6AC1E60E3E4E9
:10DDD000CDF8088033461E4613F8012D392A06D1A6
:10DDE000009A9A42F7D1029A01320292302201320D
:10DDF0001A709FE7744B0022F2F70EFC02460B46A6
:10DE0000CDE9062300220023F2F76EFE00289CD005
:10DE1000CEE70B9A002A00F0E3800A9A012A00F369
:10DE2000C280149A002A00F0BA8003F23343099D9D
:10DE30003E46089A01211A4448461F44089200F0C1
:10DE400029FC044656B1089B002B07DDB342089A13
:10DE5000A8BF3346FF1AF61AD31A0893099B0BB3CF
:10DE60000B9B002B00F0C380002D00F0BD802146ED
:10DE70002A46484600F0CEFC019A01460446484630
:10DE800000F01EFC01998246484600F04FFB099BBA
:10DE90005B1B099300F0AE80099A5146484600F09A
:10DEA000B9FC01900121484600F0F4FB0D9B0546AA
:10DEB000002B00F0D7811A460146484600F0AAFC24
:10DEC0000A9B012B054600F39D800E9B002B40F022
:10DED00094800F9BC3F31303002B40F08E800F9BA5
:10DEE00023F000431B0D1B05002B00F08980089BCD
:10DEF0000133013708934FF0010A0D9B002B00F00E
:10DF0000B7812B6905EB8303186900F077FBC0F13B
:10DF10002000089B184410F01F007ED0C0F12003A1
:10DF2000042B72DD089BC0F11C0003440744064427
:10DF30000893002F05DD01993A46484600F0C6FCDB
:10DF40000190089B002B05DD29461A46484600F043
:10DF5000BDFC0546129B002B61D00198294600F0BC
:10DF600023FD00285BDA08F1FF33029301990023B7
:10DF70000A22484600F0FCFA0B9B0190002B00F0AF
:10DF80007981002321460A22484600F0F1FA059BD8
:10DF9000002B044672DC0A9B022B49DC6EE0169BC8
:10DFA000C3F1360343E7049B5D1E099BAB420DDBC7
:10DFB0005D1B049B002BBFF63BAF049BFE1A0023A6
:10DFC00037E700BF0000E03F00002440099B0D9AA6
:10DFD0000995EB1A1A440D92049B3E46002528E74A
:10DFE000099D0B9C3E462DE7DDF804A054E7099AF5
:10DFF000019953E7CDF804A054E74FF0000A7CE7FD
:10E000009A467AE74FF0000A7BE792D0089A1C33D1
:10E010001A441F441E4408928BE70346F6E7049B0C
:10E02000CDF80880002B23DC05930A9B022B21DD11
:10E03000059B002B7FF4B0AD29460522484600F031
:10E0400097FA01460546019800F0AEFC00287FF7DC
:10E05000A3AD009E312306F8013B029B01330293DE
:10E060009EE535462C46F4E7049DCDF80880F9E797
:10E07000049B05930B9B002B00F00081002E05DD17
:10E0800021463246484600F021FC0446BAF1000F12
:10E090005AD06168484600F00BFA064628B9824B10
:10E0A000024640F2EF21FFF73EBB226902329200A6
:10E0B00004F10C010C30FFF768FA012231464846A2
:10E0C00000F004FC0746009B009A03F1010B059B3E
:10E0D000134406930E9B03F0010308930BF1FF33E7
:10E0E000294601980493FFF77DFA2146059000F137
:10E0F000300A019800F058FC3A46804629464846C6
:10E1000000F06EFCC268064602BB0146019800F0B2
:10E110004BFC024631464846099200F007FADDE919
:10E12000092342EA0301089B19435E4610D1BAF164
:10E13000390F2BD0B8F1000F02DD059B03F1310A36
:10E14000049B83F800A02DE52746BCE70122E1E708
:10E15000B8F1000F06DB0A9B48EA0308089B58EA5F
:10E16000030820D1002AEBDD01990122484600F086
:10E17000ADFB2946019000F017FC002803DCDFD13D
:10E180001AF0010FDCD0BAF1390FD6D1049A392335
:10E19000137033461E46013B16F8012C392A52D023
:10E1A00001321A70FEE4002A07DDBAF1390FEDD012
:10E1B000049A0AF101031370F4E4069B0BF801AC16
:10E1C0005B452AD0019900230A22484600F0D0F985
:10E1D000BC4201904FF000034FF00A02214648462E
:10E1E00006D100F0C5F9044607460BF1010B75E7AF
:10E1F00000F0BEF93946044600230A22484600F0E2
:10E20000B7F90746F1E7059B5E1E002B009BD8BFC0
:10E2100000265A1C2746164400240199012248462C
:10E2200000F054FB2946019000F0BEFB0028B0DC52
:10E2300002D11AF0010FACD133461E4613F8012D5E
:10E24000302AFAD0AEE4009A9A42A3D1029B01335D
:10E2500002933123AFE7239B002B7FF498AA134B43
:10E26000FFF7B7BA0A9B012B7FF72FAEDDF834A07A
:10E2700001204EE6059B002B7FF7D7AE009E01984C
:10E280002946FFF7AFF900F1300A009B06F801AB11
:10E29000F21A059B9342B6DD019900230A224846F3
:10E2A00000F066F90190EAE7C30E01085E0E01086E
:10E2B00038B50546002941D051F8043C0C1F002B0D
:10E2C000B8BFE41800F0E8F81D4A136833B963607A
:10E2D00014602846BDE8384000F0E4B8A34208D9ED
:10E2E000206821188B4201BF19685B6809182160FA
:10E2F000EDE71A465B680BB1A342FAD911685018D2
:10E30000A0420BD120680144501883421160E0D133
:10E3100018685B68536008441060DAE702D90C2380
:10E320002B60D6E7206821188B4204BF19685B6810
:10E33000636004BF091821605460CAE738BD00BF9C
:10E34000584D0020024B0146186800F025B800BF68
:10E350002C00002070B50F4E0C463168054611B9EF
:10E3600000F05CFE30602146284600F057FE431C5A
:10E3700003D14FF0FF34204670BDC41C24F00304C9
:10E38000A042F8D0211A284600F048FE0130F2D110
:10E39000EFE700BF544D00202DE9F843CD1C25F0D8
:10E3A000030508350C2D38BF0C25002D064601DB72
:10E3B000A94204D90C2333600020BDE8F883DFF8BC
:10E3C000D48000F069F8D8F800301C4644BB2946D8
:10E3D0003046FFF7BFFF431C044658D1D8F8004031
:10E3E0002746002F43D1002C4BD0236839463046B6
:10E3F00004EB030900F012FE814542D121686D1A39
:10E4000029463046FFF7A6FF01303AD023682B4457
:10E410002360D8F800305A6862BBC8F800700FE07B
:10E420002268521B20D40B2A17D96119A3422560F8
:10E4300018BF5960636808BFC8F8001062514B608C
:10E44000304600F02FF804F10B00231D20F00700E8
:10E45000C21A1CBF1B1AA350AFE76268A3420CBFCD
:10E46000C8F800205A60EBE723466468AEE73C46F4
:10E470007F68B6E71A465B68A342FBD1002353606E
:10E48000DEE70C233360304600F00CF894E70560BB
:10E49000D6E700BF584D00200148FFF774B800BF11
:10E4A000504D00200148FFF76FB800BF504D0020CD
:10E4B00070B5C46905460E4684B91020FFF742FFC7
:10E4C0000446E86128B90246164B17486B21FFF74E
:10E4D0006BF80023C0E901330360C360E36853B9FC
:10E4E00021220421284600F0B0FDEB69E060DB68E2
:10E4F0000BB9002070BD53F8260030B1026843F814
:10E5000026200023C0E90333F4E7012101FA06F4D1
:10E51000621D9200284600F098FD0028E9D0C0E96D
:10E520000164EEE7B10D0108D40E010870B5C669AB
:10E5300005460C4676B91020FFF704FF0246E86155
:10E5400020B9094B09488F21FFF72EF8C0E9016671
:10E550000660C6603CB1EB696268DB6853F8221064
:10E56000216043F8224070BDB10D0108D40E0108AE
:10E570002DE9F0410D6907460C461E4601F1140CC9
:10E580000020DCF8003099B202FB01611E0C0B0C7C
:10E5900002FB063389B2013001EB034185424CF89E
:10E5A000041B4FEA1346ECDC0EB3A368AB4219DC44
:10E5B000616838460131FFF77BFF804628B9024683
:10E5C0000C4B0D48BA21FEF7EFFF2269023204F12D
:10E5D0000C0192000C30FEF7D8FF21463846FFF7B9
:10E5E000A5FF444604EB850301355E6125612046A5
:10E5F000BDE8F081C30E0108D40E0108B0F5803FDC
:10E60000034636BF030400201020B3F1807F3CBFD7
:10E610001B020830B3F1805F3CBF1B010430B3F133
:10E62000804F3CBF9B000230002B05DB13F0804F76
:10E6300000F1010008BF202070470368024613F074
:10E6400007000BD0D90721D4980749BF5B089B0866
:10E65000012013605CBF13600220704799B209B9B2
:10E660001B0C1020D9B209B908301B0A190704BFC6
:10E670001B090430990704BF9B080230D90703D453
:10E680005B0800F1010003D0136070470020704761
:10E690002020704710B50C460121FFF709FF024604
:10E6A00028B9054B054840F24511FEF77DFF0123CF
:10E6B0004461036110BD00BFC30E0108D40E010800
:10E6C0002DE9F04FD1F81090D2F810A0D14585B0C7
:10E6D0008846144604DB53460C46CA469046994683
:10E6E000A36861680AEB0906B342B8BF0131FFF7BE
:10E6F000DFFE30B90246454B45484FF4B171FEF795
:10E7000053FF00F1140505EB86072B460022BB42A0
:10E710001FD304F1140C08F114010CEB8A0301EB74
:10E72000890202921A1B153A22F0030215349C4208
:10E7300088BF00220192029A03918A420CD8002ECF
:10E7400003DD57F8043D002B5DD0066105B0BDE840
:10E75000F08F43F8042BDAE7B1F800A0BAF1000F0C
:10E7600024D0E046A9464FF0000E58F8042BD9F803
:10E7700000401FFA82FBA4B20AFB0B444FEA124B83
:10E78000D9F8002074444FEA124E0AFB0BE202EB68
:10E790001442A4B244EA0244434549F8044B4FEA08
:10E7A000124EE2D8019AAA18C2F804E0039AB2F80D
:10E7B00002800431B8F1000F23D02A68E646914662
:10E7C000AA464FF0000BBEF8004008FB04B404EB6F
:10E7D000194492B242EA04424AF8042B5EF8042B30
:10E7E000DAF800904FEA124B1FFA89F208FB0B226D
:10E7F00002EB144273454FEA124BE4D8019C2C19EA
:10E800006260043597E7013E99E700BFC30E010837
:10E81000D40E01082DE9F843174612F00302804692
:10E820000D4607D0264C013A002354F82220FFF76A
:10E830009FFE0546BF103FD0D8F81C4094B9102069
:10E84000FFF780FD0446C8F81C0030B902461D4B96
:10E850001D4840F2B311FEF7A7FE0023C0E90133C3
:10E860000360C360A66846B940F271214046FFF7D5
:10E8700011FF0023A060064603602C464FF00009FC
:10E8800007F001037F1053B1294632464046FFF797
:10E8900017FF214605464046FFF748FE67B130683E
:10E8A00038B9324631464046FFF70AFF3060C0F8BB
:10E8B000009006462C46E3E72846BDE8F88300BFF3
:10E8C000480F0108B10D0108D40E01082DE9F84FD9
:10E8D0000C464968236903EB6218A368074615468E
:10E8E0004FEA621A08F101094B450BDB3846FFF786
:10E8F000DFFD064648B90246294B2A484FF4EF711E
:10E90000FEF752FE01315B00EEE7002300F1140C2C
:10E9100000F110021946534535DB22692AEAEA7AEA
:10E920000CEB8A0C04F1140315F01F0E614603EB87
:10E9300082022CD0CEF1200A002518688B4600FAFE
:10E940000EF02843CBF8000053F8045B9A4201F123
:10E95000040125FA0AF5F0D8131B153B23F0030335
:10E9600004F115018A4238BF00239C44CCF80450BE
:10E9700005B9C1463846C6F810902146FFF7D6FDC6
:10E980003046BDE8F88F42F8041F0133C3E753F85F
:10E99000045B0D609A4201F10401F8D8E9E700BF79
:10E9A000C30E0108D40E01080A6903460069801AE3
:10E9B00030B50ED11433143103EB820401EB820124
:10E9C00054F8045D51F8042D954203D005D24FF060
:10E9D000FF3030BDA342F3D3FBE70120F9E700008D
:10E9E0002DE9F74F8A460646114650461446FFF772
:10E9F000DBFF051E12D129463046FFF759FD0246BE
:10EA000028B9414B40F237214048FEF7CDFD0123A4
:10EA1000C0E90435104603B0BDE8F08FBCBF5346D3
:10EA2000A2463046DAF80410BABF1C46012500257C
:10EA3000FFF73EFD024618B9334B40F24521E3E7AC
:10EA4000DAF810702669C5600AF1140904F1140E91
:10EA500000F114050AF1100309EB87080EEB860696
:10EA60000193AB464FF0000C019B5EF8040B53F88A
:10EA700004AF01931FFA8AF3194683B2CB1A000C34
:10EA80006344C0EB1A4000EB23409BB243EA0043CF
:10EA900076454BF8043B4FEA204CE5D8331B153B39
:10EAA000153423F00303A64238BF0023E8184B4473
:10EAB0001C1D04302646A5EB0905464506EB050E50
:10EAC0000ED308F10301091B21F00301013398451E
:10EAD00038BF0021014451F8043D9BB1176199E70B
:10EAE00056F8041BE2464FEA11491CFA81FC5144D6
:10EAF00009EB2C4989B241EA09414FEA294CCEF889
:10EB00000010DAE7013FE6E7C30E0108D40E010862
:10EB10002DE9F7430F46012159EC108B1646FFF7FC
:10EB2000C7FC044630B90246234B244840F20F315B
:10EB3000FEF73AFDC9F30A55C9F313030DB143F4C7
:10EB400080130193B8F1000323D068460093FFF7C8
:10EB500074FD0099D8B1019AC0F1200302FA03F3C1
:10EB60000B43C24063610192019BA361002B0CBF68
:10EB7000012202222261A5B1A5F2334505443D6080
:10EB8000C0F135003060204603B0BDE8F08361611C
:10EB9000EAE701A8FFF751FD019B636120300122E4
:10EBA000E8E704EB8203A0F2324038601869FFF70F
:10EBB00025FDC0EB4210E5E7C30E0108D40E0108A5
:10EBC0002DE9F0478E681F46BE4282460C469046AD
:10EBD000334653D8B1F90C0010F4906F2BD065690F
:10EBE0002368096905EB4505A3EB010905EBD5751C
:10EBF0007B1C6D104B44AB422A4684BF1D462A46FF
:10EC0000430527D511465046FFF7C6FB064658B3C5
:10EC100021694A46FEF7B9FCA38923F4906343F0C7
:10EC20008003A381266165614E44A5EB090526603A
:10EC3000A5603E463B461F4620683A46414600F0E6
:10EC4000D3F9A3689B1BA36023683B442360002087
:10EC5000BDE8F087504600F01EFA06460028E1D1D4
:10EC600021695046FFF724FB0C23CAF80030A38922
:10EC700043F04003A3814FF0FF30E9E73E46DBE776
:10EC80002DE9F0471F468B891B069CB006460D46B2
:10EC9000144610D50B6973B94021FFF77DFB28603E
:10ECA000286130B90C2333604FF0FF301CB0BDE851
:10ECB000F08740236B610023099320238DF82930CE
:10ECC00003973023654F8DF82A304FF00108234613
:10ECD000994613F8012B0AB1252AF9D1B9EB040A98
:10ECE0000BD05346224629463046FFF769FF0130D4
:10ECF00000F0A480099A5244099299F80030002B40
:10ED000000F09C8000234FF0FF32CDE9052309F18C
:10ED10000109049307938DF853301A934C464F48DA
:10ED200014F8011B0522F1F763FA049BD0B9D80649
:10ED300044BF20228DF85320190744BF2B228DF8A1
:10ED4000532099F800202A2A13D0079A4C46002015
:10ED50004FF00A0C214611F8013B303B092B49D9F1
:10ED600068B913E0C01B08FA00F018430490A146EC
:10ED7000D4E7039A111D12680391002A01DB079260
:10ED800004E0524243F002030792049323782E2BAF
:10ED90000AD163782A2B32D1039B1A1D1B68039278
:10EDA00043EAE37302340593DFF8C090217803222D
:10EDB0004846F1F71DFA38B1049BA0EB0900402248
:10EDC000824013430134049314F8011B24488DF846
:10EDD00028100622F1F70CFA002835D0214818BB7C
:10EDE000039B073323F0070308330393099B034472
:10EDF00009936CE70CFB02320C460120AAE70023C2
:10EE00000134059319464FF00A0C204610F8012BE7
:10EE1000303A092A03D9002BC6D00591C4E70CFB70
:10EE2000012104460123F0E703AB00932A460E4B71
:10EE300004A93046FDF7B6FD421CD7D1AB895B066D
:10EE40003FF532AF099831E703AB00932A46064BF2
:10EE500004A93046FEF73CF8EEE700BF2D0F01088D
:10EE6000370F0108A5C90008C1EB0008330F0108DE
:10EE7000B1F90C202DE9F041160705460C4651D496
:10EE80004B68002B02DC0B6C002B49DDE66A002E80
:10EE900046D0002312F480522F682B6031D0626D6F
:10EEA000A389590705D56368D21A636B0BB1236C2C
:10EEB000D21A0023E66A216A2846B047421CB4F9F8
:10EEC0000C3006D129681D2946D8294ACA40D607E0
:10EED00042D500226260D9042269226004D5421C16
:10EEE00001D12B6803B96065616B2F60C1B104F17A
:10EEF0004403994202D02846FFF7DAF900236363FE
:10EF00000EE0216A01232846B0470246501CC7D1B3
:10EF10002B68002BC4D01D2B01D0162B1AD12F60CB
:10EF200000201EE00F69002FFAD093070E6808BF7B
:10EF30004B690F6018BF0023A6EB07088B60B8F180
:10EF4000000FEDDD216AA66A43463A462846B047DF
:10EF5000002808DCB4F90C3043F04003A3814FF0E3
:10EF6000FF30BDE8F0810744A8EB0008E7E700BFE9
:10EF70000100402038B50B6905460C4613B9002541
:10EF8000284638BD18B1036A0BB9FEF755F9B4F934
:10EF90000C30002BF3D0626ED00704D4990502D454
:10EFA000A06DFEF7F0FA28462146FFF761FF636E79
:10EFB000DA070546E4D4A3899B05E1D4A06DFEF7EA
:10EFC000E3FADDE70EB403B5014603AB054853F899
:10EFD000042B0068019300F0C3F802B05DF804EB65
:10EFE00003B070472C000020884210B501EB0204EA
:10EFF00002D98442234607D8431EA14207D011F804
:10F00000012B03F8012FF8E70244824200D110BD22
:10F0100013F8011D02F8011DF7E7000038B5064D91
:10F020000023044608462B60F6F732F8431C02D151
:10F030002B6803B1236038BD4C4D002008B5062075
:10F0400000F05CFA0120F5F7ABFF70B5A1FB0254AC
:10F0500034B92946FFF7A0F9064628B9304670BDF5
:10F060000C2202600026F9E72A462146FEF794F9B1
:10F07000F4E782B001B901A942B14BB113780B603A
:10F080001278101E18BF012002B070471046FBE72F
:10F090006FF00100F8E72DE9F041074614460D46F0
:10F0A00021B9BDE8F0411146FFF776B92AB9FFF75B
:10F0B000FFF825462846BDE8F08100F03BFA84427F
:10F0C000064602D8B4EB500FF4D821463846FFF775
:10F0D00063F9804608B94546ECE7B4422246294622
:10F0E00028BF3246FEF751FA29463846FFF7E0F8C6
:10F0F000F1E70346084641B1FF2A04D98A221A6083
:10F100004FF0FF3070470A70012070479368013B51
:10F11000002B10B4936008DA9469A34201DB0A293A
:10F1200003D15DF8044B00F02FB91368581C106030
:10F13000197008465DF8044B7047F8B506460F464F
:10F140001446D518AC4201D1002007E014F8011B89
:10F150003A463046FFF7DAFF431CF3D1F8BD000012
:10F160002DE9F0470D469CB014461F46064618B1DF
:10F17000036A0BB9FEF760F86B6ED90705D4AB894B
:10F180009A0502D4A86DFEF7FEF9AB891B0701D5DD
:10F190002B699BB92946304600F034F970B16B6E8B
:10F1A000DC0704D54FF0FF301CB0BDE8F087AB8919
:10F1B0009805F7D4A86DFEF7E7F9F3E70023099364
:10F1C00020238DF82930039730236A4F8DF82A3099
:10F1D0004FF001082346994613F8012B0AB1252A5E
:10F1E000F9D1B9EB040A0BD05346224629463046E2
:10F1F000FFF7A3FF013000F0A480099A524409925E
:10F2000099F80030002B00F09C8000234FF0FF3273
:10F21000CDE9052309F10109049307938DF85330D3
:10F220001A934C46534814F8011B0522F0F7E0FFEF
:10F23000049BD0B9D90644BF20228DF853201A0769
:10F2400044BF2B228DF8532099F800202A2A13D08E
:10F25000079A4C4600204FF00A0C214611F8013B5A
:10F26000303B092B49D968B913E0C01B08FA00F0FC
:10F2700018430490A146D4E7039A111D1268039124
:10F28000002A01DB079204E0524243F00203079296
:10F29000049323782E2B0AD163782A2B32D1039B37
:10F2A0001A1D1B68039243EAE37302340593DFF8E7
:10F2B000D490217803224846F0F79AFF38B1049B96
:10F2C000A0EB09004022824013430134049314F858
:10F2D000011B29488DF828100622F0F789FF002825
:10F2E0003ED0264818BB039B073323F0070308339F
:10F2F0000393099B034409936CE70CFB02320C4611
:10F300000120AAE700230134059319464FF00A0CA7
:10F31000204610F8012B303A092A03D9002BC6D019
:10F320000591C4E70CFB012104460123F0E703AB80
:10F3300000932A46124B04A93046FDF733FB431CC9
:10F34000D7D16B6ED90705D4AB899A0502D4A86DC5
:10F35000FEF71AF9AB895B063FF524AF099823E75E
:10F3600003AB00932A46064B04A93046FDF7B0FDD7
:10F37000E5E700BF2D0F0108370F0108A5C90008F8
:10F380003BF10008330F0108F8B50E461446054658
:10F3900018B1036A0BB9FDF74FFFA369A360A389F6
:10F3A0001A0701D5236943B92146284600F02AF8F7
:10F3B00018B14FF0FF373846F8BD23682269981A14
:10F3C0006369F6B28342374605DC21462846FFF7DB
:10F3D000D1FD0028EDD1A368013BA36023685A1C2E
:10F3E00022601E706269431C9A4204D0A389DB0725
:10F3F000E1D50A2EDFD121462846FFF7BBFD0028C4
:10F40000D9D0D6E738B5284B054618680C4618B150
:10F41000036A0BB9FDF710FFB4F90C301A0721D4B9
:10F42000D80607D409222A6043F04003A3814FF095
:10F43000FF3030E0590712D5616B41B104F144034C
:10F44000994202D02846FEF733FF0023636300226F
:10F45000B4F90C3062602269226023F0240343F087
:10F460000803A38122693AB99A0501D5180603D584
:10F470002146284600F08AF8B4F90C3013F0010256
:10F480000AD00022A26062695242A261226942B996
:10F4900013F08000C8D138BD990758BF6269A260D7
:10F4A000F4E70020F7E700BF2C0000201F2938B543
:10F4B00005460C4604D9162303604FF0FF3038BDD3
:10F4C000C26B12B152F821304BB9284600F030F827
:10F4D000224601462846BDE8384000F017B8012B07
:10F4E0000AD0591C03D1162303600120E7E700214D
:10F4F00042F82410204698470020E0E7024B0146DE
:10F500001868FFF7D3BF00BF2C00002038B5074DA7
:10F5100000230446084611462B60F5F731FD431CD5
:10F5200002D12B6803B1236038BD00BF4C4D0020D1
:10F53000F5F71EBD51F8043C181F002BBCBF0B583B
:10F54000C018704770B50C46B1F90E10002996B07E
:10F5500015461E460ADAA18911F0800113D14FF435
:10F560008062002031602A6016B070BD6A4600F0EB
:10F5700047F80028EFDB019901F47041A1F5005331
:10F5800059425941EBE700214022EAE78B8973B5E4
:10F590009E0705460C4607D504F147032360236107
:10F5A0000123636102B070BD01AB6A46FFF7CAFF79
:10F5B000009E28463146FEF7EFFEB4F90C3038B90C
:10F5C0009A05EFD423F0030343F00203A381E3E79A
:10F5D00043F08003A381019B2060C4E90406002B53
:10F5E000E0D0B4F90E10284600F01CF80028D9D05D
:10F5F000A38923F0030343F00103A381D2E70000B2
:10F6000038B5074D00230446084611462B60F5F730
:10F6100017FD431C02D12B6803B1236038BD00BF26
:10F620004C4D002038B5064D0023044608462B609B
:10F63000F5F716FD431C02D12B6803B1236038BDDA
:10F640004C4D002008B52DED048BB0EE608AB0EE75
:10F65000409A00F05FF8B4EE488AF1EE10FAF0EE4E
:10F66000408A0BD6B5EE409AF1EE10FA17D1B5EEFE
:10F67000408AF1EE10FA06D1F7EE008AB0EE680A81
:10F68000BDEC048B08BDB0EE480A00F039F8002844
:10F69000F4D0B5EEC08AF1EE10FAEFD525E000F017
:10F6A0002FF888B1F5EE408AF1EE10FAE6D1B0EE0F
:10F6B000490A00F025F80028E0D0B0EE480A00F032
:10F6C0001FF80028DAD010E0B0EE490A00F018F870
:10F6D0000028E7D0B0EE480A00F012F80028E1D088
:10F6E000F4EE688AF1EE10FA04D6FDF721FF22232A
:10F6F0000360C3E7FDF71CFF21230360BEE700BFE3
:10F7000010EE103A23F00040B0F1FF4F2CBF002064
:10F71000012070472DE9F0432DED028B83B0CDED34
:10F72000010A8DED000ADDE9004535F0004610D1F3
:10F7300084F48004640014F5000F18D9DDED007A1C
:10F740009DED017A37EE870A03B0BDEC028BBDE870
:10F75000F08324F00047B7F1FF4F0FD9B4F17E5F7B
:10F76000ECD185F480056D0015F5000FE6D8B7EEF5
:10F77000000A03B0BDEC028BBDE8F083B6F1FF4F89
:10F78000ECD8002CB84616DBB6F1FF4F00F0F6803F
:10F79000B6F17E5F00F01D81B5F1804F00F04C8125
:10F7A000B5F17C5F40F0348103B0BDEC028BBDE865
:10F7B000F04300F0ABBBB6F1974F80F0E980B6F1B3
:10F7C0007E5F80F01581B5F1804F00F03581B5F195
:10F7D0007C5F00F0348200F0F9FAB7F1FF4F4FF090
:10F7E000000900F0E080002F00F01C81B7F17E5F7F
:10F7F00000F01881E20F013A59EA020300F021817A
:10F80000B6F19A4F40F24481914B9F4240F25882A8
:10F81000904B9F4200F26182F7EE007A30EE670A69
:10F820009FED8D6A9FED8D7ADFED8D5AF5EE007AB2
:10F83000A0EE676AF6EE006AE6EE406A60EE007AD5
:10F840009FED886A67EEA67A27EE677AA0EE257AA2
:10F85000F0EE476AE0EE066A16EE903A6FF30B039D
:10F8600006EE903AF0EE667AE0EE467A37EE677A88
:10F870006FF30B0507EE905A9DED016ADDED015A1D
:10F8800036EE676A27EE257A66EEA77AA6EE267A26
:10F8900009F1FF3959EA0209BFEE008A77EE276ABB
:10F8A000B7EE006A16EE903A18BFB0EE468A002B0B
:10F8B00023F0004240F3D381B2F1864F00F252822E
:10F8C00000F03682B2F17C5F00F21A82002210460C
:10F8D0006FF30E0306EE103ADFED636ADFED633A75
:10F8E0009FED634A9FED632ADFED634A9FED635A04
:10F8F000DFED635A76EE677AB0EE003A37EE677A5C
:10F9000066EE267ADFED5F6AE7EE267AB7EE000A4A
:10F91000B0EE677AA6EE237A67EE076AF0EE472A22
:10F92000E6EE632AB0EE446AA6EE826A77EEE27AE9
:10F93000E6EE264AB0EE456AA4EEA66AE7EE277A1E
:10F94000E6EE265AB0EE476AA5EEE66A67EE065A7C
:10F9500036EE436AC5EE866A76EEE77A77EEC77AC8
:10F9600030EE670A10EE103A1344B3F5000FC0F200
:10F97000B18100EE103A20EE080AE5E6B7F17E5FAD
:10F980003FF4F5AE2DD9002D28DB9DED010ADBE615
:10F99000B6F1FF4FF2D000F019FAB7F1FF4F4FF078
:10F9A00002097FF420AF002D06DAF7EE007A87EE29
:10F9B000800A002CBFF6C8AEA7F17E5757EA0907A8
:10F9C00000F02581B9F1010F7FF4BEAEB1EE400A1F
:10F9D000BAE6002D29DB9DED000AB5E69FED2A0A67
:10F9E000B2E6002DFADADDED017AB1EE670AABE698
:10F9F000F315C3F1960346FA03F202FA03F3B34296
:10FA000000F00A81B6F17E5FE3D0B5F1804F13D0EC
:10FA10009DED000A00F0DAF9B7F1FF4F4FF0000951
:10FA20007FF4E1AE002DC0DBC3E79DED007AF7EE79
:10FA3000007A87EE870A87E6DDED007A27EEA70ACF
:10FA400082E6DDED007A77EEE77A87EEA70A7BE6BD
:10FA5000F3FF7F3F0700803FABAAAA3E3BAAB83F17
:10FA600070A5EC3600AAB83F8CBEBF350072313F9E
:10FA70000EEADDB54CBB313355B38A38610B36BB6A
:10FA8000ABAA2A3E1872313F000000000000804BF4
:10FA900014F0FF4F40F012815FED047A60EE277A98
:10FAA0006FF0170117EE908AB6484FEAE853C8F393
:10FAB00016087F3B80450B4448F07E5140F3F680AA
:10FAC000B148804540F31381DFEDB04A0133F0EED9
:10FAD000643AA1F50001F7EE005A002006EE901AF4
:10FAE00076EEA57AB7EE007A87EE278A07EE903A8F
:10FAF000A74BDFEDA81A9FEDA80ADFEDA80A9FED3E
:10FB0000A81A9FEDA85A9FEDA82A03EA610343F0C3
:10FB1000005303F58003034436EEE56AB8EEE77A56
:10FB200007EE903A66EE082A77EEE55A12EE903A22
:10FB300036EEE54A62EEA26AF0EE605AA6EEA10A3F
:10FB40006FF30B03B0EE083AE0EE265ADFED971A9A
:10FB5000A5EEA61AF0EE455AE1EE265AB0EE435A4B
:10FB6000A5EEA62A66EEA65A06EE903AA6EEE76A3B
:10FB700072EEA67AA6EEC46AA6EEA65A26EE086A29
:10FB80009FED8B1A9FED8B4A67EE867AE5EE827ABF
:10FB900075EE275A15EE903A6FF30B0305EE903A87
:10FBA00035EEC35AA6EEE65A77EEC57A67EEA27A2C
:10FBB000E6EE257AB0EE676AA6EEA56A16EE103A72
:10FBC0006FF30B0306EE103AB0EE465AA6EEE55A76
:10FBD00077EEC57A67EEA17AE6EE017A77EEA37A40
:10FBE000F0EE676AE6EE046A76EEA46A76EE876A5D
:10FBF00016EE903A6FF30B0306EE903A36EEC77AA4
:10FC000037EE647AA6EE447A37EEC77A30E670EEC5
:10FC1000407A87EEA70A97E5B6F17E5F3FF4D9AE4A
:10FC2000B5F1804F3FF408AF02F00102C2F10209C2
:10FC300000F0CCF8B7F1FF4F7FF4D5ADB3E600F09C
:10FC4000C5F8B7F1FF4F3FF47FAD002F3FF47CAD17
:10FC5000B7F17E5F7FF4F5AE4FF00009ACE6564990
:10FC60008A4200F287807FF42DAE76EEE76AF4EEEA
:10FC7000C76AF1EE10FA7DDA03F500434F4AC3F389
:10FC8000C7517F39C3F316000A4140F40000C1F1A7
:10FC900017011A400841404206EE902A77EEE67AB4
:10FCA000C20577EE276A16EE903A11E6DFED374A85
:10FCB000F7EE005AF0EE643A00200FE70021F3E679
:10FCC000002D0CDB002003B0BDEC028BBDE8F0433F
:10FCD00000F010B900F082F84DE6002DF2DD0020B2
:10FCE00003B0BDEC028BBDE8F04300F009B9DFEDD5
:10FCF000344ADFED343AF7EE085A4FF40010EDE6DF
:10FD0000D2157E3A4FF40001114119442B4AC1F338
:10FD1000C7547F3CC1F31600224140F40000C4F1F7
:10FD20001704002B40FA04F002EA0102B4DAB2E749
:10FD30009FED256A76EEE76A37EE066AB4EEE66A6C
:10FD4000F1EE10FA0EDC03F500431C4AD9157F3999
:10FD5000C3F316000A4140F40000C1F117011A4034
:10FD6000084199E7B5EEC08AF1EE10FA4CBF0120C8
:10FD70000020B5E7B5EEC08AF1EE10FA4CBF0120C5
:10FD80000020A0E771C41C00D6B35D000000000095
:10FD900000F0FFDF42F1533E55326C3E05A38B3E2F
:10FDA000ABAAAA3EB76DDB3E9A99193F4F38763F12
:10FDB000C623F6B80040763F00001643000080FFDF
:10FDC00000C0153FDCCFD1353CAA383310EE103AD5
:10FDD00023F0004300EE103A704700BF10EE103AD7
:10FDE00033F000411A4625D0B1F1FF4F1FD213F076
:10FDF000FF4F20D1DFED297A294A60EE277A904221
:10FE000017EE903A31DB4CF2503CC3F3C7516045DA
:10FE10001A46A1F1190114DD002BDFED227A9FEDC6
:10FE2000210AB8BFDFED207A27EE800A704730EE56
:10FE3000000A704770474CF2503C60454FEAD15180
:10FE4000EADC0144FE29E7DC002915DC11F1160F7C
:10FE500019DB193122F0FF4242EAC15207EE902A23
:10FE60009FED120A27EE800A7047DFED117A07EE48
:10FE7000103A27EE270A704722F0FF4242EAC153A8
:10FE800000EE103A7047002BDFED097A9FED080A6B
:10FE9000B8BFDFED087A27EE800A70470000004CFB
:10FEA000B03CFFFFCAF24971CAF249F100000033C9
:10FEB0006042A20D6042A28D10B52DED028BB0EE16
:10FEC000408A0446FDF734FBB0EE480ABDEC028BD5
:10FED000046010BD30B1F1EE407A27EE800A222096
:10FEE000FFF7EABFF0EE407A27EE800A2220FFF704
:10FEF000E3BF00BF9FED010AFFF7ECBF0000001059
:10FF00009FED010AFFF7E6BF00000070B1EEC00AE6
:10FF1000704700BFF8B500BFF8BC08BC9E467047EC
:0CFF2000F8B500BFF8BC08BC9E46704756
:10FF30004E4F4E4500000000464F5257415244007C
:10FF4000524556455253450053544F50000000004F
:10FF50004152435F52494748540000004152435FB9
:10FF60004C454654000000004152435F525200008D
:10FF70004152435F524C00003F0000002009000046
:10FF8000727374006669720066696C006669726FEC
:10FF90000000000066696C6F0000000073720000D2
:10FFA000736C00004552523A51554555450D0A00B3
:10FFB0004657445F434D00005245565F434D000095
:10FFC0004152435F465200004152435F464C00009D
:10FFD000534C4944455F5200534C4944455F4C00E3
:10FFE0004649520046494C004649524F0000000025
:10FFF00046494C4F0000000046550000465800009E
:020000040801F1
:100000004C45445F5461736B000000000000010820
:10001000AD2D00080000000000000000800000007E
:1000200000000000000000004F4C45445F54617325
:100030006B00000028000108D52D0008FDFF00001E
:1000400000000000000100000000000000000000AF
:100050004D6F746F725F5461736B00005000010844
:10006000E12F000801000000000000000004000073
:100070000000000000000000456E636F6465725F61
:100080005461736B000000007800010869440008A7
:10009000FFFF000000000000000100000000000061
:1000A000000000004779726F5F5461736B000000BD
:1000B000A4000108794500080000000000000000CD
:1000C000000100000000000000000000556C747288
:1000D00061736F756E645F5461736B00CC000108CF
:1000E000DD460008FFFF00000000000000010000E6
:1000F000000000000000000049525F5461736B0073
:10010000F800010821470008FDFF00000000000082
:100110008000000000000000000000005961773AF4
:1001200020252D31316400005467743A20252D318B
:1001300031640000413A25356420423A2535640097
:10014000434D443A20252D3131730000555320444E
:100150006973743A2025336420636D2020202000C9
:100160004C3A2534756D56205B25645D20202000B7
:10017000523A2534756D56205B25645D20202000A1
:100180004C3A2564636D20523A2564636D2020202B
:10019000000000007573302E302C25640A0000002A
:1001A0007573252E31662C25640A00006972252E90
:1001B00031660A005253540D0A00000025642C25B4
:1001C000640A0000434D442C256C752C256C752C5D
:1001D00025733A25640D0A00454E432C256C752C79
:1001E000256C752C25642C25640D0A0049444C456A
:1001F000000000004F4B0A0000000000000000005B
:1002000001020304060708090000000001020304BC
:1002100000000000000000000000000000000000DE
:100220003F400000000000000000300040003000AF
:100230004000000009000BC03D000BC03D0009005C
:1002400018C024407FE0224031800000180024C004
:100250001B000D803240018003801C4027401C8021
:100260000740004010006000000000000000000097
:100270000000000000001F802040402000004020BF
:1002800020401F8000000000090006001F800600BB
:1002900009000000040004003F8004000400000086
:1002A00000100060000000000000000004000400D6
:1002B00004000400040000000000004000000000F2
:1002C00000000000002001C00600380040000000CF
:1002D0001F802040204020401F8000000000104070
:1002E0003FC000400000000018C0214022402440D0
:1002F0001840000010802040244024401B80000053
:1003000002000D0011003FC0014000003C8024406D
:1003100024402440238000001F8024402440344097
:10032000038000003000200027C0380020000000BB
:100330001B802440244024401B8000001C0022C05D
:10034000224022401F800000000000000840000002
:100350000000000000000000046000000000000039
:10036000000004000A00110020804040090009003C
:100370000900090009000000000040402080110031
:100380000A00040018002000234024001800000088
:100390001F802040274029401F400000004007C028
:1003A00039000F0001C0004020403FC024402440DD
:1003B0001B8000001F802040204020403080000033
:1003C00020403FC0204020401F80000020403FC010
:1003D00024402E4030C0000020403FC024402E006A
:1003E000300000000F0010802040224033800200C7
:1003F00020403FC0040004003FC020402040204077
:100400003FC02040204000000060202020203FC04E
:100410002000200020403FC024400B0030C020407E
:1004200020403FC020400040004000C03FC03C0092
:1004300003C03C003FC0000020403FC00C402300F0
:100440003FC020001F802040204020401F8000002F
:1004500020403FC024402400180000001F8021409D
:10046000214020E01FA0000020403FC02440260083
:1004700019C0004018C024402440224031800000B0
:10048000300020403FC020403000000020003F806E
:10049000004000403F80200020003E0001C00700D7
:1004A00038002000380007C03C0007C038000000BA
:1004B000204039C0060039C02040000020003840EC
:1004C00007C0384020000000304021C0264038409E
:1004D00020C00000000000007FE04020402000001D
:1004E000000070000C00038000400000000040206D
:1004F00040207FE0000000000000200040002000BD
:10050000000000000010001000100010001000108B
:100510000000000040000000000000000000028019
:100520000540054003C0004020003FC00440044097
:1005300003800000000003800440044006400000E7
:1005400000000380044024403FC0004000000380BE
:100550000540054003400000000004401FC0244047
:1005600024402000000002E0055005500650042001
:1005700020403FC00440040003C00040000004408D
:1005800027C000400000000000100010041027E009
:100590000000000020403FC00140070004C00440AC
:1005A000204020403FC000400040000007C0040041
:1005B00007C0040003C00000044007C0044004005A
:1005C00003C000400000038004400440038000009A
:1005D000041007F004500440038000000000038072
:1005E0000440045007F00010044007C0024004001B
:1005F00004000000000006400540054004C0000063
:10060000000004001F800440004000000400078038
:100610000040044007C000400400070004C00180FF
:1006200006000400060001C0070001C0060000002B
:10063000044006C0010006C004400000041007107A
:1006400004E00180060004000000044005C00640EC
:10065000044000000000000004007BE04020000097
:10066000000000000000FFF000000000000040203B
:100670007BE00400000000004000800040002000FB
:10068000200040000000000000000000000000000A
:10069000000000000000000000001FCC000C000063
:1006A000000000000000080030006000080030007A
:1006B00060000000022003FC1E20022003FC1E201C
:1006C0000220000000000E1811043FFF10840C7877
:1006D000000000000F0010840F3800C00778188455
:1006E0000078000000780F8410C411240E9800E4F4
:1006F000008400080800680070000000000000008E
:100700000000000000000000000007E018182004AE
:1007100040020000000040022004181807E000001A
:10072000000000000240024001800FF00180024002
:10073000024000000080008000800FF800800080F0
:10074000008000000001000D000E0000000000000D
:100750000000000000000080008000800080008019
:10076000008000800000000C000C00000000000071
:100770000000000000000006001800600180060074
:1007800018002000000007F00808100410040808F2
:1007900007F000000000080408041FFC0004000427
:1007A0000000000000000E0C1014102410441184EE
:1007B0000E0C000000000C18100411041104128823
:1007C0000C700000000000E00320042408241FFC3B
:1007D0000024000000001F981084110411041088E8
:1007E00010700000000007F0088811041104188838
:1007F0000070000000001C00100010FC13001C0022
:100800001000000000000E381144108410841144C0
:100810000E38000000000700088C104410440888BF
:1008200007F00000000000000000030C030C0000B3
:1008300000000000000000000001010600000000B0
:1008400000000000000000800140022004100808A1
:1008500010040000022002200220022002200220B8
:1008600002200000000010040808041002200140CB
:100870000080000000000E001200100C106C1080B0
:100880000F00000003E00C1813E4142417C4082818
:1008900007D000000004003C03C41C40074000E4F3
:1008A000001C000410041FFC1104110411040E8824
:1008B0000070000003E00C1810041004100410086D
:1008C0001C10000010041FFC100410041004080881
:1008D00007F0000010041FFC1104110417C41004D9
:1008E0000818000010041FFC1104110017C01000AC
:1008F0000800000003E00C181004100410441C78D9
:100900000040000010041FFC108400800080108450
:100910001FFC10040000100410041FFC100410043D
:100920000000000000030001100110011FFE100074
:100930001000000010041FFC110403801464181C34
:100940001004000010041FFC100400040004000444
:10095000000C000010041FFC1F0000FC1F001FFC07
:100960001004000010041FFC0C04030000E0101829
:100970001FFC100007F008081004100410040808F9
:1009800007F0000010041FFC1084108010801080FD
:100990000F00000007F0081810241024101C080A8B
:1009A00007F2000010041FFC1104110011C01130E7
:1009B0000E0C000400000E1C11041084108410445E
:1009C0001C3800001800100010041FFC1004100058
:1009D0001800000010001FF81004000400041004A8
:1009E0001FF8100010001E0011E0001C00701380A2
:1009F0001C0010001FC0103C00E01F0000E0103C75
:100A00001FC000001004180C163401C001C01634B9
:100A1000180C100410001C00130400FC13041C002C
:100A2000100000000804101C1064108413041C043F
:100A3000101800000000000000007FFE400240028D
:100A400040020000000030000C0003800060001C29
:100A50000003000000004002400240027FFE000050
:100A600000000000000000002000400040004000A6
:100A70002000000000010001000100010001000150
:100A800000010001000040004000200000000000C4
:100A900000000000000000980124014401440144CA
:100AA00000FC000410001FFC008801040104008801
:100AB00000700000000000700088010401040104BF
:100AC0000088000000000070008801040104110883
:100AD0001FFC0004000000F80144014401440144EB
:100AE00000C800000000010401040FFC11041104FF
:100AF00011001800000000D601290129012901C9AF
:100B00000106000010041FFC008401000100010424
:100B100000FC000400000104190419FC0004000496
:100B2000000000000000000300010101190119FE8E
:100B30000000000010041FFC0024004001B4010C60
:100B4000010400000000100410041FFC0004000455
:100B500000000000010401FC0104010001FC01048B
:100B6000010000FC010401FC0084010001000104FB
:100B700000FC0004000000F8010401040104010469
:100B800000F80000010101FF008501040104008854
:100B900000700000000000700088010401040105DD
:100BA00001FF00010104010401FC008401040100B3
:100BB00001800000000000CC012401240124012454
:100BC0000198000000000100010007F80104010481
:100BD00000000000010001F8000400040004010806
:100BE00001FC0004010001800170000C0010016094
:100BF0000180010001F0010C003001C00030010C47
:100C000001F0010000000104018C00740170018CEE
:100C100001040000010101810171000E0018016052
:100C20000180010000000184010C013401440184B1
:100C3000010C0000000000000000000001003EFC6C
:100C4000400240020000000000000000FFFF000022
:100C5000000000000000400240023EFC01000000D5
:100C600000000000000060008000800040004000A4
:100C7000200020000006101600061016002020207C
:100C8000202020202020282828282820202020203C
:100C9000202020202020202020202020208810100C
:100CA0001010101010101010101010101004040468
:100CB0000404040404040410101010101010414126
:100CC0004141414101010101010101010101010114
:100CD0000101010101010101101010101010424228
:100CE00042424242020202020202020202020202E4
:100CF0000202020202020202101010102000000084
:100D000000000000000000000000000000000000E3
:100D100000000000000000000000000000000000D3
:100D200000000000000000000000000000000000C3
:100D300000000000000000000000000000000000B3
:100D400000000000000000000000000000000000A3
:100D50000000000000000000000000000000000093
:100D60000000000000000000000000000000000083
:100D700000000000000000000000000000494E4696
:100D800000696E66004E414E006E616E00300030AC
:100D900031323334353637383941424344454600E1
:100DA00030313233343536373839616263646566E1
:100DB000005245454E54206D616C6C6F6320737515
:100DC00063636565646564002F6275696C642F6791
:100DD0006E752D746F6F6C732D666F722D73746DDD
:100DE00033325F31342E332E72656C312E32303215
:100DF00035313032372D303730302F7372632F6EEC
:100E000065776C69622F6E65776C69622F6C6962B9
:100E1000632F737472696E672F737472746F6B2EA5
:100E200063002C2066756E6374696F6E3A200061F2
:100E30007373657274696F6E202225732220666158
:100E4000696C65643A2066696C6520222573222CE2
:100E5000206C696E65202564257325730A00496E30
:100E600066696E697479004E614E002F6275696C17
:100E7000642F676E752D746F6F6C732D666F722D96
:100E800073746D33325F31342E332E72656C312EB4
:100E900032303235313032372D303730302F7372B7
:100EA000632F6E65776C69622F6E65776C69622F50
:100EB0006C6962632F7374646C69622F64746F6110
:100EC0002E630042616C6C6F6320737563636565AC
:100ED000646564002F6275696C642F676E752D748C
:100EE0006F6F6C732D666F722D73746D33325F315B
:100EF000342E332E72656C312E3230323531303231
:100F0000372D303730302F7372632F6E65776C69F1
:100F1000622F6E65776C69622F6C6962632F7374E0
:100F2000646C69622F6D707265632E6300232D30CF
:100F30002B2000686C4C00656667454647004300FF
:100F4000504F534958002E000500000019000000C2
:100F50007D000000000000000080E03779C34143BD
:100F6000176E05B5B5B89346F5F93FE9034F384D0F
:100F7000321D30F94877825A3CBF737FDD4F1575BB
:100F8000000000000000F03F0000000000002440CE
:100F900000000000000059400000000000408F40A9
:100FA000000000000088C34000000000006AF84014
:100FB0000000000080842E4100000000D012634138
:100FC0000000000084D797410000000065CDCD41AE
:100FD000000000205FA00242000000E8764837428F
:100FE000000000A2941A6D42000040E59C30A2422D
:100FF0000000901EC4BCD64200003426F56B0C43A2
:101000000080E03779C3414300A0D8855734764348
:1010100000C84E676DC1AB43003D9160E458E143A9
:10102000408CB5781DAF154450EFE2D6E41A4B441E
:1010300092D54D06CFF08044F64AE1C7022DB54463
:08104000B49DD9794378EA441C
:0810480088F1FE7F01000000A9
:04105000B5010008DE
:0410540091010008FE
:10105800000000000080564068001A0001010000EE
:101068000024F4001000000001000000AAAAAAAAA7
:101078000000000003000000104C00203000002099
:1010880000000000104C0020784C0020E04C0020AC
:101098000000000000000000000000000000000048
:1010A8000000000000000000000000000000000038
:1010B8000000000000000000000000000000000028
:1010C80000000000000000000000000043000000D5
:1010D8000000000000000000000000000000000008
:1010E80000000000000000000000000043000000B5
:1010F80000000000000000000000000000000000E8
:101108000000000000000000000000004300000094
:1011180000000000000000000000000000000000C7
:101128000000000000000000000000004300000074
:1011380000000000000000000000000000000000A7
:101148000000000000000000000000004300000054
:101158000000000000000000000000000000000087
:101168000000000000000000000000004300000034
:101178000000000000000000000000000000000067
:101188000000000000000000000000004300000014
:101198000000000000000000000000000000000047
:1011A800000000000000000000000000F3F000084C
:1011B80073F00008000000007C0C0108460F0108CD
:1011C8005D0E01085D0E01085D0E01085D0E010847
:1011D8005D0E01085D0E01085D0E01085D0E010837
:1011E8005D0E0108FFFFFFFFFFFFFFFFFFFFFFFF8F
:1011F800FFFF00000100415343494900000000007F
:1012080000000000000000000000000000000000D6
:10121800000000000000415343494900000000005D
:1012280000000000000000000000000000000000B6
:081238000000000000000000AE
:040000050800534D4F
:00000001FF
